{
  "artist": "21 Savage",
  "track_count": 19,
  "centroid_vector": [
    0.05382467061281204,
    0.052988987416028976,
    0.0476992093026638,
    0.050768282264471054,
    0.05095755681395531,
    0.04950259253382683,
    0.05066531524062157,
    0.05518823489546776,
    0.05189194902777672,
    0.05115571245551109,
    0.048530127853155136,
    0.054739195853471756,
    0.049661602824926376,
    0.045541200786828995,
    0.05484340712428093,
    0.05092821642756462,
    0.04906256124377251,
    0.04986680671572685,
    0.05284130200743675,
    0.05251404643058777,
    0.053079016506671906,
    0.05551442503929138,
    0.05868824943900108,
    0.053909797221422195,
    0.05125866457819939,
    0.05686477944254875,
    0.055252473801374435,
    0.052264757454395294,
    0.05921316146850586,
    0.05280737951397896,
    0.059582095593214035,
    0.06700331717729568,
    0.05962427332997322,
    0.058291591703891754,
    0.05482262000441551,
    0.058022674173116684,
    0.05889091640710831,
    0.06098137050867081,
    0.053457677364349365,
    0.05559689551591873,
    0.051895786076784134,
    0.0491766594350338,
    0.049628790467977524,
    0.057378869503736496,
    0.06273404508829117,
    0.05205099657177925,
    0.049775224179029465,
    0.05208075791597366,
    0.050286050885915756,
    0.05467912182211876,
    0.05167992785573006,
    0.05111110955476761,
    4.802367687225342,
    3.1325266361236572,
    1.00395667552948,
    0.10375452041625977,
    -8.315142631530762,
    5.766280174255371,
    0.9510546326637268,
    1.1738364696502686,
    0.8580731749534607,
    0.5019828081130981,
    0.11538409441709518,
    0.678764283657074,
    -0.2044212520122528,
    0.5449793934822083,
    0.0931856781244278,
    0.32857608795166016,
    0.24852633476257324,
    0.28872567415237427,
    0.06877516210079193,
    0.348405122756958,
    -0.05814601108431816,
    0.21282032132148743,
    0.07914410531520844,
    0.1832415759563446,
    1.318821668624878,
    2.534210443496704,
    2.0248332023620605,
    0.0,
    0.0,
    0.0,
    0.0
  ],
  "spread_vector": [
    0.0012885922333225608,
    0.0018458999693393707,
    0.0014909476740285754,
    0.001655751490034163,
    0.0014823725214228034,
    0.0009455528925172985,
    0.0018121907487511635,
    0.0017232423415407538,
    0.0013863557251170278,
    0.0010884300572797656,
    0.0011520114494487643,
    0.0031184672843664885,
    0.001308694132603705,
    0.001215931260958314,
    0.002106935018673539,
    0.0016598347574472427,
    0.0023869515862315893,
    0.0020938876550644636,
    0.002044804161414504,
    0.0024271938018500805,
    0.0016182393301278353,
    0.0015400314005091786,
    0.0013952100416645408,
    0.0016859850147739053,
    0.0014938762178644538,
    0.0015747984871268272,
    0.0017536368686705828,
    0.001212643925100565,
    0.0023166495375335217,
    0.003205385524779558,
    0.001417124061845243,
    0.002662656595930457,
    0.0020213190000504255,
    0.001433679717592895,
    0.0026096811052411795,
    0.001139804138801992,
    0.0017015343764796853,
    0.0034102362114936113,
    0.002107134787365794,
    0.0016628062585368752,
    0.0016278077382594347,
    0.003169815754517913,
    0.0022002223413437605,
    0.0017607344780117273,
    0.001982284476980567,
    0.0023619518615305424,
    0.0010369762312620878,
    0.0024518605787307024,
    0.0023232882376760244,
    0.0017511427868157625,
    0.0028965824749320745,
    0.0015780049143359065,
    1.2351607084274292,
    0.48191773891448975,
    0.21063420176506042,
    0.09030593931674957,
    2.506392478942871,
    0.9781392216682434,
    0.44757169485092163,
    0.30913543701171875,
    0.33209577202796936,
    0.3855375647544861,
    0.267106831073761,
    0.28776055574417114,
    0.22221004962921143,
    0.2491573691368103,
    0.17596349120140076,
    0.2390139251947403,
    0.19412130117416382,
    0.1661365032196045,
    0.1651640087366104,
    0.20125091075897217,
    0.1471107304096222,
    0.1638231724500656,
    0.12610331177711487,
    0.13050514459609985,
    0.334116667509079,
    0.42910081148147583,
    0.4205821752548218,
    0.0,
    0.0,
    0.0,
    0.0
  ],
  "vector_dim": 83,
  "tempo": {
    "bpm_mean": 136.0,
    "bpm_std": 24.7,
    "bpm_min": 80.7,
    "bpm_max": 161.5,
    "bpm_median": 143.6
  },
  "key": {
    "top_key": "D# major",
    "distribution": {
      "D# major": 0.211,
      "C# major": 0.158,
      "G# minor": 0.105,
      "C major": 0.053,
      "A major": 0.053,
      "C# minor": 0.053,
      "D minor": 0.053,
      "A minor": 0.053,
      "A# minor": 0.053,
      "F# major": 0.053,
      "F major": 0.053,
      "D# minor": 0.053,
      "F# minor": 0.053
    }
  },
  "signature_tags": [
    {
      "tag": "lo-fi hip hop with warm textures",
      "avg_score": 0.6758,
      "frequency": 1.0
    },
    {
      "tag": "minimalist sparse production",
      "avg_score": 0.6346,
      "frequency": 1.0
    },
    {
      "tag": "soul sample with vinyl warmth",
      "avg_score": 0.6266,
      "frequency": 1.0
    },
    {
      "tag": "R&B smooth instrumental",
      "avg_score": 0.6078,
      "frequency": 1.0
    },
    {
      "tag": "trap beat with rolling hi-hats",
      "avg_score": 0.607,
      "frequency": 0.79
    }
  ],
  "tag_averages": {
    "minimalist sparse production": 0.6346,
    "synth pad atmosphere": 0.6157,
    "uplifting and triumphant feel": 0.5843,
    "soul sample with vinyl warmth": 0.6266,
    "lo-fi hip hop with warm textures": 0.6758,
    "orchestral strings": 0.5897,
    "pluggnb melodic beat": 0.5947,
    "clean and polished mix": 0.6023,
    "R&B smooth instrumental": 0.6078,
    "layered and dense arrangement": 0.5966,
    "ethereal and dreamy atmosphere": 0.604,
    "lo-fi dusty texture": 0.5876,
    "mysterious and suspenseful mood": 0.5912,
    "plucked harp or kalimba": 0.5834,
    "drill beat with sliding 808s": 0.5989,
    "trap beat with rolling hi-hats": 0.607,
    "afrobeat rhythmic percussion": 0.5908,
    "triplet hi-hat flow": 0.5812,
    "hype and energetic mood": 0.5924,
    "choir and vocal chops": 0.5776,
    "rage beat with distorted synths": 0.5842,
    "mid-tempo groove": 0.5688,
    "jersey club with fast kicks": 0.5683,
    "chill and relaxed vibes": 0.5733,
    "piano melody": 0.6584,
    "synthesizer lead melody": 0.6528,
    "acoustic guitar": 0.6403,
    "flute melody": 0.6389,
    "melodic and emotional feel": 0.6185,
    "slow tempo beat": 0.5819,
    "dark and ominous mood": 0.5874,
    "808 bass with heavy sub frequencies": 0.5566,
    "boom bap with chopped samples": 0.5756,
    "acoustic drum kit": 0.5641
  },
  "spectral": {
    "centroid_mean": 2007.9,
    "centroid_std": 421.3,
    "flatness_mean": 0.025939
  },
  "energy": {
    "rms_mean": 0.263764,
    "rms_std": 0.066823
  },
  "rhythm": {
    "onset_density_mean": 4.22,
    "onset_density_std": 0.72
  },
  "stems": null,
  "created_at": "2026-03-25T23:50:18Z",
  "meta": {
    "processing_time_sec": 104.6,
    "tracks_profiled": 19,
    "tracks_attempted": 19
  }
}