{
  "artist": "42 Dugg",
  "track_count": 10,
  "centroid_vector": [
    0.05354955792427063,
    0.051641739904880524,
    0.04742349311709404,
    0.04965757951140404,
    0.05120322108268738,
    0.049853939563035965,
    0.05027814581990242,
    0.05362507700920105,
    0.05174115300178528,
    0.050441063940525055,
    0.04830039665102959,
    0.05521882697939873,
    0.049373265355825424,
    0.04535916820168495,
    0.05462336167693138,
    0.05119525268673897,
    0.04814564809203148,
    0.0499371699988842,
    0.05178772285580635,
    0.0530572347342968,
    0.05208568647503853,
    0.05392974242568016,
    0.05812311917543411,
    0.05224781110882759,
    0.0498199425637722,
    0.056572116911411285,
    0.05430576205253601,
    0.05220688506960869,
    0.058422185480594635,
    0.05258765444159508,
    0.0587749145925045,
    0.06486910581588745,
    0.057537537068128586,
    0.05738389119505882,
    0.05472454056143761,
    0.057696279138326645,
    0.05753017216920853,
    0.05995693802833557,
    0.052008070051670074,
    0.054664742201566696,
    0.051060985773801804,
    0.04801541194319725,
    0.048639144748449326,
    0.05556141212582588,
    0.059488147497177124,
    0.052067555487155914,
    0.05029333382844925,
    0.05139968916773796,
    0.049154918640851974,
    0.053206879645586014,
    0.0515737347304821,
    0.050477948039770126,
    3.9690003395080566,
    3.4103002548217773,
    1.2712234258651733,
    0.1043763980269432,
    -5.2172088623046875,
    4.910592079162598,
    0.6579444408416748,
    0.7568537592887878,
    0.4225199818611145,
    0.5911451578140259,
    -0.0753210037946701,
    0.5090591907501221,
    0.005459390580654144,
    0.3904668092727661,
    0.04397580027580261,
    0.35043299198150635,
    0.12666180729866028,
    0.23986861109733582,
    0.12225238978862762,
    0.3104519844055176,
    -0.015646804124116898,
    0.3084738254547119,
    0.009826799854636192,
    0.23452381789684296,
    1.4661424160003662,
    2.307000160217285,
    1.684985637664795,
    0.0,
    0.0,
    0.0,
    0.0
  ],
  "spread_vector": [
    0.001371250138618052,
    0.0022695434745401144,
    0.0019604580011218786,
    0.001194965559989214,
    0.0020901996176689863,
    0.0012866139877587557,
    0.001712299301289022,
    0.002792876912280917,
    0.0030702229123562574,
    0.002196759916841984,
    0.0018110815435647964,
    0.002920130966231227,
    0.0016517769545316696,
    0.001510084024630487,
    0.0017540203407406807,
    0.0009442201117053628,
    0.002165827201679349,
    0.0015678917989134789,
    0.002401211066171527,
    0.002201835857704282,
    0.0023607537150382996,
    0.0016765183536335826,
    0.0018857019022107124,
    0.0026758674066513777,
    0.0017847769195213914,
    0.0018681780202314258,
    0.0023759908508509398,
    0.0013993725879117846,
    0.002349450485780835,
    0.0016578618669882417,
    0.0014271739637479186,
    0.0022884851787239313,
    0.00198795716278255,
    0.0022921101190149784,
    0.002017299411818385,
    0.0016471149865537882,
    0.0021484235767275095,
    0.003280499717220664,
    0.0016975377220660448,
    0.0017441356321796775,
    0.0014840977964922786,
    0.002317136852070689,
    0.002062958898022771,
    0.00226481631398201,
    0.0013582900865003467,
    0.003289985004812479,
    0.001146248308941722,
    0.0023428350687026978,
    0.002115776529535651,
    0.0020550384651869535,
    0.002085450803861022,
    0.0020971165504306555,
    1.081426739692688,
    0.741952121257782,
    0.23868019878864288,
    0.057521842420101166,
    1.724696159362793,
    1.1642961502075195,
    0.46098363399505615,
    0.25551167130470276,
    0.37938350439071655,
    0.3478795289993286,
    0.2930268943309784,
    0.29919886589050293,
    0.28632020950317383,
    0.26577895879745483,
    0.1982731819152832,
    0.17573577165603638,
    0.18040020763874054,
    0.1811552494764328,
    0.06663855910301208,
    0.15222525596618652,
    0.0947268009185791,
    0.08454777300357819,
    0.07045453786849976,
    0.1625794768333435,
    0.28968966007232666,
    0.2980043590068817,
    0.47564512491226196,
    0.0,
    0.0,
    0.0,
    0.0
  ],
  "vector_dim": 83,
  "tempo": {
    "bpm_mean": 119.4,
    "bpm_std": 21.6,
    "bpm_min": 89.1,
    "bpm_max": 152.0,
    "bpm_median": 123.0
  },
  "key": {
    "top_key": "C# minor",
    "distribution": {
      "C# minor": 0.2,
      "D# minor": 0.2,
      "F minor": 0.2,
      "D minor": 0.1,
      "G minor": 0.1,
      "C major": 0.1,
      "F major": 0.1
    }
  },
  "signature_tags": [
    {
      "tag": "lo-fi hip hop with warm textures",
      "avg_score": 0.6658,
      "frequency": 1.0
    },
    {
      "tag": "minimalist sparse production",
      "avg_score": 0.6214,
      "frequency": 1.0
    },
    {
      "tag": "soul sample with vinyl warmth",
      "avg_score": 0.6128,
      "frequency": 1.0
    },
    {
      "tag": "drill beat with sliding 808s",
      "avg_score": 0.6075,
      "frequency": 0.9
    },
    {
      "tag": "trap beat with rolling hi-hats",
      "avg_score": 0.6053,
      "frequency": 0.9
    }
  ],
  "tag_averages": {
    "lo-fi hip hop with warm textures": 0.6658,
    "minimalist sparse production": 0.6214,
    "drill beat with sliding 808s": 0.6075,
    "rage beat with distorted synths": 0.5949,
    "trap beat with rolling hi-hats": 0.6053,
    "afrobeat rhythmic percussion": 0.5965,
    "pluggnb melodic beat": 0.5968,
    "soul sample with vinyl warmth": 0.6128,
    "triplet hi-hat flow": 0.5826,
    "hype and energetic mood": 0.5986,
    "R&B smooth instrumental": 0.5882,
    "mid-tempo groove": 0.5727,
    "uplifting and triumphant feel": 0.5842,
    "acoustic drum kit": 0.5617,
    "mysterious and suspenseful mood": 0.5742,
    "choir and vocal chops": 0.5843,
    "synth pad atmosphere": 0.5715,
    "layered and dense arrangement": 0.6013,
    "ethereal and dreamy atmosphere": 0.5988,
    "orchestral strings": 0.5912,
    "slow tempo beat": 0.5766,
    "jersey club with fast kicks": 0.5753,
    "boom bap with chopped samples": 0.5595
  },
  "spectral": {
    "centroid_mean": 2542.4,
    "centroid_std": 477.4,
    "flatness_mean": 0.026094
  },
  "energy": {
    "rms_mean": 0.293229,
    "rms_std": 0.057938
  },
  "rhythm": {
    "onset_density_mean": 3.85,
    "onset_density_std": 0.5
  },
  "stems": null,
  "created_at": "2026-03-26T01:03:39Z",
  "meta": {
    "processing_time_sec": 38.8,
    "tracks_profiled": 10,
    "tracks_attempted": 10
  }
}