{
  "artist": "A$AP Rocky",
  "track_count": 8,
  "centroid_vector": [
    0.053585734218358994,
    0.05281725153326988,
    0.04880262538790703,
    0.048930663615465164,
    0.04962029680609703,
    0.048993516713380814,
    0.04941640421748161,
    0.05462462827563286,
    0.0512467697262764,
    0.049907129257917404,
    0.04799364134669304,
    0.05472751334309578,
    0.049915071576833725,
    0.04375993832945824,
    0.05430459976196289,
    0.05100132152438164,
    0.05026182159781456,
    0.05026775598526001,
    0.05200018361210823,
    0.0533016100525856,
    0.051646310836076736,
    0.05306972935795784,
    0.05785175785422325,
    0.053173162043094635,
    0.04965878650546074,
    0.05588467791676521,
    0.05339366942644119,
    0.0519091859459877,
    0.05879094824194908,
    0.05337539315223694,
    0.058820612728595734,
    0.06580594927072525,
    0.05726096034049988,
    0.057063378393650055,
    0.05548011139035225,
    0.05869181081652641,
    0.05716150999069214,
    0.06014356017112732,
    0.05128079652786255,
    0.055046238005161285,
    0.05080980062484741,
    0.04840334877371788,
    0.04877002164721489,
    0.05634291097521782,
    0.05951264500617981,
    0.053109120577573776,
    0.05080932378768921,
    0.05181434378027916,
    0.05043866112828255,
    0.05414549633860588,
    0.052300721406936646,
    0.051639754325151443,
    3.688124895095825,
    2.7866876125335693,
    1.079514980316162,
    0.13426999747753143,
    -7.437359809875488,
    5.439435005187988,
    0.7186717987060547,
    0.9078893065452576,
    0.4745729863643646,
    0.6365272998809814,
    -0.025727251544594765,
    0.5929837226867676,
    0.00020024855621159077,
    0.44283002614974976,
    0.14002950489521027,
    0.3626692593097687,
    0.16150425374507904,
    0.3428504765033722,
    0.11866573989391327,
    0.4129289984703064,
    0.025203000754117966,
    0.2921737730503082,
    0.11709974706172943,
    0.13795576989650726,
    1.1779448986053467,
    2.1750001907348633,
    1.7340996265411377,
    0.0,
    0.0,
    0.0,
    0.0
  ],
  "spread_vector": [
    0.0012625587405636907,
    0.0026260733138769865,
    0.0020987458992749453,
    0.0017366430256515741,
    0.001594998175278306,
    0.0012399830156937242,
    0.0014821785734966397,
    0.0012449881760403514,
    0.0011041202815249562,
    0.0008016540086828172,
    0.0010984317632392049,
    0.0031436614226549864,
    0.0006948839290998876,
    0.0009196979808621109,
    0.0015738274669274688,
    0.002088965382426977,
    0.002421765821054578,
    0.0018169631948694587,
    0.001785938278771937,
    0.002591692842543125,
    0.002129192929714918,
    0.001986774615943432,
    0.001348990830592811,
    0.0016583018004894257,
    0.0020662506576627493,
    0.001899025053717196,
    0.0017585934838280082,
    0.0007494808523915708,
    0.002731338841840625,
    0.0022951820865273476,
    0.002143569989129901,
    0.00240459106862545,
    0.0021340835373848677,
    0.0012754705967381597,
    0.002161958022043109,
    0.0015331703471019864,
    0.0017286858055740595,
    0.0032184359151870012,
    0.002342496532946825,
    0.0012647410621866584,
    0.001815787167288363,
    0.0020859900396317244,
    0.0028324059676378965,
    0.002594031160697341,
    0.0021447178442031145,
    0.00254100956954062,
    0.0015058302087709308,
    0.0026080410461872816,
    0.002769062528386712,
    0.0015870750648900867,
    0.002919960068538785,
    0.002341046230867505,
    1.0658621788024902,
    0.5722827315330505,
    0.19177696108818054,
    0.05698461830615997,
    2.8944709300994873,
    0.7407364249229431,
    0.5732821226119995,
    0.30994951725006104,
    0.18785077333450317,
    0.27771854400634766,
    0.1833007037639618,
    0.3249223828315735,
    0.11718304455280304,
    0.14802248775959015,
    0.15600399672985077,
    0.2219438999891281,
    0.27862027287483215,
    0.18382488191127777,
    0.1258760392665863,
    0.11536723375320435,
    0.11573642492294312,
    0.11812844127416611,
    0.10397687554359436,
    0.15699219703674316,
    0.3099658191204071,
    0.5141565799713135,
    0.5746260285377502,
    0.0,
    0.0,
    0.0,
    0.0
  ],
  "vector_dim": 83,
  "tempo": {
    "bpm_mean": 113.8,
    "bpm_std": 21.3,
    "bpm_min": 89.1,
    "bpm_max": 152.0,
    "bpm_median": 112.6
  },
  "key": {
    "top_key": "D# major",
    "distribution": {
      "D# major": 0.375,
      "G minor": 0.25,
      "C major": 0.125,
      "G# minor": 0.125,
      "D major": 0.125
    }
  },
  "signature_tags": [
    {
      "tag": "lo-fi hip hop with warm textures",
      "avg_score": 0.6757,
      "frequency": 1.0
    },
    {
      "tag": "soul sample with vinyl warmth",
      "avg_score": 0.6291,
      "frequency": 1.0
    },
    {
      "tag": "minimalist sparse production",
      "avg_score": 0.624,
      "frequency": 0.88
    },
    {
      "tag": "trap beat with rolling hi-hats",
      "avg_score": 0.6182,
      "frequency": 0.88
    },
    {
      "tag": "drill beat with sliding 808s",
      "avg_score": 0.6071,
      "frequency": 1.0
    }
  ],
  "tag_averages": {
    "lo-fi hip hop with warm textures": 0.6757,
    "soul sample with vinyl warmth": 0.6291,
    "minimalist sparse production": 0.624,
    "trap beat with rolling hi-hats": 0.6182,
    "drill beat with sliding 808s": 0.6071,
    "afrobeat rhythmic percussion": 0.596,
    "pluggnb melodic beat": 0.5975,
    "triplet hi-hat flow": 0.596,
    "hype and energetic mood": 0.5976,
    "R&B smooth instrumental": 0.5998,
    "rage beat with distorted synths": 0.5941,
    "mid-tempo groove": 0.572,
    "jersey club with fast kicks": 0.5758,
    "acoustic drum kit": 0.5722,
    "choir and vocal chops": 0.5867,
    "uplifting and triumphant feel": 0.591,
    "lo-fi dusty texture": 0.572,
    "synth pad atmosphere": 0.5858,
    "mysterious and suspenseful mood": 0.5705,
    "boom bap with chopped samples": 0.5768,
    "layered and dense arrangement": 0.5834,
    "aggressive and hard-hitting energy": 0.5764,
    "punchy and compressed drums": 0.5788,
    "crisp hi-hat patterns": 0.5842,
    "ethereal and dreamy atmosphere": 0.6016,
    "chill and relaxed vibes": 0.5985
  },
  "spectral": {
    "centroid_mean": 2159.0,
    "centroid_std": 383.6,
    "flatness_mean": 0.033568
  },
  "energy": {
    "rms_mean": 0.235589,
    "rms_std": 0.061993
  },
  "rhythm": {
    "onset_density_mean": 3.62,
    "onset_density_std": 0.86
  },
  "stems": null,
  "created_at": "2026-03-26T01:04:37Z",
  "meta": {
    "processing_time_sec": 41.8,
    "tracks_profiled": 8,
    "tracks_attempted": 8
  }
}