{
  "artist": "alicai harley",
  "track_count": 10,
  "centroid_vector": [
    0.05206669494509697,
    0.05110723525285721,
    0.0468473918735981,
    0.05102604255080223,
    0.05107734724879265,
    0.04820634052157402,
    0.052046310156583786,
    0.05463666468858719,
    0.05153324082493782,
    0.052423905581235886,
    0.04918366298079491,
    0.054975975304841995,
    0.04846911504864693,
    0.04672196879982948,
    0.05426877737045288,
    0.05094977840781212,
    0.04793689772486687,
    0.04974957928061485,
    0.0500950925052166,
    0.050777044147253036,
    0.053133901208639145,
    0.054912954568862915,
    0.05872293934226036,
    0.0529748909175396,
    0.05008918046951294,
    0.057077210396528244,
    0.05391929671168327,
    0.052324797958135605,
    0.05843868851661682,
    0.05115298181772232,
    0.05978359654545784,
    0.064116470515728,
    0.058416493237018585,
    0.058610837906599045,
    0.053910475224256516,
    0.05748581513762474,
    0.05916590243577957,
    0.059059299528598785,
    0.05161488801240921,
    0.055914510041475296,
    0.05114571005105972,
    0.04738615080714226,
    0.048762913793325424,
    0.056236933916807175,
    0.060540467500686646,
    0.05279449746012688,
    0.050484009087085724,
    0.05268692970275879,
    0.048584144562482834,
    0.05290153622627258,
    0.05024193599820137,
    0.051261842250823975,
    3.9670002460479736,
    3.307499885559082,
    1.3547804355621338,
    0.12258279323577881,
    -5.882598876953125,
    4.409074783325195,
    0.23714880645275116,
    0.7015637159347534,
    0.07085821032524109,
    -0.36036598682403564,
    0.07723020017147064,
    0.03738179802894592,
    -0.5139089822769165,
    0.3613170385360718,
    -0.177867591381073,
    0.16000023484230042,
    0.1060338020324707,
    -0.004129198379814625,
    -0.08447760343551636,
    -0.0826428085565567,
    -0.13921859860420227,
    0.16483741998672485,
    -0.09060780704021454,
    0.231023371219635,
    1.0494329929351807,
    2.2625999450683594,
    1.1054918766021729,
    0.0,
    0.0,
    0.0,
    0.0
  ],
  "spread_vector": [
    0.0010627512820065022,
    0.0020999270491302013,
    0.0010479278862476349,
    0.0017160045681521297,
    0.0014069018652662635,
    0.0011713046114891768,
    0.0022518073674291372,
    0.0008991257636807859,
    0.0013043874641880393,
    0.0018484721658751369,
    0.0016699498519301414,
    0.0029934898484498262,
    0.0011791983852162957,
    0.001996711129322648,
    0.001809850218705833,
    0.0018629099940881133,
    0.00169753551017493,
    0.0021658376790583134,
    0.0010007611708715558,
    0.002153681591153145,
    0.002297877799719572,
    0.0018188521498814225,
    0.002339322818443179,
    0.0012920326553285122,
    0.0016469225520268083,
    0.0019206980941817164,
    0.0016738215927034616,
    0.0012459933059290051,
    0.002041690284386277,
    0.0023255690466612577,
    0.002218188950791955,
    0.0022831333335489035,
    0.0024258054327219725,
    0.00282867974601686,
    0.0021483974996954203,
    0.0013782408786937594,
    0.0028686856385320425,
    0.003182350192219019,
    0.001550334389321506,
    0.0016317976405844092,
    0.0016191324684768915,
    0.0016535308677703142,
    0.0015152868581935763,
    0.0020359796471893787,
    0.0018905997276306152,
    0.0026050459127873182,
    0.0014369700802490115,
    0.0024642678909003735,
    0.0019877878949046135,
    0.0011529676849022508,
    0.0021761958487331867,
    0.001973701873794198,
    0.7319262623786926,
    0.3805750608444214,
    0.1633460819721222,
    0.05277757719159126,
    1.9933712482452393,
    0.8203979730606079,
    0.5035457611083984,
    0.5846516489982605,
    0.42153695225715637,
    0.43560513854026794,
    0.18838490545749664,
    0.4504411816596985,
    0.22219279408454895,
    0.26598262786865234,
    0.1983189582824707,
    0.1433793306350708,
    0.2505370080471039,
    0.21146884560585022,
    0.18035413324832916,
    0.23587533831596375,
    0.177699476480484,
    0.16844870150089264,
    0.14812064170837402,
    0.18223416805267334,
    0.29123950004577637,
    0.6354758739471436,
    0.29981377720832825,
    0.0,
    0.0,
    0.0,
    0.0
  ],
  "vector_dim": 83,
  "tempo": {
    "bpm_mean": 119.3,
    "bpm_std": 14.6,
    "bpm_min": 99.4,
    "bpm_max": 136.0,
    "bpm_median": 120.2
  },
  "key": {
    "top_key": "G# major",
    "distribution": {
      "G# major": 0.2,
      "A major": 0.1,
      "D major": 0.1,
      "A# minor": 0.1,
      "F major": 0.1,
      "D# major": 0.1,
      "G major": 0.1,
      "C minor": 0.1,
      "D# minor": 0.1
    }
  },
  "signature_tags": [
    {
      "tag": "lo-fi hip hop with warm textures",
      "avg_score": 0.6364,
      "frequency": 1.0
    },
    {
      "tag": "minimalist sparse production",
      "avg_score": 0.6067,
      "frequency": 0.8
    }
  ],
  "tag_averages": {
    "minimalist sparse production": 0.6067,
    "lo-fi hip hop with warm textures": 0.6364,
    "drill beat with sliding 808s": 0.5984,
    "pluggnb melodic beat": 0.5983,
    "hype and energetic mood": 0.5968,
    "afrobeat rhythmic percussion": 0.5922,
    "R&B smooth instrumental": 0.5864,
    "rage beat with distorted synths": 0.5773,
    "uplifting and triumphant feel": 0.5754,
    "trap beat with rolling hi-hats": 0.5861,
    "triplet hi-hat flow": 0.5742,
    "mid-tempo groove": 0.5666,
    "synth pad atmosphere": 0.5416,
    "soul sample with vinyl warmth": 0.5905,
    "chill and relaxed vibes": 0.5521,
    "mysterious and suspenseful mood": 0.5561,
    "choir and vocal chops": 0.5955,
    "melodic and emotional feel": 0.5956,
    "layered and dense arrangement": 0.5931,
    "jersey club with fast kicks": 0.5703,
    "acoustic drum kit": 0.5579,
    "playful and bouncy energy": 0.6092,
    "aggressive and hard-hitting energy": 0.5893,
    "heavy reverb and spacious": 0.5881
  },
  "spectral": {
    "centroid_mean": 2709.6,
    "centroid_std": 326.7,
    "flatness_mean": 0.030646
  },
  "energy": {
    "rms_mean": 0.209887,
    "rms_std": 0.058248
  },
  "rhythm": {
    "onset_density_mean": 3.77,
    "onset_density_std": 1.06
  },
  "stems": null,
  "created_at": "2026-03-26T02:02:15Z",
  "meta": {
    "processing_time_sec": 34.7,
    "tracks_profiled": 10,
    "tracks_attempted": 10
  }
}