{
  "artist": "Anuel AA",
  "track_count": 9,
  "centroid_vector": [
    0.052355170249938965,
    0.04958830401301384,
    0.0453832633793354,
    0.05135880038142204,
    0.05217716097831726,
    0.04740501567721367,
    0.0541677251458168,
    0.054866086691617966,
    0.05143117532134056,
    0.05463872477412224,
    0.04769163951277733,
    0.05430380627512932,
    0.04832443222403526,
    0.048040565103292465,
    0.05422279238700867,
    0.04976905509829521,
    0.04692939296364784,
    0.0492495559155941,
    0.050498295575380325,
    0.05077613145112991,
    0.05320572853088379,
    0.05496452376246452,
    0.059845518320798874,
    0.05280910059809685,
    0.049140747636556625,
    0.057910870760679245,
    0.05410816892981529,
    0.05291704460978508,
    0.057801928371191025,
    0.050485339015722275,
    0.060413070023059845,
    0.062297310680150986,
    0.058441322296857834,
    0.06297353655099869,
    0.05423160269856453,
    0.05675949528813362,
    0.06089523062109947,
    0.05746666342020035,
    0.05367092415690422,
    0.05742419883608818,
    0.05339839681982994,
    0.04837143048644066,
    0.04872119054198265,
    0.05554049834609032,
    0.06176413223147392,
    0.05251547321677208,
    0.04986388608813286,
    0.05205589532852173,
    0.04713938757777214,
    0.05226510390639305,
    0.04939140006899834,
    0.05041835829615593,
    4.807777404785156,
    3.673222303390503,
    1.0942349433898926,
    0.06562621891498566,
    -5.016303062438965,
    5.584897994995117,
    0.6699653267860413,
    0.7700673341751099,
    -0.138155996799469,
    0.20722466707229614,
    0.11637932062149048,
    -0.0905226618051529,
    -0.3267360031604767,
    0.31432998180389404,
    -0.07799933105707169,
    0.12328732013702393,
    0.18327000737190247,
    0.133733332157135,
    -0.2429073303937912,
    0.2112666666507721,
    -0.30463001132011414,
    -0.06454000622034073,
    -0.27188801765441895,
    0.0678173378109932,
    1.3708633184432983,
    2.255333423614502,
    1.7393856048583984,
    0.0,
    0.0,
    0.0,
    0.0
  ],
  "spread_vector": [
    0.0010769598884508014,
    0.0021740819793194532,
    0.0019439777825027704,
    0.0016685085138306022,
    0.0018543405458331108,
    0.002098502591252327,
    0.001843318692408502,
    0.002221047878265381,
    0.001754150609485805,
    0.0024301388766616583,
    0.0011292321141809225,
    0.004282752051949501,
    0.0018636994063854218,
    0.0014847511192783713,
    0.0030897471588104963,
    0.002605017041787505,
    0.002336637582629919,
    0.001618525362573564,
    0.0013725630706176162,
    0.0017576850950717926,
    0.002846370218321681,
    0.0021850389894098043,
    0.002398251323029399,
    0.0017944209976121783,
    0.0012305270647630095,
    0.002030778443440795,
    0.0019712417852133512,
    0.0011849571019411087,
    0.002717475173994899,
    0.0027169466484338045,
    0.0020476337522268295,
    0.0023065765853971243,
    0.0019278526306152344,
    0.003965736832469702,
    0.0026554649230092764,
    0.001622439594939351,
    0.002205505734309554,
    0.0038972203619778156,
    0.0019138798816129565,
    0.002224893309175968,
    0.0019520310452207923,
    0.0031769443303346634,
    0.002673577284440398,
    0.002346352208405733,
    0.0020129575859755278,
    0.00260918284766376,
    0.0013271620264276862,
    0.002980767050758004,
    0.001616165041923523,
    0.0017095983494073153,
    0.003177038626745343,
    0.001750052790157497,
    1.2446644306182861,
    0.6839088201522827,
    0.13469025492668152,
    0.018481003120541573,
    1.4846729040145874,
    0.829184889793396,
    0.43894529342651367,
    0.4261401891708374,
    0.2590324282646179,
    0.3982844352722168,
    0.18500225245952606,
    0.24538159370422363,
    0.25998130440711975,
    0.12598463892936707,
    0.1586938500404358,
    0.17029701173305511,
    0.152297243475914,
    0.18346698582172394,
    0.12103758752346039,
    0.12256145477294922,
    0.16848769783973694,
    0.12409771978855133,
    0.14621320366859436,
    0.12798118591308594,
    0.21197272837162018,
    0.31598031520843506,
    0.7671990394592285,
    0.0,
    0.0,
    0.0,
    0.0
  ],
  "vector_dim": 83,
  "tempo": {
    "bpm_mean": 136.2,
    "bpm_std": 24.9,
    "bpm_min": 89.1,
    "bpm_max": 184.6,
    "bpm_median": 129.2
  },
  "key": {
    "top_key": "D major",
    "distribution": {
      "D major": 0.222,
      "G# minor": 0.111,
      "C major": 0.111,
      "C# major": 0.111,
      "F minor": 0.111,
      "C# minor": 0.111,
      "D# major": 0.111,
      "G# major": 0.111
    }
  },
  "signature_tags": [
    {
      "tag": "afrobeat rhythmic percussion",
      "avg_score": 0.6175,
      "frequency": 1.0
    },
    {
      "tag": "lo-fi hip hop with warm textures",
      "avg_score": 0.6173,
      "frequency": 1.0
    },
    {
      "tag": "minimalist sparse production",
      "avg_score": 0.6043,
      "frequency": 1.0
    },
    {
      "tag": "pluggnb melodic beat",
      "avg_score": 0.6021,
      "frequency": 1.0
    }
  ],
  "tag_averages": {
    "pluggnb melodic beat": 0.6021,
    "minimalist sparse production": 0.6043,
    "hype and energetic mood": 0.5935,
    "lo-fi hip hop with warm textures": 0.6173,
    "drill beat with sliding 808s": 0.5941,
    "afrobeat rhythmic percussion": 0.6175,
    "uplifting and triumphant feel": 0.5762,
    "rage beat with distorted synths": 0.5628,
    "trap beat with rolling hi-hats": 0.5734,
    "mid-tempo groove": 0.5714,
    "R&B smooth instrumental": 0.5782,
    "soul sample with vinyl warmth": 0.5801,
    "triplet hi-hat flow": 0.5476,
    "mysterious and suspenseful mood": 0.5554,
    "synth pad atmosphere": 0.5518,
    "chill and relaxed vibes": 0.5509,
    "choir and vocal chops": 0.5839,
    "flute melody": 0.5639,
    "melodic and emotional feel": 0.5944,
    "jersey club with fast kicks": 0.5853,
    "acoustic drum kit": 0.5817,
    "synthesizer lead melody": 0.5468
  },
  "spectral": {
    "centroid_mean": 2188.5,
    "centroid_std": 269.4,
    "flatness_mean": 0.016407
  },
  "energy": {
    "rms_mean": 0.274173,
    "rms_std": 0.042395
  },
  "rhythm": {
    "onset_density_mean": 3.76,
    "onset_density_std": 0.53
  },
  "stems": null,
  "created_at": "2026-03-26T01:05:41Z",
  "meta": {
    "processing_time_sec": 44.5,
    "tracks_profiled": 9,
    "tracks_attempted": 9
  }
}