{
  "artist": "Ariana Grande",
  "track_count": 10,
  "centroid_vector": [
    0.05010388046503067,
    0.05084806680679321,
    0.0475647859275341,
    0.0518399253487587,
    0.05302642658352852,
    0.048657383769750595,
    0.0530647411942482,
    0.05490785837173462,
    0.05382781848311424,
    0.05252714827656746,
    0.050221797078847885,
    0.05535825714468956,
    0.04891557618975639,
    0.047986920922994614,
    0.056034792214632034,
    0.051543962210416794,
    0.048551496118307114,
    0.05076412111520767,
    0.050476402044296265,
    0.05142027884721756,
    0.05332896113395691,
    0.05453220754861832,
    0.05997790768742561,
    0.0534161701798439,
    0.049631696194410324,
    0.05962764099240303,
    0.05520462989807129,
    0.053521253168582916,
    0.05888914689421654,
    0.05040905997157097,
    0.05928027629852295,
    0.06092904135584831,
    0.05697453022003174,
    0.05840309336781502,
    0.05479248985648155,
    0.05757712200284004,
    0.059607502073049545,
    0.05874491482973099,
    0.05222613736987114,
    0.05676170811057091,
    0.05283377319574356,
    0.04820569232106209,
    0.04925188049674034,
    0.055421192198991776,
    0.05848296359181404,
    0.054613273590803146,
    0.0497993640601635,
    0.05202411487698555,
    0.04917542263865471,
    0.05235269293189049,
    0.05064701661467552,
    0.050808656960725784,
    3.7629997730255127,
    3.7483999729156494,
    1.2281450033187866,
    0.2695220112800598,
    -6.283268451690674,
    4.557254791259766,
    -0.131784588098526,
    1.0206828117370605,
    0.11615639179944992,
    0.25029119849205017,
    0.2396766096353531,
    0.0302400104701519,
    0.23622120916843414,
    0.39055919647216797,
    -0.3181307911872864,
    0.23742839694023132,
    -0.05941080302000046,
    0.2276843786239624,
    0.013580999337136745,
    0.2164764106273651,
    0.02886359766125679,
    0.142289400100708,
    -0.02881079725921154,
    0.22592760622501373,
    0.9432130455970764,
    1.9524002075195312,
    1.7664445638656616,
    0.0,
    0.0,
    0.0,
    0.0
  ],
  "spread_vector": [
    0.0024132116232067347,
    0.0031269534956663847,
    0.004197451286017895,
    0.0023301003966480494,
    0.0027175412978976965,
    0.0012616595486178994,
    0.0022770590148866177,
    0.0018723610555753112,
    0.003220959100872278,
    0.002270936965942383,
    0.0035564724821597338,
    0.003543328959494829,
    0.0037543594371527433,
    0.0025117008481174707,
    0.0035391338169574738,
    0.004787308629602194,
    0.004741986747831106,
    0.0035383962094783783,
    0.0018698504427447915,
    0.0025857200380414724,
    0.0020441014785319567,
    0.0022830793168395758,
    0.002645724220201373,
    0.0022756594698876143,
    0.0024355242494493723,
    0.0033114973921328783,
    0.0025320646818727255,
    0.0021257882472127676,
    0.0035162982530891895,
    0.003005054546520114,
    0.004069002345204353,
    0.003095973050221801,
    0.003021967364475131,
    0.002603096654638648,
    0.003409618278965354,
    0.0031717896927148104,
    0.0037173943128436804,
    0.0035348415840417147,
    0.0031481545884162188,
    0.0026987360324710608,
    0.002970295725390315,
    0.003925451543182135,
    0.0030779100488871336,
    0.0026914679910987616,
    0.0038561075925827026,
    0.0028470761608332396,
    0.001518252887763083,
    0.0022439113818109035,
    0.004285895265638828,
    0.0023160125128924847,
    0.00279776263050735,
    0.0025479996111243963,
    1.317907691001892,
    0.483572781085968,
    0.11831891536712646,
    0.09546014666557312,
    1.8629608154296875,
    0.6695510745048523,
    0.4921528697013855,
    0.3962855637073517,
    0.23190093040466309,
    0.23128899931907654,
    0.2578311264514923,
    0.3162273168563843,
    0.31361234188079834,
    0.20421987771987915,
    0.1877739131450653,
    0.10401801764965057,
    0.0976974219083786,
    0.10264268517494202,
    0.15483006834983826,
    0.10167424380779266,
    0.07278945297002792,
    0.0796915739774704,
    0.09625457227230072,
    0.10854028165340424,
    0.3008802831172943,
    0.2888886332511902,
    0.49094158411026,
    0.0,
    0.0,
    0.0,
    0.0
  ],
  "vector_dim": 83,
  "tempo": {
    "bpm_mean": 115.3,
    "bpm_std": 26.4,
    "bpm_min": 69.8,
    "bpm_max": 161.5,
    "bpm_median": 112.6
  },
  "key": {
    "top_key": "G minor",
    "distribution": {
      "G minor": 0.2,
      "C major": 0.2,
      "G# minor": 0.2,
      "F# minor": 0.1,
      "C minor": 0.1,
      "C# minor": 0.1,
      "A major": 0.1
    }
  },
  "signature_tags": [
    {
      "tag": "lo-fi hip hop with warm textures",
      "avg_score": 0.6095,
      "frequency": 1.0
    }
  ],
  "tag_averages": {
    "layered and dense arrangement": 0.635,
    "orchestral strings": 0.6716,
    "uplifting and triumphant feel": 0.582,
    "mysterious and suspenseful mood": 0.6182,
    "soul sample with vinyl warmth": 0.5864,
    "hype and energetic mood": 0.5964,
    "ethereal and dreamy atmosphere": 0.5834,
    "synth pad atmosphere": 0.5623,
    "sound effects and risers": 0.6252,
    "dark and ominous mood": 0.6188,
    "jersey club with fast kicks": 0.5812,
    "drill beat with sliding 808s": 0.5898,
    "acoustic drum kit": 0.582,
    "lo-fi hip hop with warm textures": 0.6095,
    "aggressive and hard-hitting energy": 0.5986,
    "minimalist sparse production": 0.5884,
    "pluggnb melodic beat": 0.5936,
    "trap beat with rolling hi-hats": 0.5794,
    "rage beat with distorted synths": 0.5751,
    "afrobeat rhythmic percussion": 0.5778,
    "R&B smooth instrumental": 0.5737,
    "mid-tempo groove": 0.557,
    "triplet hi-hat flow": 0.5402,
    "chill and relaxed vibes": 0.5455,
    "finger snaps and claps": 0.5787,
    "synthesizer lead melody": 0.5227,
    "choir and vocal chops": 0.5698
  },
  "spectral": {
    "centroid_mean": 2456.3,
    "centroid_std": 236.6,
    "flatness_mean": 0.067381
  },
  "energy": {
    "rms_mean": 0.188643,
    "rms_std": 0.060176
  },
  "rhythm": {
    "onset_density_mean": 3.25,
    "onset_density_std": 0.48
  },
  "stems": null,
  "created_at": "2026-03-26T01:06:47Z",
  "meta": {
    "processing_time_sec": 45.5,
    "tracks_profiled": 10,
    "tracks_attempted": 10
  }
}