{
  "artist": "ATL Jacob",
  "track_count": 8,
  "centroid_vector": [
    0.5312397480010986,
    0.5121451616287231,
    0.47506219148635864,
    0.5374546051025391,
    0.5336599349975586,
    0.495269238948822,
    0.5474367737770081,
    0.5721015930175781,
    0.5308153033256531,
    0.5474252700805664,
    0.5116705894470215,
    0.554142415523529,
    0.49415796995162964,
    0.49290764331817627,
    0.5527431964874268,
    0.5092369318008423,
    0.4855896532535553,
    0.4889242649078369,
    0.5310029983520508,
    0.5094936490058899,
    0.5529391169548035,
    0.5662329196929932,
    0.6038060784339905,
    0.5543408393859863,
    0.523722767829895,
    0.5890330672264099,
    0.564577579498291,
    0.5246338844299316,
    0.585157036781311,
    0.5046468377113342,
    0.5963833332061768,
    0.6420202851295471,
    0.595034658908844,
    0.5894469618797302,
    0.5309994220733643,
    0.5744609832763672,
    0.612061083316803,
    0.6104907393455505,
    0.5394502282142639,
    0.5688765048980713,
    0.5253912806510925,
    0.49450546503067017,
    0.49862658977508545,
    0.5709782242774963,
    0.6115722060203552,
    0.540580153465271,
    0.5066839456558228,
    0.5270610451698303,
    0.5026086568832397,
    0.5465678572654724,
    0.5051700472831726,
    0.5104022026062012,
    0.42781248688697815,
    0.6953874826431274,
    0.3008209466934204,
    0.030350498855113983,
    -0.6833966970443726,
    0.8497799634933472,
    0.0730300024151802,
    0.17840686440467834,
    0.12834663689136505,
    0.03691362589597702,
    0.014889499172568321,
    0.040233124047517776,
    -0.014726249501109123,
    0.016073500737547874,
    -0.0061057498678565025,
    0.02528124861419201,
    -0.026075998321175575,
    0.039038751274347305,
    0.00508262449875474,
    0.03180699795484543,
    -0.0305742509663105,
    0.024831626564264297,
    -0.01601087488234043,
    -0.008459623903036118,
    0.27380138635635376,
    0.41362500190734863,
    0.2662557065486908,
    0.2949250042438507,
    0.38062503933906555,
    0.04906249791383743,
    0.27541249990463257
  ],
  "spread_vector": [
    0.02325567789375782,
    0.03361959755420685,
    0.03166872635483742,
    0.04468337446451187,
    0.019388826563954353,
    0.01711004599928856,
    0.04837813973426819,
    0.038769692182540894,
    0.020354701206088066,
    0.04182841628789902,
    0.054974693804979324,
    0.02203894592821598,
    0.023278992623090744,
    0.0577327162027359,
    0.025965655222535133,
    0.0158681757748127,
    0.03391405940055847,
    0.018821517005562782,
    0.03233170881867409,
    0.029723091050982475,
    0.02690916880965233,
    0.03796907514333725,
    0.01896670088171959,
    0.03603624552488327,
    0.03095252811908722,
    0.023408548906445503,
    0.02892976813018322,
    0.014685725793242455,
    0.03439902514219284,
    0.03601914644241333,
    0.024944063276052475,
    0.04366392269730568,
    0.031388476490974426,
    0.014184096828103065,
    0.02632790245115757,
    0.022713636979460716,
    0.03363577648997307,
    0.05044938251376152,
    0.0468595027923584,
    0.019161812961101532,
    0.027788888663053513,
    0.054153576493263245,
    0.04920996353030205,
    0.04097360000014305,
    0.03960559517145157,
    0.0201545599848032,
    0.019793502986431122,
    0.027263088151812553,
    0.03634455427527428,
    0.03498309850692749,
    0.030852753669023514,
    0.016936974599957466,
    0.13861478865146637,
    0.09257535636425018,
    0.03149399906396866,
    0.011785326525568962,
    0.4692094027996063,
    0.05720912292599678,
    0.08592356741428375,
    0.056967154145240784,
    0.054218754172325134,
    0.04151175543665886,
    0.05314600467681885,
    0.027659891173243523,
    0.037782780826091766,
    0.03284190595149994,
    0.016078101471066475,
    0.04581393301486969,
    0.02901642583310604,
    0.01749875210225582,
    0.007799557410180569,
    0.012833680957555771,
    0.016462048515677452,
    0.013365487568080425,
    0.01928584650158882,
    0.03326665237545967,
    0.01484122034162283,
    0.06602828204631805,
    0.09308978915214539,
    0.20194198191165924,
    0.33272209763526917,
    0.024274727329611778,
    0.11257431656122208
  ],
  "vector_dim": 83,
  "tempo": {
    "bpm_mean": 108.5,
    "bpm_std": 22.2,
    "bpm_min": 86.1,
    "bpm_max": 161.5,
    "bpm_median": 99.4
  },
  "key": {
    "top_key": "G minor",
    "distribution": {
      "G minor": 0.625,
      "E minor": 0.25,
      "F minor": 0.125
    }
  },
  "signature_tags": [
    {
      "tag": "lo-fi hip hop with warm textures",
      "avg_score": 0.6435,
      "frequency": 1.0
    },
    {
      "tag": "minimalist sparse production",
      "avg_score": 0.6069,
      "frequency": 1.0
    },
    {
      "tag": "afrobeat rhythmic percussion",
      "avg_score": 0.6061,
      "frequency": 0.88
    },
    {
      "tag": "hype and energetic mood",
      "avg_score": 0.6016,
      "frequency": 1.0
    },
    {
      "tag": "pluggnb melodic beat",
      "avg_score": 0.6002,
      "frequency": 1.0
    },
    {
      "tag": "soul sample with vinyl warmth",
      "avg_score": 0.6002,
      "frequency": 1.0
    }
  ],
  "tag_averages": {
    "afrobeat rhythmic percussion": 0.6061,
    "lo-fi hip hop with warm textures": 0.6435,
    "minimalist sparse production": 0.6069,
    "pluggnb melodic beat": 0.6002,
    "drill beat with sliding 808s": 0.5983,
    "hype and energetic mood": 0.6016,
    "soul sample with vinyl warmth": 0.6002,
    "trap beat with rolling hi-hats": 0.5911,
    "R&B smooth instrumental": 0.5925,
    "uplifting and triumphant feel": 0.5805,
    "rage beat with distorted synths": 0.5763,
    "mid-tempo groove": 0.5609,
    "triplet hi-hat flow": 0.5804,
    "choir and vocal chops": 0.5745,
    "acoustic drum kit": 0.5571,
    "mysterious and suspenseful mood": 0.5739,
    "jersey club with fast kicks": 0.5677,
    "chill and relaxed vibes": 0.5627,
    "synth pad atmosphere": 0.5793,
    "ethereal and dreamy atmosphere": 0.6047,
    "lo-fi dusty texture": 0.5904,
    "acoustic guitar": 0.589
  },
  "spectral": {
    "centroid_mean": 2406.6,
    "centroid_std": 252.0,
    "flatness_mean": 0.03035
  },
  "energy": {
    "rms_mean": 0.273801,
    "rms_std": 0.014841
  },
  "rhythm": {
    "onset_density_mean": 4.14,
    "onset_density_std": 0.66
  },
  "stems": {
    "drums": {
      "mix_ratio_mean": 0.2949,
      "mix_ratio_std": 0.2019
    },
    "bass": {
      "mix_ratio_mean": 0.3806,
      "mix_ratio_std": 0.3327
    },
    "other": {
      "mix_ratio_mean": 0.0491,
      "mix_ratio_std": 0.0243
    },
    "vocals": {
      "mix_ratio_mean": 0.2754,
      "mix_ratio_std": 0.1126
    }
  },
  "created_at": "2026-03-27T00:13:35Z",
  "meta": {
    "processing_time_sec": 829.7,
    "tracks_profiled": 8,
    "tracks_attempted": 8
  }
}