{
  "artist": "Autumn!",
  "track_count": 10,
  "centroid_vector": [
    0.05032895877957344,
    0.05087873339653015,
    0.04839582368731499,
    0.05138685181736946,
    0.0545918345451355,
    0.050886042416095734,
    0.05213335156440735,
    0.05445117503404617,
    0.05430610850453377,
    0.050917405635118484,
    0.05037956312298775,
    0.05517519637942314,
    0.049318622797727585,
    0.04696577414870262,
    0.05692197009921074,
    0.050601210445165634,
    0.0479082427918911,
    0.048420827835798264,
    0.051016952842473984,
    0.05265859514474869,
    0.05281762033700943,
    0.05391417816281319,
    0.05954703316092491,
    0.05320626497268677,
    0.04971207305788994,
    0.058524854481220245,
    0.05512537434697151,
    0.05308426544070244,
    0.05824068933725357,
    0.048496004194021225,
    0.05677716061472893,
    0.05846858769655228,
    0.05535786971449852,
    0.05551337078213692,
    0.05429624393582344,
    0.05733773857355118,
    0.057446300983428955,
    0.05815087631344795,
    0.05143066868185997,
    0.056135665625333786,
    0.052029550075531006,
    0.04767688736319542,
    0.048683565109968185,
    0.053778111934661865,
    0.05636477470397949,
    0.05403481796383858,
    0.04952303692698479,
    0.05078195407986641,
    0.04985387250781059,
    0.0518190860748291,
    0.05125519260764122,
    0.05015724524855614,
    4.771500587463379,
    3.7325000762939453,
    1.2296924591064453,
    0.1511124074459076,
    -4.917539596557617,
    5.101895332336426,
    -0.11087939143180847,
    1.334273338317871,
    0.1642056107521057,
    0.40523284673690796,
    -0.030463196337223053,
    0.16063860058784485,
    -0.10303258895874023,
    0.3123311996459961,
    -0.17472121119499207,
    0.20306697487831116,
    -0.17893201112747192,
    -0.021949797868728638,
    -0.24848219752311707,
    0.11657820641994476,
    -0.27898257970809937,
    0.0799223929643631,
    -0.1352418065071106,
    0.044808000326156616,
    0.9249650835990906,
    1.7213999032974243,
    2.0048742294311523,
    0.0,
    0.0,
    0.0,
    0.0
  ],
  "spread_vector": [
    0.0018415506929159164,
    0.0019519301131367683,
    0.001933838240802288,
    0.003088142490014434,
    0.002421619603410363,
    0.0027758523356169462,
    0.0016318842535838485,
    0.002409548731520772,
    0.003034444758668542,
    0.003429014002904296,
    0.0026125183794647455,
    0.0031321626156568527,
    0.0019836314022541046,
    0.0025685331784188747,
    0.0025165972765535116,
    0.0017667905194684863,
    0.0021339510567486286,
    0.0017500112298876047,
    0.0019888009410351515,
    0.0027262221556156874,
    0.003994933795183897,
    0.0040342616848647594,
    0.0028850871603935957,
    0.003761660074815154,
    0.0033785768318921328,
    0.0024769995361566544,
    0.0029218813870102167,
    0.0022920870687812567,
    0.002787400735542178,
    0.0022113819140940905,
    0.0028761515859514475,
    0.003233529394492507,
    0.0038831476122140884,
    0.0028900501783937216,
    0.0026394089218229055,
    0.0026331839617341757,
    0.002484801458194852,
    0.003535134717822075,
    0.0018128367373719811,
    0.0020047982688993216,
    0.001963651040568948,
    0.0019015533616766334,
    0.0023008177522569895,
    0.0027618908789008856,
    0.003638697788119316,
    0.0029265086632221937,
    0.0016299777198582888,
    0.0030129721853882074,
    0.001734224148094654,
    0.0015737329376861453,
    0.0031579695641994476,
    0.0026595175731927156,
    1.232276439666748,
    0.5365684628486633,
    0.16891777515411377,
    0.05826914682984352,
    3.4371581077575684,
    0.8998480439186096,
    0.8594300746917725,
    0.35980451107025146,
    0.29316410422325134,
    0.3195846676826477,
    0.2876715064048767,
    0.24725982546806335,
    0.3146960437297821,
    0.2711031138896942,
    0.1470605581998825,
    0.15891839563846588,
    0.1279410421848297,
    0.18471719324588776,
    0.11096828430891037,
    0.12415453791618347,
    0.15633359551429749,
    0.1302323341369629,
    0.1214042454957962,
    0.14832621812820435,
    0.26784607768058777,
    0.5318142175674438,
    0.6254892349243164,
    0.0,
    0.0,
    0.0,
    0.0
  ],
  "vector_dim": 83,
  "tempo": {
    "bpm_mean": 135.4,
    "bpm_std": 24.6,
    "bpm_min": 92.3,
    "bpm_max": 161.5,
    "bpm_median": 144.0
  },
  "key": {
    "top_key": "D major",
    "distribution": {
      "D major": 0.3,
      "C# major": 0.2,
      "C major": 0.1,
      "A# minor": 0.1,
      "F# major": 0.1,
      "A# major": 0.1,
      "E major": 0.1
    }
  },
  "signature_tags": [
    {
      "tag": "hype and energetic mood",
      "avg_score": 0.6041,
      "frequency": 1.0
    }
  ],
  "tag_averages": {
    "afrobeat rhythmic percussion": 0.5847,
    "lo-fi hip hop with warm textures": 0.5853,
    "minimalist sparse production": 0.5809,
    "pluggnb melodic beat": 0.5817,
    "hype and energetic mood": 0.6041,
    "drill beat with sliding 808s": 0.5761,
    "R&B smooth instrumental": 0.5718,
    "uplifting and triumphant feel": 0.5973,
    "trap beat with rolling hi-hats": 0.592,
    "soul sample with vinyl warmth": 0.5818,
    "mid-tempo groove": 0.5624,
    "chill and relaxed vibes": 0.5891,
    "triplet hi-hat flow": 0.5717,
    "rage beat with distorted synths": 0.5898,
    "flute melody": 0.5625,
    "synth pad atmosphere": 0.5745,
    "lo-fi dusty texture": 0.5399,
    "acoustic drum kit": 0.5804,
    "electric guitar with distortion": 0.5667,
    "jersey club with fast kicks": 0.5634,
    "aggressive and hard-hitting energy": 0.562,
    "acoustic guitar": 0.562,
    "choir and vocal chops": 0.5805,
    "layered and dense arrangement": 0.5896,
    "punchy and compressed drums": 0.5567,
    "orchestral strings": 0.5857,
    "mysterious and suspenseful mood": 0.5809,
    "melodic and emotional feel": 0.5837,
    "ethereal and dreamy atmosphere": 0.5962,
    "fast tempo beat": 0.587,
    "synthesizer lead melody": 0.5749,
    "playful and bouncy energy": 0.5561
  },
  "spectral": {
    "centroid_mean": 2459.4,
    "centroid_std": 337.8,
    "flatness_mean": 0.037778
  },
  "energy": {
    "rms_mean": 0.184993,
    "rms_std": 0.053569
  },
  "rhythm": {
    "onset_density_mean": 2.87,
    "onset_density_std": 0.89
  },
  "stems": null,
  "created_at": "2026-03-26T01:07:58Z",
  "meta": {
    "processing_time_sec": 49.9,
    "tracks_profiled": 10,
    "tracks_attempted": 10
  }
}