{
  "artist": "BabyTron",
  "track_count": 10,
  "centroid_vector": [
    0.054051078855991364,
    0.05294666439294815,
    0.047496479004621506,
    0.049212466925382614,
    0.05131206661462784,
    0.04989316686987877,
    0.049561914056539536,
    0.05387657508254051,
    0.052380602806806564,
    0.049445729702711105,
    0.04849439486861229,
    0.05405345559120178,
    0.05000997334718704,
    0.04526719078421593,
    0.055192697793245316,
    0.0509132519364357,
    0.04969127103686333,
    0.05039432272315025,
    0.052146393805742264,
    0.05338553339242935,
    0.051540352404117584,
    0.05369190126657486,
    0.057585205882787704,
    0.052357058972120285,
    0.04979192838072777,
    0.055568039417266846,
    0.054242927581071854,
    0.05293586850166321,
    0.05845358967781067,
    0.05239059403538704,
    0.05825016647577286,
    0.0655200332403183,
    0.05765124037861824,
    0.058618057519197464,
    0.055472392588853836,
    0.05820599943399429,
    0.057695645838975906,
    0.06047649309039116,
    0.05261984467506409,
    0.0561935193836689,
    0.05194472149014473,
    0.04898959770798683,
    0.049002956598997116,
    0.05629981309175491,
    0.06136585399508476,
    0.05293472483754158,
    0.050452668219804764,
    0.051820289343595505,
    0.05003718286752701,
    0.05425916239619255,
    0.05210418626666069,
    0.0513920895755291,
    3.3324999809265137,
    2.5361499786376953,
    1.1256999969482422,
    0.09907440841197968,
    -5.574372291564941,
    5.397918701171875,
    0.408795565366745,
    1.2901105880737305,
    0.6984761953353882,
    0.33723539113998413,
    0.31830060482025146,
    0.39730799198150635,
    0.03471899777650833,
    0.4385051727294922,
    0.016978196799755096,
    0.4505520164966583,
    0.09373380243778229,
    0.29206621646881104,
    0.22221238911151886,
    0.36399245262145996,
    -0.009379200637340546,
    0.35640478134155273,
    0.05744579806923866,
    0.07453319430351257,
    1.4693390130996704,
    2.6112003326416016,
    1.001168966293335,
    0.0,
    0.0,
    0.0,
    0.0
  ],
  "spread_vector": [
    0.001064412877894938,
    0.002408175263553858,
    0.0023593995720148087,
    0.0023328065872192383,
    0.0024224205408245325,
    0.0011449154699221253,
    0.0016837185248732567,
    0.0020832123700529337,
    0.002911244286224246,
    0.0017457455396652222,
    0.0017778798937797546,
    0.0020619542337954044,
    0.0019433830166235566,
    0.0017323953798040748,
    0.0023785557132214308,
    0.0020651461090892553,
    0.002232090337201953,
    0.0020078883972018957,
    0.0010398244485259056,
    0.0018508214270696044,
    0.002536807442083955,
    0.0017284041969105601,
    0.0028187891002744436,
    0.0018967612413689494,
    0.0023452462628483772,
    0.00196005217730999,
    0.0013010482070967555,
    0.0013091861037537456,
    0.0030014680232852697,
    0.00295231188647449,
    0.0024802875705063343,
    0.0036210876423865557,
    0.0021190529223531485,
    0.002197578316554427,
    0.0015584597131237388,
    0.0026943793054670095,
    0.0023982778657227755,
    0.003503142623230815,
    0.001950726262293756,
    0.001814004615880549,
    0.0012834937078878284,
    0.0017810686258599162,
    0.0022362605668604374,
    0.0031904790084809065,
    0.0026220770087093115,
    0.0020494272466748953,
    0.0013777163112536073,
    0.0022618582006543875,
    0.0018826397135853767,
    0.0021628609392791986,
    0.0028852608520537615,
    0.0023103056009858847,
    0.5958660244941711,
    0.5442990064620972,
    0.19459518790245056,
    0.07027564942836761,
    1.8575382232666016,
    0.9526499509811401,
    0.5859159827232361,
    0.33956509828567505,
    0.4774404764175415,
    0.2548377513885498,
    0.2866398096084595,
    0.15977764129638672,
    0.26444047689437866,
    0.2180078625679016,
    0.16065996885299683,
    0.15243010222911835,
    0.13986028730869293,
    0.14017155766487122,
    0.1395568698644638,
    0.18916535377502441,
    0.0900338739156723,
    0.12472578138113022,
    0.060917336493730545,
    0.11933775991201401,
    0.5517088174819946,
    0.39506980776786804,
    0.22103534638881683,
    0.0,
    0.0,
    0.0,
    0.0
  ],
  "vector_dim": 83,
  "tempo": {
    "bpm_mean": 106.7,
    "bpm_std": 11.9,
    "bpm_min": 95.7,
    "bpm_max": 136.0,
    "bpm_median": 101.4
  },
  "key": {
    "top_key": "C minor",
    "distribution": {
      "C minor": 0.2,
      "C# minor": 0.2,
      "D# minor": 0.2,
      "D major": 0.1,
      "C# major": 0.1,
      "E minor": 0.1,
      "D minor": 0.1
    }
  },
  "signature_tags": [
    {
      "tag": "lo-fi hip hop with warm textures",
      "avg_score": 0.6473,
      "frequency": 1.0
    },
    {
      "tag": "minimalist sparse production",
      "avg_score": 0.6059,
      "frequency": 1.0
    }
  ],
  "tag_averages": {
    "lo-fi hip hop with warm textures": 0.6473,
    "minimalist sparse production": 0.6059,
    "soul sample with vinyl warmth": 0.5908,
    "R&B smooth instrumental": 0.5715,
    "drill beat with sliding 808s": 0.583,
    "hype and energetic mood": 0.574,
    "trap beat with rolling hi-hats": 0.5885,
    "rage beat with distorted synths": 0.5879,
    "uplifting and triumphant feel": 0.5605,
    "afrobeat rhythmic percussion": 0.5729,
    "pluggnb melodic beat": 0.5737,
    "jersey club with fast kicks": 0.5573,
    "mid-tempo groove": 0.5535,
    "acoustic drum kit": 0.55,
    "aggressive and hard-hitting energy": 0.5298,
    "triplet hi-hat flow": 0.5645,
    "808 bass with heavy sub frequencies": 0.5454,
    "choir and vocal chops": 0.5489,
    "lo-fi dusty texture": 0.546,
    "synth pad atmosphere": 0.5458,
    "boom bap with chopped samples": 0.5502,
    "crisp hi-hat patterns": 0.5526,
    "playful and bouncy energy": 0.5454,
    "sound effects and risers": 0.5369,
    "mysterious and suspenseful mood": 0.5137
  },
  "spectral": {
    "centroid_mean": 2251.4,
    "centroid_std": 389.2,
    "flatness_mean": 0.024769
  },
  "energy": {
    "rms_mean": 0.293868,
    "rms_std": 0.110342
  },
  "rhythm": {
    "onset_density_mean": 4.35,
    "onset_density_std": 0.66
  },
  "stems": null,
  "created_at": "2026-03-26T01:08:58Z",
  "meta": {
    "processing_time_sec": 40.4,
    "tracks_profiled": 10,
    "tracks_attempted": 10
  }
}