{
  "artist": "Babyface Ray",
  "track_count": 10,
  "centroid_vector": [
    0.053239237517118454,
    0.05164579302072525,
    0.047437798231840134,
    0.051045358180999756,
    0.05251389369368553,
    0.0503249354660511,
    0.05166010931134224,
    0.05539019778370857,
    0.05212736129760742,
    0.05146528407931328,
    0.05042678862810135,
    0.05311476066708565,
    0.049214672297239304,
    0.047712575644254684,
    0.054855890572071075,
    0.04997822269797325,
    0.04841217026114464,
    0.049105819314718246,
    0.051862992346286774,
    0.05057882145047188,
    0.0527217797935009,
    0.055736806243658066,
    0.05803178623318672,
    0.053894490003585815,
    0.05087023600935936,
    0.056873101741075516,
    0.05464823916554451,
    0.0521300807595253,
    0.05767304450273514,
    0.04983389005064964,
    0.05882973596453667,
    0.06409787386655807,
    0.05881379172205925,
    0.05636162310838699,
    0.05252332240343094,
    0.05700632557272911,
    0.0585169680416584,
    0.060132186859846115,
    0.052044618874788284,
    0.05562835931777954,
    0.050775837153196335,
    0.04730778560042381,
    0.048428039997816086,
    0.056114114820957184,
    0.061286598443984985,
    0.05222487077116966,
    0.04937668517231941,
    0.050946831703186035,
    0.04886479303240776,
    0.05396272614598274,
    0.04972287639975548,
    0.05014218017458916,
    3.6324996948242188,
    2.736449718475342,
    1.0548245906829834,
    0.08682840317487717,
    -6.782407760620117,
    5.855480194091797,
    1.306729793548584,
    1.3499741554260254,
    1.020798683166504,
    0.3371657729148865,
    0.3647933602333069,
    0.40082216262817383,
    -0.3243336081504822,
    0.5759921073913574,
    -0.12831661105155945,
    0.31412577629089355,
    0.13173240423202515,
    0.1480763852596283,
    0.16920417547225952,
    0.2846052050590515,
    -0.05113259330391884,
    0.2860559821128845,
    0.08192700147628784,
    0.20395441353321075,
    1.4307584762573242,
    2.444399833679199,
    1.6949197053909302,
    0.0,
    0.0,
    0.0,
    0.0
  ],
  "spread_vector": [
    0.0020319519098848104,
    0.002564731752499938,
    0.0021396903321146965,
    0.0029772936832159758,
    0.002634476637467742,
    0.0010115313343703747,
    0.0032391068525612354,
    0.0024952504318207502,
    0.0021003996953368187,
    0.0026704950723797083,
    0.0027821615803986788,
    0.0033579294104129076,
    0.0012606832897290587,
    0.0032451904844492674,
    0.002034864854067564,
    0.0027365924324840307,
    0.002400748897343874,
    0.0016626734286546707,
    0.0018440838903188705,
    0.003148771123960614,
    0.0023606736212968826,
    0.0028445476200431585,
    0.0022486699745059013,
    0.0023602282162755728,
    0.002123650163412094,
    0.0025125008542090654,
    0.0023419165518134832,
    0.0015620429767295718,
    0.0033371595200151205,
    0.003790203481912613,
    0.0029951592441648245,
    0.003111551282927394,
    0.0025063487701117992,
    0.0028092924039810896,
    0.002817465690895915,
    0.0032781001646071672,
    0.002928217640146613,
    0.0025314136873930693,
    0.002499497728422284,
    0.0021472300868481398,
    0.0024491760414093733,
    0.0022878965828567743,
    0.002219773828983307,
    0.0029163106810301542,
    0.003030185354873538,
    0.00205436535179615,
    0.0014789848355576396,
    0.002070403890684247,
    0.0014101368142291903,
    0.0016071731224656105,
    0.0034783564042299986,
    0.001399948145262897,
    1.2655022144317627,
    0.7703571915626526,
    0.1844758540391922,
    0.04382607713341713,
    2.005605459213257,
    1.1322917938232422,
    0.6662522554397583,
    0.34133023023605347,
    0.47234946489334106,
    0.21882382035255432,
    0.2273576855659485,
    0.3010183572769165,
    0.33207085728645325,
    0.20806235074996948,
    0.21524837613105774,
    0.2103910893201828,
    0.17199300229549408,
    0.1806667000055313,
    0.16920042037963867,
    0.21103912591934204,
    0.12550997734069824,
    0.15055690705776215,
    0.13796772062778473,
    0.09691692888736725,
    0.5045018196105957,
    0.6225224733352661,
    0.5445550680160522,
    0.0,
    0.0,
    0.0,
    0.0
  ],
  "vector_dim": 83,
  "tempo": {
    "bpm_mean": 112.7,
    "bpm_std": 25.3,
    "bpm_min": 89.1,
    "bpm_max": 172.3,
    "bpm_median": 99.4
  },
  "key": {
    "top_key": "F# minor",
    "distribution": {
      "F# minor": 0.3,
      "D minor": 0.2,
      "F major": 0.1,
      "E minor": 0.1,
      "G minor": 0.1,
      "F minor": 0.1,
      "D major": 0.1
    }
  },
  "signature_tags": [
    {
      "tag": "lo-fi hip hop with warm textures",
      "avg_score": 0.6453,
      "frequency": 1.0
    },
    {
      "tag": "minimalist sparse production",
      "avg_score": 0.6085,
      "frequency": 0.9
    },
    {
      "tag": "soul sample with vinyl warmth",
      "avg_score": 0.6029,
      "frequency": 1.0
    }
  ],
  "tag_averages": {
    "soul sample with vinyl warmth": 0.6029,
    "R&B smooth instrumental": 0.5827,
    "lo-fi hip hop with warm textures": 0.6453,
    "uplifting and triumphant feel": 0.5686,
    "hype and energetic mood": 0.5827,
    "chill and relaxed vibes": 0.5648,
    "melodic and emotional feel": 0.6066,
    "mysterious and suspenseful mood": 0.5736,
    "pluggnb melodic beat": 0.5788,
    "acoustic drum kit": 0.5623,
    "acoustic guitar": 0.5961,
    "choir and vocal chops": 0.5699,
    "piano melody": 0.5932,
    "triplet hi-hat flow": 0.5625,
    "ethereal and dreamy atmosphere": 0.5652,
    "minimalist sparse production": 0.6085,
    "synth pad atmosphere": 0.5466,
    "drill beat with sliding 808s": 0.5862,
    "mid-tempo groove": 0.5526,
    "rage beat with distorted synths": 0.5767,
    "trap beat with rolling hi-hats": 0.5859,
    "afrobeat rhythmic percussion": 0.5703,
    "808 bass with heavy sub frequencies": 0.5475,
    "lo-fi dusty texture": 0.5449,
    "jersey club with fast kicks": 0.5556,
    "boom bap with chopped samples": 0.5538
  },
  "spectral": {
    "centroid_mean": 2109.6,
    "centroid_std": 369.0,
    "flatness_mean": 0.021707
  },
  "energy": {
    "rms_mean": 0.286152,
    "rms_std": 0.1009
  },
  "rhythm": {
    "onset_density_mean": 4.07,
    "onset_density_std": 1.04
  },
  "stems": null,
  "created_at": "2026-03-26T01:09:55Z",
  "meta": {
    "processing_time_sec": 38.4,
    "tracks_profiled": 10,
    "tracks_attempted": 10
  }
}