{
  "artist": "Bad Bunny",
  "track_count": 8,
  "centroid_vector": [
    0.0517580583691597,
    0.05035942420363426,
    0.046478521078825,
    0.053509194403886795,
    0.054875560104846954,
    0.04895685240626335,
    0.05453939363360405,
    0.057361502200365067,
    0.054158009588718414,
    0.055422741919755936,
    0.04948334023356438,
    0.05806576833128929,
    0.05052994564175606,
    0.0493689589202404,
    0.0568731315433979,
    0.05081246420741081,
    0.04892095550894737,
    0.0500350259244442,
    0.052475642412900925,
    0.050661809742450714,
    0.05484132096171379,
    0.05667294189333916,
    0.06007811054587364,
    0.055305786430835724,
    0.051263995468616486,
    0.05990573763847351,
    0.056200724095106125,
    0.05319949612021446,
    0.05812937021255493,
    0.05162094905972481,
    0.05966571718454361,
    0.06454281508922577,
    0.05963931605219841,
    0.06112628057599068,
    0.054331403225660324,
    0.05688346549868584,
    0.06140287593007088,
    0.061103980988264084,
    0.05400186777114868,
    0.05750085040926933,
    0.052963804453611374,
    0.04962800070643425,
    0.048878055065870285,
    0.05620749667286873,
    0.06253894418478012,
    0.05473974347114563,
    0.05078340694308281,
    0.05325901508331299,
    0.050358857959508896,
    0.05487239360809326,
    0.05071122571825981,
    0.050497788935899734,
    3.627500057220459,
    3.7509372234344482,
    1.0079905986785889,
    0.0901389941573143,
    -7.399094581604004,
    5.974498748779297,
    0.12222075462341309,
    0.7331857681274414,
    0.2786850035190582,
    0.10363349318504333,
    -0.03244950622320175,
    0.5455919504165649,
    -0.5469652414321899,
    0.4180785119533539,
    0.032309241592884064,
    -0.004814251326024532,
    -0.030323997139930725,
    0.04473825544118881,
    -0.18314625322818756,
    0.12540674209594727,
    -0.301368772983551,
    0.07832549512386322,
    -0.12723223865032196,
    0.03472425043582916,
    1.043778896331787,
    2.2200000286102295,
    1.7046871185302734,
    0.0,
    0.0,
    0.0,
    0.0
  ],
  "spread_vector": [
    0.00325675867497921,
    0.003254821291193366,
    0.002641694387421012,
    0.004701581783592701,
    0.004204809200018644,
    0.003105914918705821,
    0.0036812012549489737,
    0.0053526959381997585,
    0.0037862085737288,
    0.0031648632138967514,
    0.002909723436459899,
    0.004491694271564484,
    0.003678374458104372,
    0.003027620492503047,
    0.004462537821382284,
    0.00198724796064198,
    0.004792355466634035,
    0.0033118396531790495,
    0.003888841485604644,
    0.002503775293007493,
    0.004285318311303854,
    0.004257747437804937,
    0.0034513194113969803,
    0.005102553404867649,
    0.004462724551558495,
    0.003836747957393527,
    0.003871927037835121,
    0.002067127265036106,
    0.003173521254211664,
    0.003842060687020421,
    0.004115017130970955,
    0.004105777945369482,
    0.003656883956864476,
    0.0038286540657281876,
    0.0033758950885385275,
    0.003195456461980939,
    0.003910598810762167,
    0.006307675037533045,
    0.003857474075630307,
    0.0031341207213699818,
    0.003149254946038127,
    0.004410622175782919,
    0.0034778122790157795,
    0.003178852144628763,
    0.004224155563861132,
    0.005014970898628235,
    0.003920392133295536,
    0.003648882731795311,
    0.004720527213066816,
    0.005638461094349623,
    0.004230528604239225,
    0.0030815310310572386,
    0.9344684481620789,
    0.40678319334983826,
    0.1518511325120926,
    0.06856828182935715,
    2.757986545562744,
    0.8806487917900085,
    0.7076630592346191,
    0.4951598644256592,
    0.46117356419563293,
    0.405368447303772,
    0.2820279002189636,
    0.5603259205818176,
    0.6155198216438293,
    0.36837998032569885,
    0.30676019191741943,
    0.33312758803367615,
    0.2687510550022125,
    0.22157742083072662,
    0.15872350335121155,
    0.2602198123931885,
    0.1995340883731842,
    0.13477298617362976,
    0.09024150669574738,
    0.12183976173400879,
    0.301912397146225,
    0.37749963998794556,
    0.5656003952026367,
    0.0,
    0.0,
    0.0,
    0.0
  ],
  "vector_dim": 83,
  "tempo": {
    "bpm_mean": 112.5,
    "bpm_std": 18.7,
    "bpm_min": 73.8,
    "bpm_max": 136.0,
    "bpm_median": 117.5
  },
  "key": {
    "top_key": "F minor",
    "distribution": {
      "F minor": 0.25,
      "E minor": 0.25,
      "F# minor": 0.125,
      "D major": 0.125,
      "G# major": 0.125,
      "D minor": 0.125
    }
  },
  "signature_tags": [
    {
      "tag": "lo-fi hip hop with warm textures",
      "avg_score": 0.651,
      "frequency": 1.0
    },
    {
      "tag": "afrobeat rhythmic percussion",
      "avg_score": 0.6335,
      "frequency": 0.88
    },
    {
      "tag": "minimalist sparse production",
      "avg_score": 0.6259,
      "frequency": 1.0
    },
    {
      "tag": "drill beat with sliding 808s",
      "avg_score": 0.6203,
      "frequency": 0.88
    },
    {
      "tag": "soul sample with vinyl warmth",
      "avg_score": 0.6153,
      "frequency": 1.0
    },
    {
      "tag": "pluggnb melodic beat",
      "avg_score": 0.615,
      "frequency": 1.0
    },
    {
      "tag": "hype and energetic mood",
      "avg_score": 0.6044,
      "frequency": 0.88
    },
    {
      "tag": "rage beat with distorted synths",
      "avg_score": 0.6022,
      "frequency": 0.62
    }
  ],
  "tag_averages": {
    "afrobeat rhythmic percussion": 0.6335,
    "pluggnb melodic beat": 0.615,
    "drill beat with sliding 808s": 0.6203,
    "lo-fi hip hop with warm textures": 0.651,
    "minimalist sparse production": 0.6259,
    "hype and energetic mood": 0.6044,
    "trap beat with rolling hi-hats": 0.5931,
    "mid-tempo groove": 0.5892,
    "uplifting and triumphant feel": 0.5925,
    "rage beat with distorted synths": 0.6022,
    "R&B smooth instrumental": 0.5886,
    "soul sample with vinyl warmth": 0.6153,
    "choir and vocal chops": 0.5798,
    "synth pad atmosphere": 0.5871,
    "triplet hi-hat flow": 0.5933,
    "acoustic drum kit": 0.5867,
    "ethereal and dreamy atmosphere": 0.5722,
    "mysterious and suspenseful mood": 0.5984,
    "layered and dense arrangement": 0.599,
    "slow tempo beat": 0.6225,
    "fast tempo beat": 0.6095,
    "acoustic guitar": 0.5966,
    "chill and relaxed vibes": 0.5599,
    "lo-fi dusty texture": 0.6375,
    "808 bass with heavy sub frequencies": 0.6614,
    "dark and ominous mood": 0.6414
  },
  "spectral": {
    "centroid_mean": 2016.0,
    "centroid_std": 303.7,
    "flatness_mean": 0.022535
  },
  "energy": {
    "rms_mean": 0.208756,
    "rms_std": 0.060382
  },
  "rhythm": {
    "onset_density_mean": 3.7,
    "onset_density_std": 0.63
  },
  "stems": null,
  "created_at": "2026-03-26T01:10:48Z",
  "meta": {
    "processing_time_sec": 36.5,
    "tracks_profiled": 8,
    "tracks_attempted": 8
  }
}