{
  "artist": "beyonce",
  "track_count": 10,
  "centroid_vector": [
    0.05055868253111839,
    0.05157698318362236,
    0.04678913578391075,
    0.05103546008467674,
    0.05238274484872818,
    0.04772212728857994,
    0.053093720227479935,
    0.0552169494330883,
    0.053037650883197784,
    0.0529354028403759,
    0.04969092831015587,
    0.05765938758850098,
    0.04933726415038109,
    0.047374408692121506,
    0.057250894606113434,
    0.051084864884614944,
    0.04847952350974083,
    0.0516202412545681,
    0.049805205315351486,
    0.05222445726394653,
    0.05337023735046387,
    0.054804276674985886,
    0.06120351701974869,
    0.053373511880636215,
    0.04908600077033043,
    0.05962643027305603,
    0.0549432635307312,
    0.05452737957239151,
    0.06078537926077843,
    0.05211731418967247,
    0.05975715443491936,
    0.0636926144361496,
    0.058108843863010406,
    0.05939239263534546,
    0.05648496374487877,
    0.05876138433814049,
    0.060721833258867264,
    0.06138112023472786,
    0.05238726735115051,
    0.05832117423415184,
    0.053187575191259384,
    0.0489082895219326,
    0.04907488450407982,
    0.05662868544459343,
    0.059459008276462555,
    0.05552506446838379,
    0.0508863590657711,
    0.05334218963980675,
    0.04967464134097099,
    0.05321226641535759,
    0.051463283598423004,
    0.050929125398397446,
    4.2729997634887695,
    3.001499652862549,
    1.2562791109085083,
    0.12544319033622742,
    -7.397911071777344,
    4.837309837341309,
    -0.11137200146913528,
    1.160201907157898,
    0.1356354057788849,
    0.16004398465156555,
    0.3985446095466614,
    0.03483659774065018,
    0.08494259417057037,
    0.4664034843444824,
    -0.17147037386894226,
    0.20659379661083221,
    -0.06032520532608032,
    0.21556560695171356,
    0.005077797919511795,
    0.06501840800046921,
    -0.08156159520149231,
    0.1353311836719513,
    -0.04496820271015167,
    0.23974741995334625,
    0.7704305648803711,
    1.8708000183105469,
    1.716524362564087,
    0.0,
    0.0,
    0.0,
    0.0
  ],
  "spread_vector": [
    0.0015286243287846446,
    0.003731474280357361,
    0.0024026562459766865,
    0.00237564230337739,
    0.00241110404022038,
    0.001477484474889934,
    0.0023821969516575336,
    0.0028808906208723783,
    0.002019760198891163,
    0.0019950137939304113,
    0.0036335804034024477,
    0.004901954438537359,
    0.0014782155631110072,
    0.0043880571611225605,
    0.003441620385274291,
    0.0026666957419365644,
    0.0025571470614522696,
    0.0029047427233308554,
    0.0026786632370203733,
    0.002291781594976783,
    0.003028299892321229,
    0.0024704383686184883,
    0.002483492949977517,
    0.0026396361645311117,
    0.0023120564874261618,
    0.0025161809753626585,
    0.0022964959498494864,
    0.0019672284834086895,
    0.00502969091758132,
    0.0038775508292019367,
    0.004311842378228903,
    0.0039156763814389706,
    0.0037325017619878054,
    0.003983506001532078,
    0.0029682142194360495,
    0.0036419895477592945,
    0.0035855527967214584,
    0.0035536547657102346,
    0.0025073541328310966,
    0.002776948967948556,
    0.0030269359704107046,
    0.0025100340135395527,
    0.0031905907671898603,
    0.003951569553464651,
    0.003299335017800331,
    0.002979025011882186,
    0.0019020738545805216,
    0.0024461750872433186,
    0.0023048873990774155,
    0.0027017833199352026,
    0.0037471947725862265,
    0.0017851053271442652,
    1.077042579650879,
    0.9018010497093201,
    0.1274118274450302,
    0.04919388145208359,
    3.7786288261413574,
    0.779875636100769,
    0.34992584586143494,
    0.34861257672309875,
    0.1789303869009018,
    0.18988417088985443,
    0.1468469500541687,
    0.23742660880088806,
    0.11219213157892227,
    0.13052614033222198,
    0.17046687006950378,
    0.15643543004989624,
    0.13661308586597443,
    0.12097054719924927,
    0.10830363631248474,
    0.13367313146591187,
    0.13686923682689667,
    0.17166461050510406,
    0.13713403046131134,
    0.17822840809822083,
    0.3093394339084625,
    0.33867645263671875,
    0.5428661108016968,
    0.0,
    0.0,
    0.0,
    0.0
  ],
  "vector_dim": 83,
  "tempo": {
    "bpm_mean": 125.5,
    "bpm_std": 21.5,
    "bpm_min": 95.7,
    "bpm_max": 172.3,
    "bpm_median": 126.1
  },
  "key": {
    "top_key": "F minor",
    "distribution": {
      "F minor": 0.3,
      "A minor": 0.2,
      "C major": 0.1,
      "E minor": 0.1,
      "C# minor": 0.1,
      "A# minor": 0.1,
      "C# major": 0.1
    }
  },
  "signature_tags": [
    {
      "tag": "lo-fi hip hop with warm textures",
      "avg_score": 0.6402,
      "frequency": 1.0
    },
    {
      "tag": "trap beat with rolling hi-hats",
      "avg_score": 0.6171,
      "frequency": 1.0
    },
    {
      "tag": "hype and energetic mood",
      "avg_score": 0.6152,
      "frequency": 1.0
    },
    {
      "tag": "pluggnb melodic beat",
      "avg_score": 0.614,
      "frequency": 1.0
    },
    {
      "tag": "soul sample with vinyl warmth",
      "avg_score": 0.6118,
      "frequency": 1.0
    },
    {
      "tag": "afrobeat rhythmic percussion",
      "avg_score": 0.6064,
      "frequency": 0.9
    },
    {
      "tag": "minimalist sparse production",
      "avg_score": 0.6054,
      "frequency": 0.9
    },
    {
      "tag": "drill beat with sliding 808s",
      "avg_score": 0.6053,
      "frequency": 1.0
    },
    {
      "tag": "uplifting and triumphant feel",
      "avg_score": 0.6019,
      "frequency": 1.0
    }
  ],
  "tag_averages": {
    "hype and energetic mood": 0.6152,
    "trap beat with rolling hi-hats": 0.6171,
    "afrobeat rhythmic percussion": 0.6064,
    "pluggnb melodic beat": 0.614,
    "uplifting and triumphant feel": 0.6019,
    "choir and vocal chops": 0.5952,
    "rage beat with distorted synths": 0.5958,
    "lo-fi hip hop with warm textures": 0.6402,
    "drill beat with sliding 808s": 0.6053,
    "soul sample with vinyl warmth": 0.6118,
    "mid-tempo groove": 0.5869,
    "layered and dense arrangement": 0.6183,
    "jersey club with fast kicks": 0.5734,
    "acoustic drum kit": 0.5867,
    "R&B smooth instrumental": 0.5903,
    "minimalist sparse production": 0.6054,
    "triplet hi-hat flow": 0.584,
    "mysterious and suspenseful mood": 0.5756,
    "fast tempo beat": 0.563,
    "playful and bouncy energy": 0.5611,
    "synth pad atmosphere": 0.5476,
    "melodic and emotional feel": 0.5943,
    "chill and relaxed vibes": 0.5978,
    "acoustic guitar": 0.5843
  },
  "spectral": {
    "centroid_mean": 2512.6,
    "centroid_std": 254.8,
    "flatness_mean": 0.031361
  },
  "energy": {
    "rms_mean": 0.154086,
    "rms_std": 0.061868
  },
  "rhythm": {
    "onset_density_mean": 3.12,
    "onset_density_std": 0.56
  },
  "stems": null,
  "created_at": "2026-03-26T02:03:34Z",
  "meta": {
    "processing_time_sec": 57.8,
    "tracks_profiled": 10,
    "tracks_attempted": 10
  }
}