{
  "artist": "Billie Eilish",
  "track_count": 10,
  "centroid_vector": [
    0.051763541996479034,
    0.050474632531404495,
    0.04787122830748558,
    0.053949374705553055,
    0.05497419834136963,
    0.049976956099271774,
    0.05345156788825989,
    0.0579858236014843,
    0.05482376739382744,
    0.05423671007156372,
    0.05240986496210098,
    0.05382665619254112,
    0.04954228922724724,
    0.04986480996012688,
    0.05507790669798851,
    0.05068986490368843,
    0.050867944955825806,
    0.05142928287386894,
    0.05363607406616211,
    0.04971088096499443,
    0.05393914133310318,
    0.055130939930677414,
    0.05676357075572014,
    0.05634734034538269,
    0.0538061261177063,
    0.057823266834020615,
    0.05634583160281181,
    0.05252758413553238,
    0.05467626079916954,
    0.047984663397073746,
    0.05499405413866043,
    0.05819506198167801,
    0.055016010999679565,
    0.05339865759015083,
    0.05141546204686165,
    0.052758295089006424,
    0.056851066648960114,
    0.06037208065390587,
    0.05238988623023033,
    0.05391596630215645,
    0.05046147108078003,
    0.04928605630993843,
    0.04865914210677147,
    0.054415978491306305,
    0.0577881820499897,
    0.054374661296606064,
    0.050270091742277145,
    0.052837785333395004,
    0.05079948529601097,
    0.056279074400663376,
    0.048737090080976486,
    0.052658744156360626,
    4.412999629974365,
    3.703850269317627,
    0.709046483039856,
    0.14318279922008514,
    -12.030511856079102,
    6.96177864074707,
    1.4259936809539795,
    1.386582851409912,
    0.5643612146377563,
    0.28069019317626953,
    0.25066623091697693,
    -0.12355619668960571,
    0.13540080189704895,
    -0.0747378021478653,
    -0.19514939188957214,
    -0.18092221021652222,
    -0.18917042016983032,
    0.21637018024921417,
    -0.2102597951889038,
    0.021619800478219986,
    -0.05482080578804016,
    0.035437799990177155,
    -0.023635799065232277,
    0.0805031955242157,
    0.9486171007156372,
    1.3589999675750732,
    1.6067359447479248,
    0.0,
    0.0,
    0.0,
    0.0
  ],
  "spread_vector": [
    0.0032703266479074955,
    0.0028300124686211348,
    0.0027881262358278036,
    0.00381170934997499,
    0.003039258299395442,
    0.0028082982171326876,
    0.0025169672444462776,
    0.0027271199505776167,
    0.002352922922000289,
    0.004070051945745945,
    0.0020982425194233656,
    0.003306930186226964,
    0.0027281639631837606,
    0.0030324801336973906,
    0.0024963885080069304,
    0.0023569834884256124,
    0.0034575562458485365,
    0.0033409481402486563,
    0.0032523616682738066,
    0.0021244322415441275,
    0.002518079010769725,
    0.0031022278126329184,
    0.0022648244630545378,
    0.002702938159927726,
    0.0033115248661488295,
    0.0014828488929197192,
    0.002798935165628791,
    0.001398146036081016,
    0.00200649187900126,
    0.0014668734511360526,
    0.002354235388338566,
    0.0026393260341137648,
    0.003812589216977358,
    0.0034988434053957462,
    0.002967267530038953,
    0.004426829982548952,
    0.002766744000837207,
    0.003162207081913948,
    0.0028046767693012953,
    0.002975136274471879,
    0.002573775826022029,
    0.0036238289903849363,
    0.002191579667851329,
    0.0030293415766209364,
    0.00361642730422318,
    0.0017171815270558,
    0.002010695869103074,
    0.002570961369201541,
    0.002189642284065485,
    0.004133115988224745,
    0.0025721450801938772,
    0.003956067841500044,
    1.4838870763778687,
    0.5182428359985352,
    0.14857760071754456,
    0.13802310824394226,
    3.0507025718688965,
    0.6523921489715576,
    0.5393024682998657,
    0.35021594166755676,
    0.2693975269794464,
    0.44153067469596863,
    0.2271103709936142,
    0.36884379386901855,
    0.2346915304660797,
    0.2810184359550476,
    0.28320950269699097,
    0.2813109755516052,
    0.1975412368774414,
    0.1977086365222931,
    0.14522196352481842,
    0.21009019017219543,
    0.13695402443408966,
    0.15998056530952454,
    0.16271863877773285,
    0.15735739469528198,
    0.24373570084571838,
    0.5331718325614929,
    0.6037606596946716,
    0.0,
    0.0,
    0.0,
    0.0
  ],
  "vector_dim": 83,
  "tempo": {
    "bpm_mean": 128.3,
    "bpm_std": 29.7,
    "bpm_min": 60.1,
    "bpm_max": 172.3,
    "bpm_median": 132.6
  },
  "key": {
    "top_key": "E minor",
    "distribution": {
      "E minor": 0.3,
      "G major": 0.2,
      "C# minor": 0.1,
      "D major": 0.1,
      "G minor": 0.1,
      "A major": 0.1,
      "C major": 0.1
    }
  },
  "signature_tags": [
    {
      "tag": "minimalist sparse production",
      "avg_score": 0.6234,
      "frequency": 1.0
    },
    {
      "tag": "lo-fi hip hop with warm textures",
      "avg_score": 0.6213,
      "frequency": 1.0
    },
    {
      "tag": "soul sample with vinyl warmth",
      "avg_score": 0.6176,
      "frequency": 1.0
    },
    {
      "tag": "pluggnb melodic beat",
      "avg_score": 0.609,
      "frequency": 1.0
    },
    {
      "tag": "synth pad atmosphere",
      "avg_score": 0.6081,
      "frequency": 0.7
    },
    {
      "tag": "hype and energetic mood",
      "avg_score": 0.605,
      "frequency": 0.7
    },
    {
      "tag": "ethereal and dreamy atmosphere",
      "avg_score": 0.6043,
      "frequency": 0.7
    },
    {
      "tag": "uplifting and triumphant feel",
      "avg_score": 0.6025,
      "frequency": 0.9
    },
    {
      "tag": "R&B smooth instrumental",
      "avg_score": 0.6024,
      "frequency": 0.9
    }
  ],
  "tag_averages": {
    "orchestral strings": 0.6085,
    "uplifting and triumphant feel": 0.6025,
    "mysterious and suspenseful mood": 0.594,
    "pluggnb melodic beat": 0.609,
    "ethereal and dreamy atmosphere": 0.6043,
    "melodic and emotional feel": 0.595,
    "hype and energetic mood": 0.605,
    "synth pad atmosphere": 0.6081,
    "piano melody": 0.6073,
    "minimalist sparse production": 0.6234,
    "lo-fi hip hop with warm textures": 0.6213,
    "chill and relaxed vibes": 0.5973,
    "R&B smooth instrumental": 0.6024,
    "soul sample with vinyl warmth": 0.6176,
    "flute melody": 0.6042,
    "drill beat with sliding 808s": 0.5984,
    "afrobeat rhythmic percussion": 0.5975,
    "trap beat with rolling hi-hats": 0.584,
    "rage beat with distorted synths": 0.5741,
    "mid-tempo groove": 0.5734,
    "triplet hi-hat flow": 0.5657,
    "jersey club with fast kicks": 0.5475,
    "choir and vocal chops": 0.6152,
    "acoustic drum kit": 0.5834,
    "layered and dense arrangement": 0.5951,
    "acoustic guitar": 0.6007,
    "lo-fi dusty texture": 0.6117,
    "dark and ominous mood": 0.5888,
    "vinyl crackle and texture": 0.5887,
    "808 bass with heavy sub frequencies": 0.5646,
    "plucked harp or kalimba": 0.6424
  },
  "spectral": {
    "centroid_mean": 1418.1,
    "centroid_std": 297.2,
    "flatness_mean": 0.035796
  },
  "energy": {
    "rms_mean": 0.189723,
    "rms_std": 0.048747
  },
  "rhythm": {
    "onset_density_mean": 2.26,
    "onset_density_std": 0.89
  },
  "stems": null,
  "created_at": "2026-03-26T01:11:52Z",
  "meta": {
    "processing_time_sec": 43.5,
    "tracks_profiled": 10,
    "tracks_attempted": 10
  }
}