{
  "artist": "brent faiyaz",
  "track_count": 10,
  "centroid_vector": [
    0.05297011137008667,
    0.05069833621382713,
    0.0468098483979702,
    0.05192539095878601,
    0.05328308418393135,
    0.050139375030994415,
    0.05337052419781685,
    0.0577821247279644,
    0.0538952462375164,
    0.05312786251306534,
    0.050979405641555786,
    0.0553254671394825,
    0.04962694272398949,
    0.04876507446169853,
    0.055169809609651566,
    0.05002697929739952,
    0.04833368584513664,
    0.04906585440039635,
    0.05320487171411514,
    0.0499056838452816,
    0.05413127690553665,
    0.05635327100753784,
    0.058540116995573044,
    0.05569184944033623,
    0.05154278501868248,
    0.05866929516196251,
    0.055810656398534775,
    0.05235227569937706,
    0.05694330483675003,
    0.04952408745884895,
    0.058172792196273804,
    0.06393019109964371,
    0.0587722472846508,
    0.05685630068182945,
    0.0525764636695385,
    0.05683640390634537,
    0.05962270498275757,
    0.06056586652994156,
    0.05282372981309891,
    0.055847782641649246,
    0.05145219713449478,
    0.04818530008196831,
    0.04870152100920677,
    0.05581222102046013,
    0.061867423355579376,
    0.05341094359755516,
    0.04966164752840996,
    0.05131896957755089,
    0.05007350072264671,
    0.05485326051712036,
    0.049619924277067184,
    0.05010121688246727,
    3.9714999198913574,
    3.3538999557495117,
    0.9253970384597778,
    0.11957959085702896,
    -10.276802062988281,
    6.314454078674316,
    0.7601633071899414,
    1.0799070596694946,
    0.5893133878707886,
    0.02392919920384884,
    0.25211700797080994,
    0.19251000881195068,
    -0.17618578672409058,
    0.3012828230857849,
    -0.18792122602462769,
    0.17748838663101196,
    -0.12985560297966003,
    0.06270900368690491,
    0.06113159656524658,
    -0.07632780075073242,
    -0.15867000818252563,
    0.03225840628147125,
    -0.14095139503479004,
    0.056152794510126114,
    0.8504728078842163,
    1.7292001247406006,
    1.686685562133789,
    0.0,
    0.0,
    0.0,
    0.0
  ],
  "spread_vector": [
    0.0031060136388987303,
    0.001411603414453566,
    0.0010860477341338992,
    0.002142741810530424,
    0.002654704498127103,
    0.0016816927818581462,
    0.00199344614520669,
    0.002748084021732211,
    0.0028111140709370375,
    0.002101331949234009,
    0.0026619539130479097,
    0.003749048337340355,
    0.0025190587621182203,
    0.0022796746343374252,
    0.0021666453685611486,
    0.0019836195278912783,
    0.0024800554383546114,
    0.0013354470720514655,
    0.0022527258843183517,
    0.0018926579505205154,
    0.003046205034479499,
    0.0028788025956600904,
    0.0018630443373695016,
    0.003366399323567748,
    0.002512033097445965,
    0.0020537462551146746,
    0.0020486547145992517,
    0.0012210927670821548,
    0.0021530489902943373,
    0.0024884615559130907,
    0.002782948547974229,
    0.0026776401791721582,
    0.0025192222092300653,
    0.0020327684469521046,
    0.0022752524819225073,
    0.0023892668541520834,
    0.0016400497406721115,
    0.003364172298461199,
    0.002545036841183901,
    0.0016387617215514183,
    0.0023760467302054167,
    0.002475758083164692,
    0.0024642932694405317,
    0.0016576256603002548,
    0.0024093533866107464,
    0.0035355619620531797,
    0.0017417261842638254,
    0.002478108974173665,
    0.002692234003916383,
    0.002323170891031623,
    0.002224299591034651,
    0.0017464816337451339,
    1.2643932104110718,
    0.3849911689758301,
    0.2229948490858078,
    0.08554131537675858,
    2.474128484725952,
    1.4084882736206055,
    0.8180674910545349,
    0.45688220858573914,
    0.28905603289604187,
    0.3918808102607727,
    0.31275391578674316,
    0.2172551304101944,
    0.2700961232185364,
    0.23808187246322632,
    0.191823810338974,
    0.2289598286151886,
    0.15448620915412903,
    0.14177127182483673,
    0.24425366520881653,
    0.10975386202335358,
    0.08970299363136292,
    0.1435270458459854,
    0.1296488344669342,
    0.16624873876571655,
    0.24709409475326538,
    0.5791650414466858,
    0.43916499614715576,
    0.0,
    0.0,
    0.0,
    0.0
  ],
  "vector_dim": 83,
  "tempo": {
    "bpm_mean": 119.4,
    "bpm_std": 25.3,
    "bpm_min": 71.8,
    "bpm_max": 161.5,
    "bpm_median": 123.3
  },
  "key": {
    "top_key": "C# minor",
    "distribution": {
      "C# minor": 0.2,
      "A major": 0.1,
      "D minor": 0.1,
      "E major": 0.1,
      "F minor": 0.1,
      "A minor": 0.1,
      "E minor": 0.1,
      "D major": 0.1,
      "F major": 0.1
    }
  },
  "signature_tags": [
    {
      "tag": "lo-fi hip hop with warm textures",
      "avg_score": 0.6463,
      "frequency": 1.0
    },
    {
      "tag": "minimalist sparse production",
      "avg_score": 0.6286,
      "frequency": 1.0
    },
    {
      "tag": "soul sample with vinyl warmth",
      "avg_score": 0.6012,
      "frequency": 1.0
    }
  ],
  "tag_averages": {
    "lo-fi hip hop with warm textures": 0.6463,
    "minimalist sparse production": 0.6286,
    "drill beat with sliding 808s": 0.5998,
    "pluggnb melodic beat": 0.597,
    "soul sample with vinyl warmth": 0.6012,
    "rage beat with distorted synths": 0.5828,
    "trap beat with rolling hi-hats": 0.5844,
    "hype and energetic mood": 0.5829,
    "afrobeat rhythmic percussion": 0.5855,
    "R&B smooth instrumental": 0.5988,
    "uplifting and triumphant feel": 0.5871,
    "triplet hi-hat flow": 0.5661,
    "synth pad atmosphere": 0.5808,
    "lo-fi dusty texture": 0.5605,
    "mid-tempo groove": 0.5655,
    "chill and relaxed vibes": 0.5858,
    "ethereal and dreamy atmosphere": 0.5825,
    "mysterious and suspenseful mood": 0.5675,
    "synthesizer lead melody": 0.5631,
    "flute melody": 0.5576,
    "808 bass with heavy sub frequencies": 0.5603,
    "jersey club with fast kicks": 0.5212,
    "choir and vocal chops": 0.5785,
    "acoustic guitar": 0.5768,
    "orchestral strings": 0.5702,
    "melodic and emotional feel": 0.564,
    "acoustic drum kit": 0.5858
  },
  "spectral": {
    "centroid_mean": 1850.8,
    "centroid_std": 446.0,
    "flatness_mean": 0.029895
  },
  "energy": {
    "rms_mean": 0.170095,
    "rms_std": 0.049419
  },
  "rhythm": {
    "onset_density_mean": 2.88,
    "onset_density_std": 0.97
  },
  "stems": null,
  "created_at": "2026-03-26T00:55:51Z",
  "meta": {
    "processing_time_sec": 66.9,
    "tracks_profiled": 10,
    "tracks_attempted": 10
  }
}