{
  "artist": "Cardi B",
  "track_count": 8,
  "centroid_vector": [
    0.05112237483263016,
    0.051140911877155304,
    0.04784403368830681,
    0.051371682435274124,
    0.053894396871328354,
    0.050128813832998276,
    0.053452398627996445,
    0.05584597587585449,
    0.0536591112613678,
    0.05362635850906372,
    0.048698555678129196,
    0.05602870136499405,
    0.04916543886065483,
    0.04787902161478996,
    0.0559060163795948,
    0.051295217126607895,
    0.047966476529836655,
    0.05059495568275452,
    0.050906192511320114,
    0.050765424966812134,
    0.05284736305475235,
    0.05529310926795006,
    0.05805566534399986,
    0.0537477545440197,
    0.05010807141661644,
    0.05815862491726875,
    0.054778169840574265,
    0.05285501480102539,
    0.056925415992736816,
    0.050453927367925644,
    0.058141451328992844,
    0.06128993630409241,
    0.05716684088110924,
    0.05754959210753441,
    0.05413825437426567,
    0.05574606731534004,
    0.05841146782040596,
    0.05949714779853821,
    0.05186748504638672,
    0.0557267963886261,
    0.05144273862242699,
    0.04823483154177666,
    0.04880658909678459,
    0.055964309722185135,
    0.059908587485551834,
    0.05283463001251221,
    0.05010617524385452,
    0.05247199535369873,
    0.049578193575143814,
    0.053999852389097214,
    0.05069153383374214,
    0.05046742781996727,
    4.630624771118164,
    3.7903127670288086,
    1.1525837182998657,
    0.1627030074596405,
    -4.996170520782471,
    5.117500305175781,
    0.09014023840427399,
    1.0513956546783447,
    0.07890599966049194,
    0.2614395022392273,
    0.052908752113580704,
    0.20981398224830627,
    0.07559250295162201,
    0.23270323872566223,
    -0.12813299894332886,
    0.1438319981098175,
    -0.060074251145124435,
    0.09066149592399597,
    -0.20422424376010895,
    -0.031752005219459534,
    -0.237348735332489,
    0.0923362523317337,
    -0.12084974348545074,
    0.14826899766921997,
    1.1801406145095825,
    2.3017501831054688,
    1.938840389251709,
    0.0,
    0.0,
    0.0,
    0.0
  ],
  "spread_vector": [
    0.002084125764667988,
    0.005207754205912352,
    0.004456665832549334,
    0.004283323884010315,
    0.005493713077157736,
    0.0031332552898675203,
    0.004605325870215893,
    0.004277823027223349,
    0.005282751750200987,
    0.004951643757522106,
    0.0037401076406240463,
    0.004849362652748823,
    0.003605345729738474,
    0.004853035788983107,
    0.005536994431167841,
    0.0019491842249408364,
    0.004093181807547808,
    0.004594936966896057,
    0.003985296469181776,
    0.003264393424615264,
    0.004183280281722546,
    0.004892419558018446,
    0.0037110578268766403,
    0.00469224713742733,
    0.004925526212900877,
    0.0036929454654455185,
    0.0048238299787044525,
    0.0028261716943234205,
    0.0037760634440928698,
    0.003645690158009529,
    0.004271638114005327,
    0.004708798602223396,
    0.0031664699781686068,
    0.00485290726646781,
    0.003447244642302394,
    0.0036169388331472874,
    0.004636530298739672,
    0.006529840175062418,
    0.00548403849825263,
    0.0032586362212896347,
    0.004226210527122021,
    0.0056374757550656796,
    0.0048803240060806274,
    0.004821849055588245,
    0.005369709338992834,
    0.003389538498595357,
    0.0033869375474750996,
    0.005205104593187571,
    0.004095179494470358,
    0.00587468734011054,
    0.0047506182454526424,
    0.003336889436468482,
    0.6015418767929077,
    0.8683851957321167,
    0.12432227283716202,
    0.08276953548192978,
    1.309918999671936,
    0.7375471591949463,
    1.027914047241211,
    0.41501346230506897,
    0.3356277346611023,
    0.18030691146850586,
    0.23313060402870178,
    0.13818024098873138,
    0.24264580011367798,
    0.15514688193798065,
    0.26861870288848877,
    0.1854860931634903,
    0.10448332130908966,
    0.14393091201782227,
    0.11536416411399841,
    0.13066279888153076,
    0.22278925776481628,
    0.05735936760902405,
    0.2107495367527008,
    0.19211514294147491,
    0.09236371517181396,
    0.2530146837234497,
    0.49282705783843994,
    0.0,
    0.0,
    0.0,
    0.0
  ],
  "vector_dim": 83,
  "tempo": {
    "bpm_mean": 132.6,
    "bpm_std": 12.0,
    "bpm_min": 123.0,
    "bpm_max": 161.5,
    "bpm_median": 129.2
  },
  "key": {
    "top_key": "C major",
    "distribution": {
      "C major": 0.25,
      "C# major": 0.125,
      "C# minor": 0.125,
      "F# minor": 0.125,
      "F minor": 0.125,
      "D major": 0.125,
      "G# major": 0.125
    }
  },
  "signature_tags": [
    {
      "tag": "minimalist sparse production",
      "avg_score": 0.6289,
      "frequency": 0.62
    },
    {
      "tag": "pluggnb melodic beat",
      "avg_score": 0.6038,
      "frequency": 0.62
    },
    {
      "tag": "drill beat with sliding 808s",
      "avg_score": 0.6004,
      "frequency": 0.62
    }
  ],
  "tag_averages": {
    "acoustic drum kit": 0.5589,
    "uplifting and triumphant feel": 0.587,
    "choir and vocal chops": 0.5488,
    "jersey club with fast kicks": 0.5494,
    "soul sample with vinyl warmth": 0.5855,
    "acoustic guitar": 0.553,
    "hype and energetic mood": 0.5862,
    "boom bap with chopped samples": 0.517,
    "layered and dense arrangement": 0.5984,
    "electric guitar with distortion": 0.5463,
    "finger snaps and claps": 0.5365,
    "lo-fi hip hop with warm textures": 0.598,
    "trap beat with rolling hi-hats": 0.5703,
    "R&B smooth instrumental": 0.5738,
    "rage beat with distorted synths": 0.5642,
    "minimalist sparse production": 0.6289,
    "synth pad atmosphere": 0.5919,
    "lo-fi dusty texture": 0.6067,
    "pluggnb melodic beat": 0.6038,
    "orchestral strings": 0.5741,
    "chill and relaxed vibes": 0.5587,
    "mid-tempo groove": 0.5653,
    "drill beat with sliding 808s": 0.6004,
    "vinyl crackle and texture": 0.6496,
    "mysterious and suspenseful mood": 0.5775,
    "ethereal and dreamy atmosphere": 0.6421,
    "sound effects and risers": 0.6384,
    "dark and ominous mood": 0.6376,
    "melodic and emotional feel": 0.6209,
    "wide stereo image": 0.6104,
    "bell sounds and chimes": 0.5769,
    "slow tempo beat": 0.6084,
    "afrobeat rhythmic percussion": 0.5911,
    "synthesizer lead melody": 0.5655,
    "triplet hi-hat flow": 0.5583,
    "brass horns": 0.5433,
    "heavy reverb and spacious": 0.5126
  },
  "spectral": {
    "centroid_mean": 2305.2,
    "centroid_std": 248.6,
    "flatness_mean": 0.040676
  },
  "energy": {
    "rms_mean": 0.236028,
    "rms_std": 0.018473
  },
  "rhythm": {
    "onset_density_mean": 3.84,
    "onset_density_std": 0.42
  },
  "stems": null,
  "created_at": "2026-03-26T01:12:51Z",
  "meta": {
    "processing_time_sec": 42.0,
    "tracks_profiled": 8,
    "tracks_attempted": 8
  }
}