{
  "artist": "ciara",
  "track_count": 10,
  "centroid_vector": [
    0.05177919194102287,
    0.05204734951257706,
    0.04717249795794487,
    0.05282960459589958,
    0.05332435294985771,
    0.04989380016922951,
    0.054187219589948654,
    0.05591855198144913,
    0.05230556055903435,
    0.053393613547086716,
    0.04953416809439659,
    0.054788537323474884,
    0.0479656420648098,
    0.048064302653074265,
    0.05554009601473808,
    0.05190857872366905,
    0.04869287088513374,
    0.04989543929696083,
    0.050959791988134384,
    0.051371365785598755,
    0.05468841269612312,
    0.05626736208796501,
    0.06056898832321167,
    0.0541180744767189,
    0.05140916258096695,
    0.058380126953125,
    0.05541118606925011,
    0.05333743616938591,
    0.05898483470082283,
    0.05031196027994156,
    0.06040196493268013,
    0.06310802698135376,
    0.05943277105689049,
    0.057997770607471466,
    0.05426584556698799,
    0.05828859284520149,
    0.06104554608464241,
    0.060366999357938766,
    0.05345701053738594,
    0.057138800621032715,
    0.05326543003320694,
    0.04911322519183159,
    0.05051654204726219,
    0.05695506930351257,
    0.061185311526060104,
    0.053554534912109375,
    0.0507977120578289,
    0.05279630422592163,
    0.048596616834402084,
    0.05377638339996338,
    0.05115256458520889,
    0.051500409841537476,
    3.995999574661255,
    2.837550163269043,
    1.2603490352630615,
    0.14347480237483978,
    -8.10562515258789,
    4.634886741638184,
    0.7114410400390625,
    1.1605212688446045,
    0.5271378755569458,
    0.3230423927307129,
    0.4793555736541748,
    0.15455642342567444,
    0.08805720508098602,
    0.5158956050872803,
    -0.3435906171798706,
    0.24019499123096466,
    -0.14141881465911865,
    0.1885133981704712,
    0.0011868015863001347,
    0.34806960821151733,
    -0.07784759998321533,
    0.2186892032623291,
    -0.058174800127744675,
    0.2443103939294815,
    0.8379462957382202,
    2.020200252532959,
    1.9363267421722412,
    0.0,
    0.0,
    0.0,
    0.0
  ],
  "spread_vector": [
    0.00110217509791255,
    0.0009255492477677763,
    0.0007782829343341291,
    0.0027421365957707167,
    0.002602215623483062,
    0.0021965671330690384,
    0.0025309461634606123,
    0.002278870204463601,
    0.002049490576609969,
    0.0025336563121527433,
    0.0018344903364777565,
    0.003877989249303937,
    0.0010506714461371303,
    0.0022689669858664274,
    0.0021178307943046093,
    0.003167645772919059,
    0.002278149826452136,
    0.0017588945338502526,
    0.0021321161184459925,
    0.0018913537496700883,
    0.003876002272590995,
    0.003324417397379875,
    0.002548457821831107,
    0.0030158248264342546,
    0.003396987682208419,
    0.002408387837931514,
    0.002733085071668029,
    0.0017718489980325103,
    0.0016831724205985665,
    0.0022931299172341824,
    0.002124559134244919,
    0.002910658484324813,
    0.0035688665229827166,
    0.0015599500620737672,
    0.0016902711940929294,
    0.0021402467973530293,
    0.002688413253054023,
    0.004409703891724348,
    0.0017093800706788898,
    0.0024457613471895456,
    0.0017094915965572,
    0.001490531605668366,
    0.0017132054781541228,
    0.0015785208670422435,
    0.002129980595782399,
    0.003119691042229533,
    0.001987067749723792,
    0.003139053238555789,
    0.0021727161947637796,
    0.0020501744002103806,
    0.0020502679981291294,
    0.002177685499191284,
    0.6236698031425476,
    0.8915045857429504,
    0.1910398006439209,
    0.08243393152952194,
    1.8822358846664429,
    0.9111311435699463,
    0.40824341773986816,
    0.2810409963130951,
    0.22988206148147583,
    0.2997978925704956,
    0.16605451703071594,
    0.2972111701965332,
    0.17778174579143524,
    0.20859524607658386,
    0.25265055894851685,
    0.10248984396457672,
    0.1889282763004303,
    0.18428516387939453,
    0.20679092407226562,
    0.18708065152168274,
    0.16748398542404175,
    0.21807792782783508,
    0.1726464331150055,
    0.15298420190811157,
    0.2833632826805115,
    0.3635232448577881,
    0.4174696207046509,
    0.0,
    0.0,
    0.0,
    0.0
  ],
  "vector_dim": 83,
  "tempo": {
    "bpm_mean": 119.9,
    "bpm_std": 12.5,
    "bpm_min": 95.7,
    "bpm_max": 136.0,
    "bpm_median": 126.1
  },
  "key": {
    "top_key": "G minor",
    "distribution": {
      "G minor": 0.3,
      "C minor": 0.1,
      "F# minor": 0.1,
      "G major": 0.1,
      "D minor": 0.1,
      "A major": 0.1,
      "G# major": 0.1,
      "D major": 0.1
    }
  },
  "signature_tags": [
    {
      "tag": "lo-fi hip hop with warm textures",
      "avg_score": 0.6343,
      "frequency": 1.0
    },
    {
      "tag": "pluggnb melodic beat",
      "avg_score": 0.6163,
      "frequency": 1.0
    },
    {
      "tag": "hype and energetic mood",
      "avg_score": 0.6136,
      "frequency": 0.9
    },
    {
      "tag": "minimalist sparse production",
      "avg_score": 0.613,
      "frequency": 1.0
    },
    {
      "tag": "soul sample with vinyl warmth",
      "avg_score": 0.6096,
      "frequency": 1.0
    },
    {
      "tag": "drill beat with sliding 808s",
      "avg_score": 0.6048,
      "frequency": 1.0
    },
    {
      "tag": "R&B smooth instrumental",
      "avg_score": 0.6012,
      "frequency": 0.7
    }
  ],
  "tag_averages": {
    "uplifting and triumphant feel": 0.5934,
    "lo-fi hip hop with warm textures": 0.6343,
    "hype and energetic mood": 0.6136,
    "pluggnb melodic beat": 0.6163,
    "soul sample with vinyl warmth": 0.6096,
    "rage beat with distorted synths": 0.5945,
    "minimalist sparse production": 0.613,
    "drill beat with sliding 808s": 0.6048,
    "synth pad atmosphere": 0.5886,
    "trap beat with rolling hi-hats": 0.5935,
    "layered and dense arrangement": 0.6059,
    "mysterious and suspenseful mood": 0.6021,
    "choir and vocal chops": 0.5811,
    "afrobeat rhythmic percussion": 0.5871,
    "mid-tempo groove": 0.5788,
    "synthesizer lead melody": 0.5675,
    "triplet hi-hat flow": 0.5768,
    "jersey club with fast kicks": 0.5568,
    "R&B smooth instrumental": 0.6012,
    "acoustic drum kit": 0.5565,
    "chill and relaxed vibes": 0.5738,
    "melodic and emotional feel": 0.5908,
    "lo-fi dusty texture": 0.6027,
    "acoustic guitar": 0.5842,
    "flute melody": 0.5819,
    "orchestral strings": 0.5781,
    "ethereal and dreamy atmosphere": 0.581
  },
  "spectral": {
    "centroid_mean": 2520.7,
    "centroid_std": 382.1,
    "flatness_mean": 0.035869
  },
  "energy": {
    "rms_mean": 0.167589,
    "rms_std": 0.056673
  },
  "rhythm": {
    "onset_density_mean": 3.37,
    "onset_density_std": 0.61
  },
  "stems": null,
  "created_at": "2026-03-26T02:04:43Z",
  "meta": {
    "processing_time_sec": 47.7,
    "tracks_profiled": 10,
    "tracks_attempted": 10
  }
}