{
  "artist": "DaBaby",
  "track_count": 10,
  "centroid_vector": [
    0.0538630373775959,
    0.05241518095135689,
    0.047815870493650436,
    0.05121825262904167,
    0.05227055773139,
    0.049671392887830734,
    0.05108494311571121,
    0.05559035763144493,
    0.05293823406100273,
    0.052009113132953644,
    0.04970262572169304,
    0.05377313122153282,
    0.0495394729077816,
    0.04734654352068901,
    0.05547439679503441,
    0.05082676559686661,
    0.04991393908858299,
    0.051455628126859665,
    0.053571708500385284,
    0.052745819091796875,
    0.053169406950473785,
    0.05548710748553276,
    0.058873094618320465,
    0.054095782339572906,
    0.05111625790596008,
    0.05778505280613899,
    0.056021519005298615,
    0.05286486819386482,
    0.05906127765774727,
    0.05219978094100952,
    0.05987761169672012,
    0.06609924137592316,
    0.059312641620635986,
    0.05894816666841507,
    0.05462787672877312,
    0.057660650461912155,
    0.05911669135093689,
    0.061091769486665726,
    0.05402987822890282,
    0.05657407268881798,
    0.052456002682447433,
    0.04912325367331505,
    0.049673501402139664,
    0.05671090632677078,
    0.06253501027822495,
    0.05340897664427757,
    0.05031806230545044,
    0.05260758474469185,
    0.050452347844839096,
    0.05515171214938164,
    0.05194234475493431,
    0.0513530857861042,
    3.607499599456787,
    3.536149501800537,
    1.2316615581512451,
    0.13776320219039917,
    -6.204750061035156,
    5.014436721801758,
    0.6168030500411987,
    0.754287600517273,
    0.40119117498397827,
    0.17429760098457336,
    -0.3669012188911438,
    0.18094921112060547,
    -0.48994919657707214,
    0.17324283719062805,
    -0.4659750461578369,
    0.07103940099477768,
    -0.14475299417972565,
    -0.11646600812673569,
    -0.02895119972527027,
    0.25414741039276123,
    -0.24662157893180847,
    0.06458340585231781,
    -0.22682279348373413,
    -0.035408999770879745,
    1.2269175052642822,
    2.4407997131347656,
    1.4489309787750244,
    0.0,
    0.0,
    0.0,
    0.0
  ],
  "spread_vector": [
    0.0022843482438474894,
    0.0021648879628628492,
    0.001403429894708097,
    0.002099325880408287,
    0.0017875690246000886,
    0.0008761519566178322,
    0.0014929507160559297,
    0.003836367279291153,
    0.002578464336693287,
    0.0024376409128308296,
    0.0033437551464885473,
    0.0027652985882014036,
    0.0013527431292459369,
    0.0031273297499865294,
    0.0017867054557427764,
    0.0021157413721084595,
    0.003726997645571828,
    0.0036854424979537725,
    0.004572560545057058,
    0.002400108613073826,
    0.002070885617285967,
    0.001624335185624659,
    0.0015609775437042117,
    0.003374061780050397,
    0.0020327414385974407,
    0.0022023040801286697,
    0.0035019447095692158,
    0.0019808716606348753,
    0.002349562244489789,
    0.0018818344688042998,
    0.001709064352326095,
    0.0021601670887321234,
    0.002305608242750168,
    0.0015192533610388637,
    0.0020395179744809866,
    0.0011232405668124557,
    0.001603216864168644,
    0.0031207778956741095,
    0.0026803601067513227,
    0.002002922585234046,
    0.002191429492086172,
    0.0023596191313117743,
    0.002012438839301467,
    0.0021457350812852383,
    0.0021798836532980204,
    0.00441989628598094,
    0.0017624488100409508,
    0.0023514172062277794,
    0.0026341367047280073,
    0.002836747793480754,
    0.0017597833648324013,
    0.0014670816017314792,
    1.1597527265548706,
    0.7132958769798279,
    0.21241287887096405,
    0.08117120712995529,
    1.7018327713012695,
    0.7395888566970825,
    0.26766619086265564,
    0.34395721554756165,
    0.22778257727622986,
    0.21553164720535278,
    0.1930178999900818,
    0.1335626244544983,
    0.3344751298427582,
    0.18021386861801147,
    0.16156651079654694,
    0.15381693840026855,
    0.10327573120594025,
    0.17746798694133759,
    0.11545347422361374,
    0.14635488390922546,
    0.1398664116859436,
    0.09349598735570908,
    0.11886429786682129,
    0.15398460626602173,
    0.21026915311813354,
    0.4592708945274353,
    0.33066776394844055,
    0.0,
    0.0,
    0.0,
    0.0
  ],
  "vector_dim": 83,
  "tempo": {
    "bpm_mean": 112.2,
    "bpm_std": 23.2,
    "bpm_min": 89.1,
    "bpm_max": 152.0,
    "bpm_median": 105.6
  },
  "key": {
    "top_key": "B major",
    "distribution": {
      "B major": 0.4,
      "D minor": 0.2,
      "E major": 0.1,
      "G# major": 0.1,
      "C# minor": 0.1,
      "E minor": 0.1
    }
  },
  "signature_tags": [
    {
      "tag": "lo-fi hip hop with warm textures",
      "avg_score": 0.6291,
      "frequency": 0.9
    },
    {
      "tag": "minimalist sparse production",
      "avg_score": 0.6018,
      "frequency": 0.9
    }
  ],
  "tag_averages": {
    "lo-fi hip hop with warm textures": 0.6291,
    "minimalist sparse production": 0.6018,
    "uplifting and triumphant feel": 0.5719,
    "hype and energetic mood": 0.5778,
    "R&B smooth instrumental": 0.59,
    "drill beat with sliding 808s": 0.5752,
    "pluggnb melodic beat": 0.5779,
    "trap beat with rolling hi-hats": 0.5816,
    "afrobeat rhythmic percussion": 0.5836,
    "mid-tempo groove": 0.5529,
    "soul sample with vinyl warmth": 0.59,
    "rage beat with distorted synths": 0.5511,
    "acoustic drum kit": 0.5504,
    "synth pad atmosphere": 0.5718,
    "chill and relaxed vibes": 0.5619,
    "flute melody": 0.6166,
    "ethereal and dreamy atmosphere": 0.618,
    "synthesizer lead melody": 0.6055,
    "lo-fi dusty texture": 0.5913,
    "melodic and emotional feel": 0.5949,
    "triplet hi-hat flow": 0.5772,
    "mysterious and suspenseful mood": 0.5652,
    "jersey club with fast kicks": 0.5424,
    "choir and vocal chops": 0.5817,
    "sound effects and risers": 0.5318,
    "aggressive and hard-hitting energy": 0.5247,
    "layered and dense arrangement": 0.552,
    "boom bap with chopped samples": 0.5045,
    "dark and ominous mood": 0.4911,
    "wide stereo image": 0.6138,
    "heavy reverb and spacious": 0.5941,
    "acoustic guitar": 0.5755,
    "playful and bouncy energy": 0.5729,
    "sad and melancholic tone": 0.5719,
    "bell sounds and chimes": 0.5695
  },
  "spectral": {
    "centroid_mean": 2463.3,
    "centroid_std": 424.8,
    "flatness_mean": 0.034441
  },
  "energy": {
    "rms_mean": 0.245384,
    "rms_std": 0.042054
  },
  "rhythm": {
    "onset_density_mean": 4.07,
    "onset_density_std": 0.77
  },
  "stems": null,
  "created_at": "2026-03-26T01:13:56Z",
  "meta": {
    "processing_time_sec": 44.9,
    "tracks_profiled": 10,
    "tracks_attempted": 10
  }
}