{
  "artist": "Destroy Lonely",
  "track_count": 20,
  "centroid_vector": [
    0.052985258400440216,
    0.050928741693496704,
    0.04697708413004875,
    0.04998856410384178,
    0.050885386765003204,
    0.04977310821413994,
    0.0517192967236042,
    0.05530768632888794,
    0.051829852163791656,
    0.05032102391123772,
    0.04785424843430519,
    0.05418480560183525,
    0.048648592084646225,
    0.04563799127936363,
    0.053390223532915115,
    0.05017436295747757,
    0.04784766957163811,
    0.049639757722616196,
    0.051524605602025986,
    0.05271175503730774,
    0.05259132385253906,
    0.05389758571982384,
    0.05907837301492691,
    0.05283018574118614,
    0.04954737052321434,
    0.057450927793979645,
    0.05403994396328926,
    0.05231408402323723,
    0.05747866630554199,
    0.051390208303928375,
    0.05918656662106514,
    0.06445937603712082,
    0.05757531151175499,
    0.057609815150499344,
    0.054092396050691605,
    0.0586593821644783,
    0.059132277965545654,
    0.05827897787094116,
    0.05152840539813042,
    0.05509709194302559,
    0.051167119294404984,
    0.04709355905652046,
    0.047449540346860886,
    0.055487073957920074,
    0.06020137667655945,
    0.052918922156095505,
    0.05048986151814461,
    0.051102425903081894,
    0.048573087900877,
    0.05331620201468468,
    0.05042546987533569,
    0.05029696971178055,
    4.846250057220459,
    3.0096001625061035,
    1.1990926265716553,
    0.07481139898300171,
    -4.167551040649414,
    5.030758857727051,
    1.188508152961731,
    1.1728920936584473,
    0.5821214914321899,
    1.0411566495895386,
    -0.1496829092502594,
    0.5558247566223145,
    -0.10789142549037933,
    0.373215913772583,
    0.03841199725866318,
    0.4536288380622864,
    0.009956404566764832,
    0.19567078351974487,
    0.26911526918411255,
    0.2174510657787323,
    -0.050230205059051514,
    0.3935397267341614,
    -0.13810978829860687,
    0.20910775661468506,
    1.7459492683410645,
    2.3034000396728516,
    1.5858500003814697,
    0.0,
    0.0,
    0.0,
    0.0
  ],
  "spread_vector": [
    0.0015021698782220483,
    0.0020901260431855917,
    0.001628564321435988,
    0.0015368665335699916,
    0.001950054313056171,
    0.0014885383425280452,
    0.0022125132381916046,
    0.002108864951878786,
    0.001954806735739112,
    0.001464435481466353,
    0.0011937289964407682,
    0.0032138910610228777,
    0.0010909339180216193,
    0.001704406924545765,
    0.0022322849836200476,
    0.0016570432344451547,
    0.0022408708464354277,
    0.0017323108622804284,
    0.0018087512580677867,
    0.0025472731795161963,
    0.0022141714580357075,
    0.0017260414315387607,
    0.0022682456765323877,
    0.0020415564067661762,
    0.0018211560091003776,
    0.002146431477740407,
    0.001919170725159347,
    0.001670793048106134,
    0.0023130953777581453,
    0.0024032837245613337,
    0.0021145399659872055,
    0.002532301703467965,
    0.0019124260870739818,
    0.002099844627082348,
    0.0025069641415029764,
    0.002487605670467019,
    0.0022497547324746847,
    0.003408759133890271,
    0.0017731179250404239,
    0.0020956764928996563,
    0.001669977093115449,
    0.002241965150460601,
    0.0018450776115059853,
    0.0019200455863028765,
    0.001747945207171142,
    0.0033398212399333715,
    0.002037216443568468,
    0.0029161099810153246,
    0.0024129885714501143,
    0.0019437067676335573,
    0.002977218246087432,
    0.0019510852871462703,
    0.6458788514137268,
    0.7642751932144165,
    0.13219380378723145,
    0.041118256747722626,
    1.660181999206543,
    0.620250940322876,
    0.6744267344474792,
    0.4275354743003845,
    0.4688794016838074,
    0.38844457268714905,
    0.30875062942504883,
    0.275621235370636,
    0.22640691697597504,
    0.42983824014663696,
    0.13379405438899994,
    0.19604799151420593,
    0.22736245393753052,
    0.1669587343931198,
    0.09645254909992218,
    0.16520801186561584,
    0.14049968123435974,
    0.11422613263130188,
    0.19255690276622772,
    0.168523907661438,
    0.5344264507293701,
    0.5166062712669373,
    0.35759207606315613,
    0.0,
    0.0,
    0.0,
    0.0
  ],
  "vector_dim": 83,
  "tempo": {
    "bpm_mean": 136.9,
    "bpm_std": 12.9,
    "bpm_min": 107.7,
    "bpm_max": 161.5,
    "bpm_median": 139.8
  },
  "key": {
    "top_key": "C minor",
    "distribution": {
      "C minor": 0.25,
      "E major": 0.15,
      "G major": 0.1,
      "D# minor": 0.1,
      "C# minor": 0.1,
      "F# minor": 0.05,
      "G minor": 0.05,
      "D minor": 0.05,
      "F minor": 0.05,
      "G# major": 0.05,
      "C# major": 0.05
    }
  },
  "signature_tags": [
    {
      "tag": "lo-fi hip hop with warm textures",
      "avg_score": 0.6504,
      "frequency": 1.0
    },
    {
      "tag": "minimalist sparse production",
      "avg_score": 0.6078,
      "frequency": 1.0
    }
  ],
  "tag_averages": {
    "lo-fi hip hop with warm textures": 0.6504,
    "mysterious and suspenseful mood": 0.5706,
    "uplifting and triumphant feel": 0.5793,
    "minimalist sparse production": 0.6078,
    "hype and energetic mood": 0.5981,
    "dark and ominous mood": 0.5987,
    "synth pad atmosphere": 0.5591,
    "pluggnb melodic beat": 0.5968,
    "ethereal and dreamy atmosphere": 0.58,
    "soul sample with vinyl warmth": 0.5893,
    "R&B smooth instrumental": 0.5846,
    "drill beat with sliding 808s": 0.5996,
    "chill and relaxed vibes": 0.5501,
    "afrobeat rhythmic percussion": 0.5819,
    "rage beat with distorted synths": 0.5943,
    "trap beat with rolling hi-hats": 0.5895,
    "triplet hi-hat flow": 0.56,
    "mid-tempo groove": 0.5643,
    "808 bass with heavy sub frequencies": 0.5601,
    "jersey club with fast kicks": 0.5614,
    "choir and vocal chops": 0.5755,
    "lo-fi dusty texture": 0.5331,
    "layered and dense arrangement": 0.5961,
    "acoustic drum kit": 0.5921,
    "acoustic guitar": 0.589,
    "boom bap with chopped samples": 0.5649,
    "slow tempo beat": 0.6081
  },
  "spectral": {
    "centroid_mean": 2398.2,
    "centroid_std": 264.4,
    "flatness_mean": 0.018703
  },
  "energy": {
    "rms_mean": 0.34919,
    "rms_std": 0.106885
  },
  "rhythm": {
    "onset_density_mean": 3.84,
    "onset_density_std": 0.86
  },
  "stems": null,
  "created_at": "2026-03-26T00:06:13Z",
  "meta": {
    "processing_time_sec": 77.5,
    "tracks_profiled": 20,
    "tracks_attempted": 20
  }
}