{
  "artist": "Doja Cat",
  "track_count": 10,
  "centroid_vector": [
    0.05080099776387215,
    0.05055473372340202,
    0.046474482864141464,
    0.0505828931927681,
    0.05180443450808525,
    0.048448506742715836,
    0.051646120846271515,
    0.05450195074081421,
    0.05213284119963646,
    0.05158506706357002,
    0.048515383154153824,
    0.055335815995931625,
    0.047416191548109055,
    0.04652896896004677,
    0.05472709611058235,
    0.05140875652432442,
    0.04839297756552696,
    0.05034886673092842,
    0.04977850988507271,
    0.05198957398533821,
    0.05302413925528526,
    0.05463722348213196,
    0.059235185384750366,
    0.05288298800587654,
    0.04925846680998802,
    0.05755840614438057,
    0.053919222205877304,
    0.05319199711084366,
    0.058482926338911057,
    0.051048267632722855,
    0.0587783046066761,
    0.06270258128643036,
    0.05816077068448067,
    0.05723648890852928,
    0.05482419207692146,
    0.05741414427757263,
    0.058819543570280075,
    0.0594579242169857,
    0.05119367316365242,
    0.05648102983832359,
    0.051489681005477905,
    0.04744474217295647,
    0.04805062338709831,
    0.05548974499106407,
    0.059310849756002426,
    0.05373659357428551,
    0.049848537892103195,
    0.052915047854185104,
    0.04834209010004997,
    0.05237910896539688,
    0.050727784633636475,
    0.051041919738054276,
    3.7685000896453857,
    3.3496501445770264,
    1.1818535327911377,
    0.11078239977359772,
    -5.632633209228516,
    5.181353569030762,
    0.46701717376708984,
    1.1080074310302734,
    0.29370421171188354,
    0.28472763299942017,
    0.15528780221939087,
    0.21505384147167206,
    -0.0832362025976181,
    0.26723039150238037,
    -0.10706940293312073,
    0.10772039741277695,
    -0.03173220157623291,
    0.1898459941148758,
    -0.05884919688105583,
    0.2223137766122818,
    -0.1281665861606598,
    0.10747560113668442,
    -0.1133292093873024,
    0.1139112040400505,
    1.1660826206207275,
    2.0454001426696777,
    1.8481910228729248,
    0.0,
    0.0,
    0.0,
    0.0
  ],
  "spread_vector": [
    0.0017610125942155719,
    0.0029636339750140905,
    0.0022512662690132856,
    0.0018297595670446754,
    0.0017158124828711152,
    0.0015605854569002986,
    0.0025092128198593855,
    0.002309076953679323,
    0.0017467646393924952,
    0.0020681291352957487,
    0.0015869885683059692,
    0.0035624962765723467,
    0.0014160546706989408,
    0.001839524949900806,
    0.0025212953332811594,
    0.0024915195535868406,
    0.0024312816094607115,
    0.0027601735200732946,
    0.0015967537183314562,
    0.002626500790938735,
    0.002158768242225051,
    0.002168230479583144,
    0.0024958131834864616,
    0.001567453728057444,
    0.0017606845358386636,
    0.0016935119638219476,
    0.001772616058588028,
    0.0023812686558812857,
    0.003511043032631278,
    0.0031992015428841114,
    0.002703295322135091,
    0.004221068229526281,
    0.0032000287901610136,
    0.002237793756648898,
    0.002799650887027383,
    0.0025482408236712217,
    0.0026434173341840506,
    0.004222615621984005,
    0.00236105197109282,
    0.002304644091054797,
    0.002053000032901764,
    0.0030835203360766172,
    0.00272741517983377,
    0.002871171338483691,
    0.002889201743528247,
    0.003004850586876273,
    0.0017075501382350922,
    0.0032136105000972748,
    0.0017804207745939493,
    0.0020347912795841694,
    0.003268453059718013,
    0.001727334805764258,
    0.743922233581543,
    0.8552213907241821,
    0.18970640003681183,
    0.03341744467616081,
    3.2378454208374023,
    1.054460883140564,
    0.6010850667953491,
    0.340074360370636,
    0.388261616230011,
    0.3468705415725708,
    0.29572397470474243,
    0.25331905484199524,
    0.2840644121170044,
    0.31877002120018005,
    0.17802637815475464,
    0.21313786506652832,
    0.18465107679367065,
    0.19023418426513672,
    0.13319987058639526,
    0.11423173546791077,
    0.17385394871234894,
    0.12901832163333893,
    0.17695114016532898,
    0.08076943457126617,
    0.2752881348133087,
    0.23252537846565247,
    0.43494531512260437,
    0.0,
    0.0,
    0.0,
    0.0
  ],
  "vector_dim": 83,
  "tempo": {
    "bpm_mean": 115.4,
    "bpm_std": 14.9,
    "bpm_min": 86.1,
    "bpm_max": 136.0,
    "bpm_median": 114.9
  },
  "key": {
    "top_key": "E major",
    "distribution": {
      "E major": 0.2,
      "A minor": 0.1,
      "F minor": 0.1,
      "D# major": 0.1,
      "A major": 0.1,
      "F# major": 0.1,
      "D major": 0.1,
      "G# major": 0.1,
      "F# minor": 0.1
    }
  },
  "signature_tags": [
    {
      "tag": "lo-fi hip hop with warm textures",
      "avg_score": 0.6354,
      "frequency": 1.0
    },
    {
      "tag": "minimalist sparse production",
      "avg_score": 0.6013,
      "frequency": 1.0
    }
  ],
  "tag_averages": {
    "minimalist sparse production": 0.6013,
    "drill beat with sliding 808s": 0.5908,
    "lo-fi hip hop with warm textures": 0.6354,
    "pluggnb melodic beat": 0.5932,
    "hype and energetic mood": 0.5884,
    "rage beat with distorted synths": 0.5832,
    "afrobeat rhythmic percussion": 0.5842,
    "uplifting and triumphant feel": 0.5781,
    "trap beat with rolling hi-hats": 0.5819,
    "R&B smooth instrumental": 0.5868,
    "mid-tempo groove": 0.57,
    "synth pad atmosphere": 0.5557,
    "triplet hi-hat flow": 0.5637,
    "soul sample with vinyl warmth": 0.5916,
    "chill and relaxed vibes": 0.5599,
    "choir and vocal chops": 0.5787,
    "acoustic drum kit": 0.544,
    "lo-fi dusty texture": 0.5567,
    "jersey club with fast kicks": 0.5654,
    "boom bap with chopped samples": 0.6017,
    "punchy and compressed drums": 0.5904,
    "synthesizer lead melody": 0.5695,
    "layered and dense arrangement": 0.5774,
    "mysterious and suspenseful mood": 0.5317
  },
  "spectral": {
    "centroid_mean": 2363.7,
    "centroid_std": 379.4,
    "flatness_mean": 0.027696
  },
  "energy": {
    "rms_mean": 0.233216,
    "rms_std": 0.055058
  },
  "rhythm": {
    "onset_density_mean": 3.41,
    "onset_density_std": 0.39
  },
  "stems": null,
  "created_at": "2026-03-26T01:15:04Z",
  "meta": {
    "processing_time_sec": 46.5,
    "tracks_profiled": 10,
    "tracks_attempted": 10
  }
}