{
  "artist": "Don Toliver",
  "track_count": 20,
  "centroid_vector": [
    0.052880655974149704,
    0.051583182066679,
    0.047605644911527634,
    0.052492495626211166,
    0.053362905979156494,
    0.05062326416373253,
    0.05341736599802971,
    0.05707777291536331,
    0.053665827959775925,
    0.05327879264950752,
    0.04924068972468376,
    0.05476308614015579,
    0.04996095225214958,
    0.0476045198738575,
    0.05545792728662491,
    0.05062810331583023,
    0.04819800332188606,
    0.04993526265025139,
    0.05289114639163017,
    0.05234134942293167,
    0.053903449326753616,
    0.05566492676734924,
    0.06007126718759537,
    0.054613348096609116,
    0.05141092464327812,
    0.05934099107980728,
    0.05605563521385193,
    0.05299363657832146,
    0.05832600221037865,
    0.051132380962371826,
    0.05973460152745247,
    0.06379716843366623,
    0.05906914547085762,
    0.05789557099342346,
    0.054110586643218994,
    0.058198537677526474,
    0.060220587998628616,
    0.0595712848007679,
    0.053683649748563766,
    0.05669206380844116,
    0.052887916564941406,
    0.04864422604441643,
    0.04893643781542778,
    0.05643735080957413,
    0.06126391515135765,
    0.05400022491812706,
    0.050717707723379135,
    0.05213722586631775,
    0.0505012571811676,
    0.05474168062210083,
    0.050762053579092026,
    0.05135118588805199,
    3.7880001068115234,
    3.0466504096984863,
    1.0771106481552124,
    0.08908559381961823,
    -5.3330230712890625,
    5.897041320800781,
    0.6768759489059448,
    1.094796895980835,
    0.22311627864837646,
    0.46142035722732544,
    0.08393190801143646,
    0.35438430309295654,
    -0.3691638112068176,
    0.419792115688324,
    -0.08224590122699738,
    0.0595925971865654,
    -0.016533605754375458,
    0.19217342138290405,
    -0.07741890847682953,
    0.2288130223751068,
    -0.12143399566411972,
    0.11038830876350403,
    -0.06767940521240234,
    0.10000980645418167,
    1.3351001739501953,
    2.063999891281128,
    1.8263509273529053,
    0.0,
    0.0,
    0.0,
    0.0
  ],
  "spread_vector": [
    0.0018604713259264827,
    0.0022378882858902216,
    0.0017672358080744743,
    0.0019173072651028633,
    0.0025500026531517506,
    0.002067389665171504,
    0.0023358825128525496,
    0.001953350380063057,
    0.0017075196374207735,
    0.0026571161579340696,
    0.0016660196706652641,
    0.004029667470604181,
    0.0017400194192305207,
    0.0027270044665783644,
    0.002577285747975111,
    0.0023873341269791126,
    0.00183207169175148,
    0.0016416831640526652,
    0.0020841662771999836,
    0.0033946882467716932,
    0.002440530341118574,
    0.002450635191053152,
    0.003645962104201317,
    0.0018316647037863731,
    0.0018934685504063964,
    0.0023664420004934072,
    0.0021798773668706417,
    0.0018790506292134523,
    0.0037010943051427603,
    0.0034061993937939405,
    0.0037972312420606613,
    0.003935166634619236,
    0.003522265702486038,
    0.002773402025923133,
    0.00353017239831388,
    0.004059990402311087,
    0.0035468079149723053,
    0.003346730023622513,
    0.002249615266919136,
    0.002275491366162896,
    0.002319265389814973,
    0.0023642389569431543,
    0.0016201470280066133,
    0.0024940543808043003,
    0.0028849595692008734,
    0.0031185669358819723,
    0.0019403178011998534,
    0.002136532450094819,
    0.0027768041472882032,
    0.002362919971346855,
    0.0035858750343322754,
    0.0021821490954607725,
    1.094085693359375,
    0.5645702481269836,
    0.14061348140239716,
    0.04252829775214195,
    2.850447177886963,
    0.7410064935684204,
    0.655900776386261,
    0.39184677600860596,
    0.4024050235748291,
    0.28019478917121887,
    0.2303186058998108,
    0.2319454848766327,
    0.21366366744041443,
    0.15854503214359283,
    0.19024421274662018,
    0.15683284401893616,
    0.14183714985847473,
    0.12679851055145264,
    0.11908362805843353,
    0.14267638325691223,
    0.1405777782201767,
    0.1287613809108734,
    0.10902399569749832,
    0.13752397894859314,
    0.43702688813209534,
    0.37514635920524597,
    0.4811709523200989,
    0.0,
    0.0,
    0.0,
    0.0
  ],
  "vector_dim": 83,
  "tempo": {
    "bpm_mean": 115.8,
    "bpm_std": 21.9,
    "bpm_min": 86.1,
    "bpm_max": 152.0,
    "bpm_median": 114.9
  },
  "key": {
    "top_key": "G major",
    "distribution": {
      "G major": 0.2,
      "F# minor": 0.15,
      "D# minor": 0.15,
      "D minor": 0.1,
      "C# minor": 0.1,
      "E major": 0.05,
      "C minor": 0.05,
      "F major": 0.05,
      "D major": 0.05,
      "F# major": 0.05,
      "F minor": 0.05
    }
  },
  "signature_tags": [
    {
      "tag": "lo-fi hip hop with warm textures",
      "avg_score": 0.6543,
      "frequency": 1.0
    },
    {
      "tag": "soul sample with vinyl warmth",
      "avg_score": 0.6247,
      "frequency": 0.9
    },
    {
      "tag": "minimalist sparse production",
      "avg_score": 0.6203,
      "frequency": 1.0
    },
    {
      "tag": "pluggnb melodic beat",
      "avg_score": 0.6155,
      "frequency": 1.0
    },
    {
      "tag": "hype and energetic mood",
      "avg_score": 0.6121,
      "frequency": 1.0
    },
    {
      "tag": "drill beat with sliding 808s",
      "avg_score": 0.6079,
      "frequency": 0.95
    },
    {
      "tag": "uplifting and triumphant feel",
      "avg_score": 0.6058,
      "frequency": 1.0
    },
    {
      "tag": "R&B smooth instrumental",
      "avg_score": 0.6032,
      "frequency": 0.95
    }
  ],
  "tag_averages": {
    "lo-fi hip hop with warm textures": 0.6543,
    "soul sample with vinyl warmth": 0.6247,
    "minimalist sparse production": 0.6203,
    "pluggnb melodic beat": 0.6155,
    "drill beat with sliding 808s": 0.6079,
    "hype and energetic mood": 0.6121,
    "uplifting and triumphant feel": 0.6058,
    "R&B smooth instrumental": 0.6032,
    "trap beat with rolling hi-hats": 0.5951,
    "rage beat with distorted synths": 0.593,
    "afrobeat rhythmic percussion": 0.5896,
    "choir and vocal chops": 0.5966,
    "mid-tempo groove": 0.5802,
    "acoustic drum kit": 0.5758,
    "triplet hi-hat flow": 0.5747,
    "synth pad atmosphere": 0.5937,
    "synthesizer lead melody": 0.5829,
    "layered and dense arrangement": 0.5729,
    "melodic and emotional feel": 0.5709,
    "chill and relaxed vibes": 0.5853,
    "ethereal and dreamy atmosphere": 0.5913,
    "mysterious and suspenseful mood": 0.5911,
    "jersey club with fast kicks": 0.5824,
    "808 bass with heavy sub frequencies": 0.5582,
    "lo-fi dusty texture": 0.5792,
    "orchestral strings": 0.5681,
    "acoustic guitar": 0.5654,
    "bell sounds and chimes": 0.6182,
    "sad and melancholic tone": 0.6157,
    "dark and ominous mood": 0.5739
  },
  "spectral": {
    "centroid_mean": 2154.2,
    "centroid_std": 281.2,
    "flatness_mean": 0.022271
  },
  "energy": {
    "rms_mean": 0.26702,
    "rms_std": 0.087405
  },
  "rhythm": {
    "onset_density_mean": 3.44,
    "onset_density_std": 0.63
  },
  "stems": null,
  "created_at": "2026-03-26T00:00:47Z",
  "meta": {
    "processing_time_sec": 80.2,
    "tracks_profiled": 20,
    "tracks_attempted": 20
  }
}