{
  "artist": "Drake",
  "track_count": 20,
  "centroid_vector": [
    0.052725207060575485,
    0.05254361033439636,
    0.04754454270005226,
    0.05078214406967163,
    0.05230781435966492,
    0.04993247613310814,
    0.05222557112574577,
    0.05474738031625748,
    0.05221301317214966,
    0.05199826508760452,
    0.04829467460513115,
    0.05481394752860069,
    0.0500069223344326,
    0.046141382306814194,
    0.05614970996975899,
    0.050765734165906906,
    0.04831293597817421,
    0.04996713623404503,
    0.05130159482359886,
    0.05226404219865799,
    0.052402228116989136,
    0.05467144399881363,
    0.059311073273420334,
    0.05292101576924324,
    0.04984624311327934,
    0.057670336216688156,
    0.054851580411195755,
    0.05321788415312767,
    0.05980117246508598,
    0.05235205963253975,
    0.06022743135690689,
    0.06500867754220963,
    0.05875658616423607,
    0.05940626189112663,
    0.0552745945751667,
    0.05852825194597244,
    0.05952730402350426,
    0.05985753610730171,
    0.05322721600532532,
    0.05699046328663826,
    0.05287304148077965,
    0.04900270327925682,
    0.04977206513285637,
    0.05691933259367943,
    0.06171785667538643,
    0.05261503532528877,
    0.05015036463737488,
    0.05186230689287186,
    0.04978085681796074,
    0.0539344921708107,
    0.05143198370933533,
    0.05092741176486015,
    4.25600004196167,
    3.259824752807617,
    1.1487866640090942,
    0.17763479053974152,
    -8.838667869567871,
    5.208345413208008,
    0.4294707179069519,
    0.7934580445289612,
    0.2957313060760498,
    0.3165239691734314,
    -0.2675747871398926,
    0.29047471284866333,
    -0.1846362054347992,
    0.23233048617839813,
    -0.010233299806714058,
    0.14079898595809937,
    -0.0941535085439682,
    0.24931049346923828,
    -0.015671100467443466,
    0.241476908326149,
    -0.10377629846334457,
    0.16997939348220825,
    -0.08485321700572968,
    0.008289298042654991,
    0.863368570804596,
    2.0834999084472656,
    1.5953625440597534,
    0.0,
    0.0,
    0.0,
    0.0
  ],
  "spread_vector": [
    0.0020664476323872805,
    0.002511802362278104,
    0.001519848476164043,
    0.001960196765139699,
    0.00244920514523983,
    0.0020572689827531576,
    0.002352462150156498,
    0.0024802980478852987,
    0.0020171981304883957,
    0.002422954887151718,
    0.0017681124154478312,
    0.0038650911301374435,
    0.0021926171611994505,
    0.0024909290950745344,
    0.002393266884610057,
    0.0018078464781865478,
    0.002271679462864995,
    0.0025960428174585104,
    0.002563254674896598,
    0.0024737073108553886,
    0.0031123000662773848,
    0.00316420360468328,
    0.002734981244429946,
    0.003226388245820999,
    0.002832269063219428,
    0.0019212588667869568,
    0.002914195181801915,
    0.0021692877635359764,
    0.0033544187899678946,
    0.0031751568894833326,
    0.003704901784658432,
    0.004341431427747011,
    0.0034413374960422516,
    0.0036018420942127705,
    0.0027546791825443506,
    0.002356534358114004,
    0.0035334338899701834,
    0.003871714696288109,
    0.002952273702248931,
    0.0026998778339475393,
    0.0023855946492403746,
    0.002894364995881915,
    0.0022700808476656675,
    0.002987930318340659,
    0.004006118979305029,
    0.0031349111814051867,
    0.0022852520924061537,
    0.002660806057974696,
    0.002669182838872075,
    0.002501455834135413,
    0.002727329498156905,
    0.002426197286695242,
    1.6006861925125122,
    0.7340026497840881,
    0.1964121311903,
    0.0868305042386055,
    3.5066452026367188,
    1.036947250366211,
    0.7614272832870483,
    0.618874728679657,
    0.5204952359199524,
    0.28740984201431274,
    0.2806766629219055,
    0.33937984704971313,
    0.24356380105018616,
    0.20812368392944336,
    0.201582670211792,
    0.15352357923984528,
    0.20991195738315582,
    0.20408324897289276,
    0.19972503185272217,
    0.18565072119235992,
    0.1476750522851944,
    0.10985508561134338,
    0.13243368268013,
    0.13590103387832642,
    0.33979013562202454,
    0.37209615111351013,
    0.4792889356613159,
    0.0,
    0.0,
    0.0,
    0.0
  ],
  "vector_dim": 83,
  "tempo": {
    "bpm_mean": 125.1,
    "bpm_std": 32.0,
    "bpm_min": 61.5,
    "bpm_max": 184.6,
    "bpm_median": 132.6
  },
  "key": {
    "top_key": "D minor",
    "distribution": {
      "D minor": 0.2,
      "C minor": 0.15,
      "C# minor": 0.1,
      "G# minor": 0.1,
      "F minor": 0.1,
      "E minor": 0.05,
      "C major": 0.05,
      "D# major": 0.05,
      "D major": 0.05,
      "A# minor": 0.05,
      "D# minor": 0.05,
      "F# minor": 0.05
    }
  },
  "signature_tags": [
    {
      "tag": "lo-fi hip hop with warm textures",
      "avg_score": 0.6601,
      "frequency": 1.0
    },
    {
      "tag": "minimalist sparse production",
      "avg_score": 0.6301,
      "frequency": 1.0
    },
    {
      "tag": "soul sample with vinyl warmth",
      "avg_score": 0.6171,
      "frequency": 1.0
    },
    {
      "tag": "pluggnb melodic beat",
      "avg_score": 0.6113,
      "frequency": 1.0
    },
    {
      "tag": "drill beat with sliding 808s",
      "avg_score": 0.6053,
      "frequency": 0.95
    },
    {
      "tag": "hype and energetic mood",
      "avg_score": 0.6031,
      "frequency": 0.95
    },
    {
      "tag": "R&B smooth instrumental",
      "avg_score": 0.6026,
      "frequency": 0.9
    },
    {
      "tag": "afrobeat rhythmic percussion",
      "avg_score": 0.6002,
      "frequency": 0.8
    },
    {
      "tag": "trap beat with rolling hi-hats",
      "avg_score": 0.6001,
      "frequency": 0.8
    }
  ],
  "tag_averages": {
    "lo-fi hip hop with warm textures": 0.6601,
    "drill beat with sliding 808s": 0.6053,
    "rage beat with distorted synths": 0.5921,
    "minimalist sparse production": 0.6301,
    "pluggnb melodic beat": 0.6113,
    "trap beat with rolling hi-hats": 0.6001,
    "uplifting and triumphant feel": 0.5957,
    "soul sample with vinyl warmth": 0.6171,
    "hype and energetic mood": 0.6031,
    "synth pad atmosphere": 0.5819,
    "afrobeat rhythmic percussion": 0.6002,
    "acoustic drum kit": 0.5746,
    "mid-tempo groove": 0.5867,
    "layered and dense arrangement": 0.5778,
    "playful and bouncy energy": 0.5728,
    "R&B smooth instrumental": 0.6026,
    "triplet hi-hat flow": 0.5795,
    "orchestral strings": 0.598,
    "synthesizer lead melody": 0.5863,
    "lo-fi dusty texture": 0.5867,
    "brass horns": 0.5945,
    "acoustic guitar": 0.5944,
    "choir and vocal chops": 0.5945,
    "chill and relaxed vibes": 0.5807,
    "mysterious and suspenseful mood": 0.553,
    "flute melody": 0.5805,
    "ethereal and dreamy atmosphere": 0.5774,
    "boom bap with chopped samples": 0.6002,
    "jersey club with fast kicks": 0.5848,
    "slow tempo beat": 0.6043,
    "aggressive and hard-hitting energy": 0.5534,
    "808 bass with heavy sub frequencies": 0.5346
  },
  "spectral": {
    "centroid_mean": 2297.6,
    "centroid_std": 392.8,
    "flatness_mean": 0.044409
  },
  "energy": {
    "rms_mean": 0.172674,
    "rms_std": 0.067958
  },
  "rhythm": {
    "onset_density_mean": 3.47,
    "onset_density_std": 0.62
  },
  "stems": null,
  "created_at": "2026-03-25T23:40:33Z",
  "meta": {
    "processing_time_sec": 151.2,
    "tracks_profiled": 20,
    "tracks_attempted": 20
  }
}