{
  "artist": "Eslabon Armado",
  "track_count": 10,
  "centroid_vector": [
    0.04819619283080101,
    0.04764578863978386,
    0.04615647718310356,
    0.050983887165784836,
    0.05906626209616661,
    0.049845945090055466,
    0.051011234521865845,
    0.05019308254122734,
    0.05192163586616516,
    0.05258540064096451,
    0.05084143951535225,
    0.053758520632982254,
    0.049303751438856125,
    0.05304223299026489,
    0.05866480991244316,
    0.04838981851935387,
    0.04715079441666603,
    0.04729592427611351,
    0.04656950756907463,
    0.04891466721892357,
    0.05116552114486694,
    0.05457274243235588,
    0.05660874769091606,
    0.04991604760289192,
    0.04720301553606987,
    0.05604888126254082,
    0.051496949046850204,
    0.05249112844467163,
    0.05573948100209236,
    0.04700837656855583,
    0.05395486578345299,
    0.05561479553580284,
    0.055115725845098495,
    0.0590689480304718,
    0.051015980541706085,
    0.051452912390232086,
    0.05537080392241478,
    0.05588121339678764,
    0.05166944861412048,
    0.05694066360592842,
    0.05095577985048294,
    0.04747133329510689,
    0.0468694232404232,
    0.05123323202133179,
    0.056078534573316574,
    0.053991686552762985,
    0.048539262264966965,
    0.05323892831802368,
    0.046629976481199265,
    0.05088041350245476,
    0.04833715781569481,
    0.04850078746676445,
    4.059500217437744,
    3.3399500846862793,
    1.0319525003433228,
    0.08509519696235657,
    -4.306375980377197,
    6.119699478149414,
    0.49723193049430847,
    1.156933307647705,
    0.4832783639431,
    0.31508100032806396,
    0.18680277466773987,
    0.35064780712127686,
    -0.16471737623214722,
    0.13897259533405304,
    -0.10621679574251175,
    0.21698158979415894,
    -0.13350719213485718,
    0.06956220418214798,
    -0.11797318607568741,
    0.05113859474658966,
    -0.17055419087409973,
    0.17940843105316162,
    -0.12915900349617004,
    0.06167939677834511,
    1.1809074878692627,
    2.333399772644043,
    1.5336716175079346,
    0.0,
    0.0,
    0.0,
    0.0
  ],
  "spread_vector": [
    0.0029836443718522787,
    0.003020761301741004,
    0.0022549466229975224,
    0.002630470087751746,
    0.004177340772002935,
    0.002823852701112628,
    0.003902964759618044,
    0.0035983435809612274,
    0.0024306592531502247,
    0.0031053542625159025,
    0.0017975292867049575,
    0.0028870010282844305,
    0.0036420368123799562,
    0.0024661202915012836,
    0.003075334010645747,
    0.0027736953925341368,
    0.002612789859995246,
    0.0022838888689875603,
    0.0021552846301347017,
    0.0028697217348963022,
    0.0025516366586089134,
    0.002124786376953125,
    0.003106961725279689,
    0.0016088829142972827,
    0.0026650631334632635,
    0.0032013312447816133,
    0.002402828773483634,
    0.00155918940436095,
    0.0025154598988592625,
    0.0021334418561309576,
    0.0033247240353375673,
    0.002618067665025592,
    0.0026944007258862257,
    0.0038585916627198458,
    0.002491453429684043,
    0.0033907454926520586,
    0.0039729103446006775,
    0.0030749982688575983,
    0.003724637208506465,
    0.003760644467547536,
    0.0033602912444621325,
    0.0037941932678222656,
    0.002543562324717641,
    0.0027267567347735167,
    0.0034474737476557493,
    0.003551267785951495,
    0.002503620693460107,
    0.0023774595465511084,
    0.0029554113280028105,
    0.0032570536714047194,
    0.003081086790189147,
    0.002112372312694788,
    0.7718176245689392,
    0.6058989763259888,
    0.22983315587043762,
    0.05297259986400604,
    1.7030036449432373,
    1.0443203449249268,
    0.18967726826667786,
    0.5882455110549927,
    0.34111499786376953,
    0.2094370424747467,
    0.25700730085372925,
    0.19508019089698792,
    0.1633533537387848,
    0.17301753163337708,
    0.13162991404533386,
    0.1286865621805191,
    0.09255640208721161,
    0.1528639942407608,
    0.16305118799209595,
    0.2004275918006897,
    0.11585104465484619,
    0.18620552122592926,
    0.08248431235551834,
    0.19897374510765076,
    0.2691521644592285,
    0.3238382935523987,
    0.3242412507534027,
    0.0,
    0.0,
    0.0,
    0.0
  ],
  "vector_dim": 83,
  "tempo": {
    "bpm_mean": 121.2,
    "bpm_std": 15.4,
    "bpm_min": 99.4,
    "bpm_max": 136.0,
    "bpm_median": 126.1
  },
  "key": {
    "top_key": "F# minor",
    "distribution": {
      "F# minor": 0.3,
      "E minor": 0.2,
      "G# major": 0.2,
      "G major": 0.1,
      "C minor": 0.1,
      "F# major": 0.1
    }
  },
  "signature_tags": [],
  "tag_averages": {
    "acoustic guitar": 0.5861,
    "minimalist sparse production": 0.5707,
    "acoustic drum kit": 0.5818,
    "R&B smooth instrumental": 0.5586,
    "lo-fi hip hop with warm textures": 0.5534,
    "chill and relaxed vibes": 0.5475,
    "mid-tempo groove": 0.5622,
    "afrobeat rhythmic percussion": 0.5925,
    "hype and energetic mood": 0.5587,
    "soul sample with vinyl warmth": 0.5512,
    "pluggnb melodic beat": 0.5591,
    "uplifting and triumphant feel": 0.557,
    "plucked harp or kalimba": 0.537,
    "playful and bouncy energy": 0.5265,
    "flute melody": 0.55,
    "trap beat with rolling hi-hats": 0.5556,
    "drill beat with sliding 808s": 0.5493,
    "choir and vocal chops": 0.5587,
    "clean and polished mix": 0.552,
    "layered and dense arrangement": 0.5588,
    "bell sounds and chimes": 0.5394,
    "melodic and emotional feel": 0.5319,
    "orchestral strings": 0.5124,
    "jersey club with fast kicks": 0.5434,
    "synthesizer lead melody": 0.5468,
    "brass horns": 0.6059,
    "rage beat with distorted synths": 0.6012
  },
  "spectral": {
    "centroid_mean": 2063.9,
    "centroid_std": 459.7,
    "flatness_mean": 0.021274
  },
  "energy": {
    "rms_mean": 0.236181,
    "rms_std": 0.05383
  },
  "rhythm": {
    "onset_density_mean": 3.89,
    "onset_density_std": 0.54
  },
  "stems": null,
  "created_at": "2026-03-26T01:16:55Z",
  "meta": {
    "processing_time_sec": 43.2,
    "tracks_profiled": 10,
    "tracks_attempted": 10
  }
}