{
  "artist": "EST Gee",
  "track_count": 9,
  "centroid_vector": [
    0.05410253629088402,
    0.05405854061245918,
    0.048868488520383835,
    0.04937390610575676,
    0.05040375143289566,
    0.05013544484972954,
    0.04980575665831566,
    0.053877342492341995,
    0.051132719963788986,
    0.04946356639266014,
    0.0478689931333065,
    0.05478385090827942,
    0.04945093020796776,
    0.04452037438750267,
    0.054686933755874634,
    0.051624178886413574,
    0.04983074590563774,
    0.0500931516289711,
    0.05168921872973442,
    0.0534711554646492,
    0.05174872279167175,
    0.05345867946743965,
    0.0577879436314106,
    0.05208843946456909,
    0.04948565736413002,
    0.05575470253825188,
    0.05354694649577141,
    0.051929738372564316,
    0.05959603935480118,
    0.05368872359395027,
    0.05972954258322716,
    0.06668969243764877,
    0.05767735838890076,
    0.058178361505270004,
    0.05524900555610657,
    0.05898236110806465,
    0.05789654329419136,
    0.06020519882440567,
    0.052872657775878906,
    0.055735230445861816,
    0.051918406039476395,
    0.04925760254263878,
    0.05000528693199158,
    0.0575576089322567,
    0.06117069721221924,
    0.05215039849281311,
    0.05077902600169182,
    0.052003998309373856,
    0.0497431643307209,
    0.05413898453116417,
    0.05268977954983711,
    0.05137411877512932,
    4.410555362701416,
    3.0711669921875,
    1.3929144144058228,
    0.15212532877922058,
    -5.2057905197143555,
    4.177112102508545,
    0.9414033889770508,
    1.125981330871582,
    0.43120864033699036,
    0.5878280401229858,
    -0.16421732306480408,
    0.6345399618148804,
    -0.2566286623477936,
    0.3978300094604492,
    -0.027984000742435455,
    0.2542513608932495,
    0.13195399940013885,
    0.2124413549900055,
    0.16679666936397552,
    0.4511539936065674,
    0.00019399821758270264,
    0.3777393400669098,
    0.06966199725866318,
    0.07938066869974136,
    1.3558293581008911,
    2.4493331909179688,
    1.46882164478302,
    0.0,
    0.0,
    0.0,
    0.0
  ],
  "spread_vector": [
    0.0011404519900679588,
    0.002419231226667762,
    0.0015690847067162395,
    0.0016615994973108172,
    0.0009553402778692544,
    0.0011615941766649485,
    0.0022206436842679977,
    0.0019500699127092957,
    0.0015282781096175313,
    0.0016461519990116358,
    0.001174370525404811,
    0.0027105154003947973,
    0.0009080066229216754,
    0.0016107894480228424,
    0.0021016483660787344,
    0.0015108539955690503,
    0.0016509363194927573,
    0.001487327623181045,
    0.0010328158969059587,
    0.0021163455676287413,
    0.0014170425711199641,
    0.001647789846174419,
    0.0018538814038038254,
    0.0013707453617826104,
    0.0012243427336215973,
    0.0018407996976748109,
    0.0012462500017136335,
    0.0008572425576858222,
    0.0034025299828499556,
    0.0020199345890432596,
    0.00267524435184896,
    0.002335818950086832,
    0.002176703652366996,
    0.0021954840049147606,
    0.0022323690354824066,
    0.001859574462287128,
    0.0026402303483337164,
    0.00340662756934762,
    0.0024741736706346273,
    0.0018010152271017432,
    0.0019172470783814788,
    0.002595381112769246,
    0.002779672620818019,
    0.0029694309923797846,
    0.0021519807633012533,
    0.002349938964471221,
    0.001102195936255157,
    0.002192192943766713,
    0.001745368936099112,
    0.0011861074017360806,
    0.002266134601086378,
    0.0015821362612769008,
    1.4029580354690552,
    0.5703063011169434,
    0.1855149269104004,
    0.05533694103360176,
    2.1715211868286133,
    0.736611545085907,
    0.5096961855888367,
    0.450303316116333,
    0.32087454199790955,
    0.4064926207065582,
    0.16793721914291382,
    0.2962398827075958,
    0.42721787095069885,
    0.23699918389320374,
    0.18297410011291504,
    0.17080596089363098,
    0.2291439324617386,
    0.19822868704795837,
    0.10352645069360733,
    0.18701869249343872,
    0.15197086334228516,
    0.1552906632423401,
    0.12815362215042114,
    0.1231880784034729,
    0.28342553973197937,
    0.4365297555923462,
    0.4528645873069763,
    0.0,
    0.0,
    0.0,
    0.0
  ],
  "vector_dim": 83,
  "tempo": {
    "bpm_mean": 128.2,
    "bpm_std": 28.1,
    "bpm_min": 92.3,
    "bpm_max": 161.5,
    "bpm_median": 143.6
  },
  "key": {
    "top_key": "F minor",
    "distribution": {
      "F minor": 0.222,
      "D minor": 0.222,
      "F# minor": 0.111,
      "G minor": 0.111,
      "F major": 0.111,
      "C# minor": 0.111,
      "E minor": 0.111
    }
  },
  "signature_tags": [
    {
      "tag": "lo-fi hip hop with warm textures",
      "avg_score": 0.662,
      "frequency": 1.0
    },
    {
      "tag": "minimalist sparse production",
      "avg_score": 0.6126,
      "frequency": 1.0
    },
    {
      "tag": "soul sample with vinyl warmth",
      "avg_score": 0.6017,
      "frequency": 1.0
    }
  ],
  "tag_averages": {
    "lo-fi hip hop with warm textures": 0.662,
    "afrobeat rhythmic percussion": 0.5808,
    "trap beat with rolling hi-hats": 0.5902,
    "drill beat with sliding 808s": 0.5902,
    "soul sample with vinyl warmth": 0.6017,
    "minimalist sparse production": 0.6126,
    "pluggnb melodic beat": 0.5777,
    "hype and energetic mood": 0.5759,
    "R&B smooth instrumental": 0.5788,
    "rage beat with distorted synths": 0.5788,
    "triplet hi-hat flow": 0.5736,
    "choir and vocal chops": 0.5624,
    "jersey club with fast kicks": 0.555,
    "mid-tempo groove": 0.5522,
    "uplifting and triumphant feel": 0.555,
    "808 bass with heavy sub frequencies": 0.5418,
    "chill and relaxed vibes": 0.5507,
    "synth pad atmosphere": 0.5503,
    "lo-fi dusty texture": 0.5568,
    "acoustic drum kit": 0.5726,
    "crisp hi-hat patterns": 0.5701,
    "boom bap with chopped samples": 0.5433,
    "mysterious and suspenseful mood": 0.5893,
    "layered and dense arrangement": 0.5743,
    "dark and ominous mood": 0.5713
  },
  "spectral": {
    "centroid_mean": 2785.8,
    "centroid_std": 371.0,
    "flatness_mean": 0.038031
  },
  "energy": {
    "rms_mean": 0.271166,
    "rms_std": 0.056685
  },
  "rhythm": {
    "onset_density_mean": 4.08,
    "onset_density_std": 0.73
  },
  "stems": null,
  "created_at": "2026-03-26T01:15:51Z",
  "meta": {
    "processing_time_sec": 30.8,
    "tracks_profiled": 9,
    "tracks_attempted": 9
  }
}