{
  "artist": "Feid",
  "track_count": 9,
  "centroid_vector": [
    0.05354756861925125,
    0.05022416263818741,
    0.04586492106318474,
    0.05232948064804077,
    0.05285750702023506,
    0.04756950959563255,
    0.05397886782884598,
    0.055246707051992416,
    0.0520494282245636,
    0.05488254502415657,
    0.04809321090579033,
    0.05448746681213379,
    0.048683445900678635,
    0.047958727926015854,
    0.05556895211338997,
    0.04991307482123375,
    0.04738355800509453,
    0.04920118674635887,
    0.05142469331622124,
    0.05157647281885147,
    0.0537489652633667,
    0.05577657371759415,
    0.06115332990884781,
    0.05351359397172928,
    0.050161201506853104,
    0.05845559388399124,
    0.05547366291284561,
    0.05323241278529167,
    0.06034696847200394,
    0.051182057708501816,
    0.062435418367385864,
    0.06369567662477493,
    0.06010792404413223,
    0.06320076435804367,
    0.055090755224227905,
    0.05873234197497368,
    0.06210000440478325,
    0.05897928401827812,
    0.054778315126895905,
    0.05898808315396309,
    0.05434659123420715,
    0.04915913566946983,
    0.04978233948349953,
    0.05570803955197334,
    0.06197177246212959,
    0.054034896194934845,
    0.05038927122950554,
    0.05271077901124954,
    0.04836774989962578,
    0.05295829847455025,
    0.05102170631289482,
    0.0506831519305706,
    3.87666654586792,
    3.585277795791626,
    1.203018307685852,
    0.09557867795228958,
    -5.475606918334961,
    4.943778038024902,
    0.8278093338012695,
    0.990746021270752,
    0.4422953724861145,
    0.17862467467784882,
    -0.2899813652038574,
    0.15322333574295044,
    -0.2226993441581726,
    0.10334799438714981,
    -0.15113933384418488,
    -0.18026000261306763,
    -0.11334599554538727,
    0.04524865746498108,
    -0.09107933938503265,
    0.04190800338983536,
    -0.2719319760799408,
    0.0857846662402153,
    -0.21190932393074036,
    -0.09640400111675262,
    1.234365463256836,
    2.0866665840148926,
    1.3205024003982544,
    0.0,
    0.0,
    0.0,
    0.0
  ],
  "spread_vector": [
    0.0023948070593178272,
    0.0026367714162915945,
    0.0014741778140887618,
    0.0020632862579077482,
    0.0018337119836360216,
    0.0015193276340141892,
    0.0025591538287699223,
    0.0028945112135261297,
    0.002366042463108897,
    0.0024498687125742435,
    0.0016115226317197084,
    0.0025563566014170647,
    0.0022416149731725454,
    0.002242613583803177,
    0.00334654632024467,
    0.0017477506771683693,
    0.0023827282711863518,
    0.0031301137059926987,
    0.003185681765899062,
    0.002521910471841693,
    0.002109570661559701,
    0.0025649096351116896,
    0.0031501997727900743,
    0.002565187867730856,
    0.0016208600718528032,
    0.002510717837139964,
    0.0030185410287231207,
    0.0019447349477559328,
    0.004164102021604776,
    0.003490020055323839,
    0.004802053794264793,
    0.004701367113739252,
    0.003957988228648901,
    0.0029015883337706327,
    0.0027570209931582212,
    0.004026512149721384,
    0.004028388764709234,
    0.003957865294069052,
    0.003580388380214572,
    0.0034574754536151886,
    0.0030700156930834055,
    0.0035042837262153625,
    0.002736671594902873,
    0.002838094485923648,
    0.004230208229273558,
    0.00414649024605751,
    0.0023668913636356592,
    0.0029965608846396208,
    0.0026663837488740683,
    0.0029969855677336454,
    0.0037638989742845297,
    0.0010522427037358284,
    1.46219003200531,
    0.4450404942035675,
    0.10473892092704773,
    0.03153403103351593,
    1.4555184841156006,
    0.5581286549568176,
    0.5229508876800537,
    0.40865930914878845,
    0.28026828169822693,
    0.2254045307636261,
    0.27183595299720764,
    0.22100244462490082,
    0.17428311705589294,
    0.20281124114990234,
    0.16613012552261353,
    0.19959378242492676,
    0.12955784797668457,
    0.16183120012283325,
    0.12525713443756104,
    0.1802753508090973,
    0.14804357290267944,
    0.18689745664596558,
    0.15074239671230316,
    0.11983021348714828,
    0.10774660110473633,
    0.352247416973114,
    0.37355130910873413,
    0.0,
    0.0,
    0.0,
    0.0
  ],
  "vector_dim": 83,
  "tempo": {
    "bpm_mean": 117.5,
    "bpm_std": 29.2,
    "bpm_min": 83.4,
    "bpm_max": 172.3,
    "bpm_median": 99.4
  },
  "key": {
    "top_key": "G# minor",
    "distribution": {
      "G# minor": 0.222,
      "G minor": 0.222,
      "F# minor": 0.222,
      "D minor": 0.111,
      "E minor": 0.111,
      "G major": 0.111
    }
  },
  "signature_tags": [
    {
      "tag": "lo-fi hip hop with warm textures",
      "avg_score": 0.6391,
      "frequency": 1.0
    },
    {
      "tag": "afrobeat rhythmic percussion",
      "avg_score": 0.6248,
      "frequency": 1.0
    },
    {
      "tag": "pluggnb melodic beat",
      "avg_score": 0.6205,
      "frequency": 1.0
    },
    {
      "tag": "minimalist sparse production",
      "avg_score": 0.6185,
      "frequency": 1.0
    },
    {
      "tag": "drill beat with sliding 808s",
      "avg_score": 0.6135,
      "frequency": 1.0
    },
    {
      "tag": "hype and energetic mood",
      "avg_score": 0.6098,
      "frequency": 1.0
    },
    {
      "tag": "trap beat with rolling hi-hats",
      "avg_score": 0.6001,
      "frequency": 0.89
    }
  ],
  "tag_averages": {
    "lo-fi hip hop with warm textures": 0.6391,
    "pluggnb melodic beat": 0.6205,
    "minimalist sparse production": 0.6185,
    "uplifting and triumphant feel": 0.5872,
    "soul sample with vinyl warmth": 0.5975,
    "hype and energetic mood": 0.6098,
    "rage beat with distorted synths": 0.5842,
    "synth pad atmosphere": 0.5675,
    "drill beat with sliding 808s": 0.6135,
    "afrobeat rhythmic percussion": 0.6248,
    "synthesizer lead melody": 0.6082,
    "R&B smooth instrumental": 0.5979,
    "mysterious and suspenseful mood": 0.5854,
    "flute melody": 0.5873,
    "mid-tempo groove": 0.5873,
    "trap beat with rolling hi-hats": 0.6001,
    "acoustic drum kit": 0.5754,
    "triplet hi-hat flow": 0.5601,
    "jersey club with fast kicks": 0.5611,
    "choir and vocal chops": 0.5769,
    "chill and relaxed vibes": 0.5769,
    "lo-fi dusty texture": 0.5843,
    "acoustic guitar": 0.5965
  },
  "spectral": {
    "centroid_mean": 2406.0,
    "centroid_std": 209.5,
    "flatness_mean": 0.023895
  },
  "energy": {
    "rms_mean": 0.246873,
    "rms_std": 0.021549
  },
  "rhythm": {
    "onset_density_mean": 3.48,
    "onset_density_std": 0.59
  },
  "stems": null,
  "created_at": "2026-03-26T01:17:46Z",
  "meta": {
    "processing_time_sec": 33.7,
    "tracks_profiled": 9,
    "tracks_attempted": 9
  }
}