{
  "artist": "Fuerza Regida",
  "track_count": 10,
  "centroid_vector": [
    0.04840167984366417,
    0.047300536185503006,
    0.04608888551592827,
    0.05087333917617798,
    0.056323494762182236,
    0.048498909920454025,
    0.05183183774352074,
    0.0512198880314827,
    0.05291220173239708,
    0.053340137004852295,
    0.050025712698698044,
    0.053410857915878296,
    0.05045558884739876,
    0.05198793485760689,
    0.057542819529771805,
    0.04720955714583397,
    0.046645697206258774,
    0.04720581695437431,
    0.04728728160262108,
    0.047551240772008896,
    0.051380086690187454,
    0.05447809770703316,
    0.05661981925368309,
    0.05071283504366875,
    0.0465591661632061,
    0.05741383507847786,
    0.0518571212887764,
    0.052176833152770996,
    0.056366439908742905,
    0.047196898609399796,
    0.05583423376083374,
    0.057728659361600876,
    0.056700896471738815,
    0.06066392734646797,
    0.05035833269357681,
    0.052464257925748825,
    0.05667724087834358,
    0.05590689182281494,
    0.05119013786315918,
    0.05706798657774925,
    0.05052560567855835,
    0.04593334719538689,
    0.04604383930563927,
    0.05192825198173523,
    0.057376593351364136,
    0.05318308621644974,
    0.048041682690382004,
    0.05205608531832695,
    0.045910801738500595,
    0.05039132758975029,
    0.047315564006567,
    0.04755803570151329,
    3.9580001831054688,
    3.482149839401245,
    1.0678503513336182,
    0.1536044031381607,
    -4.990943908691406,
    5.82078742980957,
    0.4755600392818451,
    0.6397979259490967,
    0.47246336936950684,
    0.272341787815094,
    -0.047359198331832886,
    0.38904905319213867,
    0.0627342015504837,
    0.23120582103729248,
    0.0759533941745758,
    0.2642993927001953,
    0.031925998628139496,
    0.0753324031829834,
    -0.06319920718669891,
    0.1767576038837433,
    -0.2716008126735687,
    0.2448245882987976,
    -0.08967779576778412,
    0.055765796452760696,
    1.1884649991989136,
    2.35260009765625,
    1.4467747211456299,
    0.0,
    0.0,
    0.0,
    0.0
  ],
  "spread_vector": [
    0.0016735725803300738,
    0.003004260128363967,
    0.002604647306725383,
    0.0021665249951183796,
    0.0030236307065933943,
    0.0014938678359612823,
    0.0031860375311225653,
    0.0022753330413252115,
    0.002260942943394184,
    0.0021284096874296665,
    0.0017216071719303727,
    0.0035705745685845613,
    0.004119227174669504,
    0.001991738798096776,
    0.0036127460189163685,
    0.0018988450756296515,
    0.0034556519240140915,
    0.0030675677116960287,
    0.0021165439393371344,
    0.0031508211977779865,
    0.0025677287485450506,
    0.0024666362442076206,
    0.0038490358274430037,
    0.002082978608086705,
    0.0018885507015511394,
    0.0035635342355817556,
    0.002885237103328109,
    0.002704029669985175,
    0.00450013717636466,
    0.003269967855885625,
    0.003927737008780241,
    0.002510655438527465,
    0.0031817809212952852,
    0.004041869193315506,
    0.0035487369168549776,
    0.004011019133031368,
    0.0037879478186368942,
    0.002556235995143652,
    0.0040033357217907906,
    0.004523965995758772,
    0.004232389386743307,
    0.00388190895318985,
    0.003025704761967063,
    0.002110494300723076,
    0.0025616087950766087,
    0.004547290038317442,
    0.002988250693306327,
    0.0031652122270315886,
    0.0023774392902851105,
    0.002144194208085537,
    0.003750563831999898,
    0.0017889898736029863,
    1.0115957260131836,
    0.6153740882873535,
    0.16473470628261566,
    0.10138755291700363,
    1.5302942991256714,
    0.8149504065513611,
    0.4371626377105713,
    0.20801599323749542,
    0.2830274701118469,
    0.15857137739658356,
    0.25345706939697266,
    0.25759443640708923,
    0.0883181020617485,
    0.1593681275844574,
    0.14417898654937744,
    0.09418116509914398,
    0.10336706042289734,
    0.1380818486213684,
    0.13888539373874664,
    0.13431823253631592,
    0.10067875683307648,
    0.1306978166103363,
    0.09511960297822952,
    0.1921483278274536,
    0.1754733771085739,
    0.44677603244781494,
    0.24708889424800873,
    0.0,
    0.0,
    0.0,
    0.0
  ],
  "vector_dim": 83,
  "tempo": {
    "bpm_mean": 119.2,
    "bpm_std": 20.2,
    "bpm_min": 78.3,
    "bpm_max": 152.0,
    "bpm_median": 117.7
  },
  "key": {
    "top_key": "E minor",
    "distribution": {
      "E minor": 0.2,
      "F# major": 0.2,
      "F minor": 0.1,
      "D major": 0.1,
      "A# minor": 0.1,
      "G# major": 0.1,
      "G minor": 0.1,
      "D minor": 0.1
    }
  },
  "signature_tags": [],
  "tag_averages": {
    "acoustic guitar": 0.5635,
    "lo-fi hip hop with warm textures": 0.59,
    "soul sample with vinyl warmth": 0.5852,
    "uplifting and triumphant feel": 0.583,
    "minimalist sparse production": 0.5833,
    "acoustic drum kit": 0.5785,
    "R&B smooth instrumental": 0.5719,
    "afrobeat rhythmic percussion": 0.5935,
    "hype and energetic mood": 0.5668,
    "chill and relaxed vibes": 0.5527,
    "mid-tempo groove": 0.583,
    "pluggnb melodic beat": 0.5674,
    "flute melody": 0.5813,
    "trap beat with rolling hi-hats": 0.5649,
    "choir and vocal chops": 0.5488,
    "synthesizer lead melody": 0.5311,
    "orchestral strings": 0.5601,
    "bell sounds and chimes": 0.5546,
    "drill beat with sliding 808s": 0.578,
    "brass horns": 0.6046,
    "mysterious and suspenseful mood": 0.5917,
    "slow tempo beat": 0.6151,
    "layered and dense arrangement": 0.5745,
    "jersey club with fast kicks": 0.5633,
    "playful and bouncy energy": 0.5529,
    "clean and polished mix": 0.5392,
    "synth pad atmosphere": 0.5532,
    "ethereal and dreamy atmosphere": 0.5519,
    "dark and ominous mood": 0.5307,
    "melodic and emotional feel": 0.5292
  },
  "spectral": {
    "centroid_mean": 2135.7,
    "centroid_std": 329.5,
    "flatness_mean": 0.038401
  },
  "energy": {
    "rms_mean": 0.237693,
    "rms_std": 0.035095
  },
  "rhythm": {
    "onset_density_mean": 3.92,
    "onset_density_std": 0.74
  },
  "stems": null,
  "created_at": "2026-03-26T01:18:46Z",
  "meta": {
    "processing_time_sec": 39.9,
    "tracks_profiled": 10,
    "tracks_attempted": 10
  }
}