{
  "artist": "Future",
  "track_count": 19,
  "centroid_vector": [
    0.0540289543569088,
    0.05277155712246895,
    0.048150282353162766,
    0.05176204442977905,
    0.053389519453048706,
    0.05084844306111336,
    0.05336746200919151,
    0.05620667338371277,
    0.05341180041432381,
    0.053133536130189896,
    0.04975408688187599,
    0.05599907040596008,
    0.051444586366415024,
    0.04733153060078621,
    0.05686625465750694,
    0.05103948712348938,
    0.049366530030965805,
    0.05108005553483963,
    0.052548665553331375,
    0.05320155248045921,
    0.05333152040839195,
    0.055487778037786484,
    0.05988888069987297,
    0.05407499149441719,
    0.05125570297241211,
    0.05864454060792923,
    0.05588043853640556,
    0.053817298263311386,
    0.05945741757750511,
    0.052816327661275864,
    0.0599069707095623,
    0.06507822126150131,
    0.05903374031186104,
    0.05860798433423042,
    0.05595802888274193,
    0.05869610235095024,
    0.06006847694516182,
    0.061494436115026474,
    0.054263073951005936,
    0.056817736476659775,
    0.05340055376291275,
    0.05068013072013855,
    0.050150252878665924,
    0.05701320990920067,
    0.06193513795733452,
    0.0541016161441803,
    0.0514911524951458,
    0.0533655546605587,
    0.051093023270368576,
    0.05548139289021492,
    0.05205215886235237,
    0.05172869563102722,
    4.801578521728516,
    3.4548678398132324,
    1.0986450910568237,
    0.11401262879371643,
    -7.082300662994385,
    5.555149555206299,
    0.6860340237617493,
    0.7844753265380859,
    0.6115791201591492,
    0.5169035196304321,
    0.04834326356649399,
    0.3981189429759979,
    -0.07066610455513,
    0.42297059297561646,
    0.04221189767122269,
    0.4095940589904785,
    0.1898709535598755,
    0.2908099293708801,
    0.09517927467823029,
    0.3384407162666321,
    -0.08692514896392822,
    0.20788168907165527,
    -0.049211688339710236,
    0.11852937936782837,
    1.1776032447814941,
    2.0542104244232178,
    1.8987118005752563,
    0.0,
    0.0,
    0.0,
    0.0
  ],
  "spread_vector": [
    0.0026338056195527315,
    0.0035441145300865173,
    0.0031569458078593016,
    0.0034827985800802708,
    0.004321901127696037,
    0.00286837643943727,
    0.004223894793540239,
    0.0032953352201730013,
    0.00320422719232738,
    0.0037563478108495474,
    0.002491862280294299,
    0.004459616262465715,
    0.0031559765338897705,
    0.0034064583014696836,
    0.0032741965260356665,
    0.0019728585612028837,
    0.002980901626870036,
    0.0023559220135211945,
    0.0027283707167953253,
    0.0032513763289898634,
    0.003817967837676406,
    0.003622231772169471,
    0.00334867462515831,
    0.0028829879593104124,
    0.0030389309395104647,
    0.0029758864548057318,
    0.003255234332755208,
    0.0019568949937820435,
    0.003187712049111724,
    0.003597098169848323,
    0.0037992489524185658,
    0.005264415871351957,
    0.004397144541144371,
    0.0034488977398723364,
    0.003642626805230975,
    0.0030849825125187635,
    0.004096948076039553,
    0.005128112621605396,
    0.003952221944928169,
    0.0034735791850835085,
    0.003107209922745824,
    0.0044705672189593315,
    0.003254122333601117,
    0.004317536950111389,
    0.004462110344320536,
    0.00285113207064569,
    0.002102305879816413,
    0.003245770698413253,
    0.0025155101902782917,
    0.003925192169845104,
    0.003914691042155027,
    0.0023311141412705183,
    1.1185551881790161,
    0.7080018520355225,
    0.20403428375720978,
    0.053422294557094574,
    2.6781272888183594,
    0.8586646318435669,
    0.49123162031173706,
    0.3326980471611023,
    0.37698429822921753,
    0.306454062461853,
    0.23185792565345764,
    0.20743969082832336,
    0.24730955064296722,
    0.16323500871658325,
    0.20187723636627197,
    0.17301376163959503,
    0.171859472990036,
    0.11839670687913895,
    0.13479796051979065,
    0.12534408271312714,
    0.15425042808055878,
    0.11816558986902237,
    0.1681714951992035,
    0.14823919534683228,
    0.2622753977775574,
    0.4116763472557068,
    0.5563157796859741,
    0.0,
    0.0,
    0.0,
    0.0
  ],
  "vector_dim": 83,
  "tempo": {
    "bpm_mean": 136.0,
    "bpm_std": 22.4,
    "bpm_min": 69.8,
    "bpm_max": 161.5,
    "bpm_median": 143.6
  },
  "key": {
    "top_key": "E minor",
    "distribution": {
      "E minor": 0.105,
      "D minor": 0.105,
      "D# minor": 0.105,
      "C# major": 0.105,
      "C# minor": 0.105,
      "A# major": 0.105,
      "F# minor": 0.105,
      "E major": 0.053,
      "C minor": 0.053,
      "C major": 0.053,
      "G major": 0.053,
      "G minor": 0.053
    }
  },
  "signature_tags": [
    {
      "tag": "lo-fi hip hop with warm textures",
      "avg_score": 0.6528,
      "frequency": 1.0
    },
    {
      "tag": "minimalist sparse production",
      "avg_score": 0.6169,
      "frequency": 1.0
    },
    {
      "tag": "drill beat with sliding 808s",
      "avg_score": 0.6005,
      "frequency": 0.95
    }
  ],
  "tag_averages": {
    "lo-fi hip hop with warm textures": 0.6528,
    "minimalist sparse production": 0.6169,
    "trap beat with rolling hi-hats": 0.589,
    "drill beat with sliding 808s": 0.6005,
    "hype and energetic mood": 0.5915,
    "R&B smooth instrumental": 0.5902,
    "soul sample with vinyl warmth": 0.5985,
    "afrobeat rhythmic percussion": 0.5843,
    "triplet hi-hat flow": 0.5766,
    "pluggnb melodic beat": 0.5944,
    "rage beat with distorted synths": 0.5868,
    "uplifting and triumphant feel": 0.5779,
    "mid-tempo groove": 0.5632,
    "mysterious and suspenseful mood": 0.5737,
    "slow tempo beat": 0.5586,
    "synth pad atmosphere": 0.5596,
    "chill and relaxed vibes": 0.5636,
    "acoustic drum kit": 0.5489,
    "lo-fi dusty texture": 0.5896,
    "jersey club with fast kicks": 0.5732,
    "aggressive and hard-hitting energy": 0.5965,
    "layered and dense arrangement": 0.5952,
    "boom bap with chopped samples": 0.5866,
    "punchy and compressed drums": 0.5819,
    "fast tempo beat": 0.5713,
    "sound effects and risers": 0.5631,
    "808 bass with heavy sub frequencies": 0.5778,
    "choir and vocal chops": 0.5674
  },
  "spectral": {
    "centroid_mean": 2197.3,
    "centroid_std": 408.1,
    "flatness_mean": 0.028503
  },
  "energy": {
    "rms_mean": 0.235521,
    "rms_std": 0.052455
  },
  "rhythm": {
    "onset_density_mean": 3.42,
    "onset_density_std": 0.69
  },
  "stems": null,
  "created_at": "2026-03-25T23:47:51Z",
  "meta": {
    "processing_time_sec": 115.1,
    "tracks_profiled": 19,
    "tracks_attempted": 19
  }
}