{
  "artist": "Gunna",
  "track_count": 20,
  "centroid_vector": [
    0.053303398191928864,
    0.05246884748339653,
    0.047671008855104446,
    0.05125937983393669,
    0.051872026175260544,
    0.04919089004397392,
    0.052242424339056015,
    0.05533202365040779,
    0.05212346464395523,
    0.05282968282699585,
    0.04853719845414162,
    0.0548941008746624,
    0.04963953420519829,
    0.04692305251955986,
    0.055183786898851395,
    0.05065931752324104,
    0.04846344515681267,
    0.049373071640729904,
    0.052067603915929794,
    0.05183782801032066,
    0.05365912988781929,
    0.05578998848795891,
    0.05939121171832085,
    0.0537593774497509,
    0.05080890282988548,
    0.05762447044253349,
    0.055208005011081696,
    0.05261523649096489,
    0.05963495373725891,
    0.05190134793519974,
    0.06026405096054077,
    0.06623905897140503,
    0.059953778982162476,
    0.06009693071246147,
    0.05415249988436699,
    0.057824280112981796,
    0.0600462332367897,
    0.06038494035601616,
    0.053834546357393265,
    0.05665043741464615,
    0.05248380824923515,
    0.048972900956869125,
    0.04977136477828026,
    0.05761624500155449,
    0.06248421594500542,
    0.05234929546713829,
    0.050030048936605453,
    0.05226752161979675,
    0.04942364618182182,
    0.054287102073431015,
    0.050969161093235016,
    0.05082893371582031,
    4.320000171661377,
    3.2696750164031982,
    1.1223195791244507,
    0.09569599479436874,
    -7.412362575531006,
    5.60549259185791,
    0.9043641686439514,
    0.8285960555076599,
    0.48217684030532837,
    0.4363473653793335,
    -0.19748279452323914,
    0.4542023241519928,
    -0.25789710879325867,
    0.24754558503627777,
    -0.04362449795007706,
    0.23123130202293396,
    0.012267297133803368,
    0.20015430450439453,
    0.04183259606361389,
    0.1966421753168106,
    -0.1316514015197754,
    0.23220719397068024,
    -0.0921396017074585,
    0.11891339719295502,
    1.1929813623428345,
    2.35260009765625,
    2.0313308238983154,
    0.0,
    0.0,
    0.0,
    0.0
  ],
  "spread_vector": [
    0.0017366046085953712,
    0.0023761161137372255,
    0.001463257591240108,
    0.0029648279305547476,
    0.002236240077763796,
    0.0015003214357420802,
    0.0035918503999710083,
    0.003479401348158717,
    0.0022606404963880777,
    0.0035469774156808853,
    0.0022360985167324543,
    0.00344211608171463,
    0.0014028082368895411,
    0.0028527628164738417,
    0.0019974135793745518,
    0.0017343744402751327,
    0.002088588196784258,
    0.0018494402756914496,
    0.0024560298770666122,
    0.0025870080571621656,
    0.0033084906172007322,
    0.002805387368425727,
    0.0029559710528701544,
    0.00326192076317966,
    0.0024807052686810493,
    0.002933861454948783,
    0.0028205111157149076,
    0.0018535972340032458,
    0.0029723241459578276,
    0.003319190815091133,
    0.002181723713874817,
    0.0029812974389642477,
    0.002958874450996518,
    0.0024007565807551146,
    0.002969678258523345,
    0.002235455671325326,
    0.0031921458430588245,
    0.0035078853834420443,
    0.002738597569987178,
    0.0023209627252072096,
    0.0025297950487583876,
    0.0030614666175097227,
    0.002504840027540922,
    0.0024082364980131388,
    0.002415664028376341,
    0.002916216617450118,
    0.001763798645697534,
    0.002762092975899577,
    0.0023174870293587446,
    0.0022515456657856703,
    0.002900750143453479,
    0.001867014216259122,
    0.9412397742271423,
    0.7918217182159424,
    0.22432415187358856,
    0.07134030014276505,
    1.8788211345672607,
    1.1104276180267334,
    0.9792180061340332,
    0.6081443428993225,
    0.37962478399276733,
    0.37802690267562866,
    0.27917250990867615,
    0.27087175846099854,
    0.3733888864517212,
    0.20307552814483643,
    0.1965416818857193,
    0.25104087591171265,
    0.1811417043209076,
    0.16309085488319397,
    0.14766058325767517,
    0.13469651341438293,
    0.14525635540485382,
    0.1143362820148468,
    0.1455223709344864,
    0.13689950108528137,
    0.2694385349750519,
    0.41603368520736694,
    0.43928539752960205,
    0.0,
    0.0,
    0.0,
    0.0
  ],
  "vector_dim": 83,
  "tempo": {
    "bpm_mean": 126.4,
    "bpm_std": 18.8,
    "bpm_min": 83.4,
    "bpm_max": 161.5,
    "bpm_median": 129.2
  },
  "key": {
    "top_key": "C major",
    "distribution": {
      "C major": 0.15,
      "C# minor": 0.15,
      "E minor": 0.15,
      "A# minor": 0.15,
      "D# minor": 0.1,
      "F# minor": 0.05,
      "F major": 0.05,
      "C minor": 0.05,
      "F minor": 0.05,
      "B minor": 0.05,
      "C# major": 0.05
    }
  },
  "signature_tags": [
    {
      "tag": "lo-fi hip hop with warm textures",
      "avg_score": 0.6658,
      "frequency": 0.95
    },
    {
      "tag": "minimalist sparse production",
      "avg_score": 0.631,
      "frequency": 0.95
    },
    {
      "tag": "soul sample with vinyl warmth",
      "avg_score": 0.6094,
      "frequency": 1.0
    },
    {
      "tag": "drill beat with sliding 808s",
      "avg_score": 0.6062,
      "frequency": 0.9
    },
    {
      "tag": "R&B smooth instrumental",
      "avg_score": 0.6057,
      "frequency": 0.9
    },
    {
      "tag": "pluggnb melodic beat",
      "avg_score": 0.6011,
      "frequency": 1.0
    }
  ],
  "tag_averages": {
    "lo-fi hip hop with warm textures": 0.6658,
    "minimalist sparse production": 0.631,
    "rage beat with distorted synths": 0.5874,
    "drill beat with sliding 808s": 0.6062,
    "pluggnb melodic beat": 0.6011,
    "R&B smooth instrumental": 0.6057,
    "soul sample with vinyl warmth": 0.6094,
    "trap beat with rolling hi-hats": 0.5974,
    "hype and energetic mood": 0.5954,
    "afrobeat rhythmic percussion": 0.5939,
    "uplifting and triumphant feel": 0.5883,
    "synth pad atmosphere": 0.59,
    "triplet hi-hat flow": 0.5808,
    "mid-tempo groove": 0.5715,
    "chill and relaxed vibes": 0.5633,
    "jersey club with fast kicks": 0.5495,
    "mysterious and suspenseful mood": 0.6038,
    "choir and vocal chops": 0.5788,
    "melodic and emotional feel": 0.571,
    "acoustic drum kit": 0.5682,
    "808 bass with heavy sub frequencies": 0.5651,
    "layered and dense arrangement": 0.6882,
    "sound effects and risers": 0.6681,
    "ethereal and dreamy atmosphere": 0.6681,
    "dark and ominous mood": 0.6681,
    "lo-fi dusty texture": 0.6584,
    "distorted and saturated sound": 0.6386,
    "clean and polished mix": 0.5953,
    "playful and bouncy energy": 0.6188,
    "slow tempo beat": 0.6202,
    "boom bap with chopped samples": 0.5729,
    "wide stereo image": 0.6249
  },
  "spectral": {
    "centroid_mean": 2244.6,
    "centroid_std": 448.6,
    "flatness_mean": 0.023924
  },
  "energy": {
    "rms_mean": 0.238596,
    "rms_std": 0.053888
  },
  "rhythm": {
    "onset_density_mean": 3.92,
    "onset_density_std": 0.69
  },
  "stems": null,
  "created_at": "2026-03-25T23:52:25Z",
  "meta": {
    "processing_time_sec": 86.8,
    "tracks_profiled": 20,
    "tracks_attempted": 20
  }
}