{
  "artist": "Ice Spice",
  "track_count": 10,
  "centroid_vector": [
    0.053450096398591995,
    0.0507378950715065,
    0.0459996722638607,
    0.050594378262758255,
    0.05001576617360115,
    0.0480840764939785,
    0.05235517770051956,
    0.053773432970047,
    0.05028926208615303,
    0.05151810869574547,
    0.04809349402785301,
    0.054333657026290894,
    0.048063974827528,
    0.04671097919344902,
    0.054161228239536285,
    0.05063004419207573,
    0.04882849380373955,
    0.05151711776852608,
    0.05094655975699425,
    0.052725255489349365,
    0.052548039704561234,
    0.054383277893066406,
    0.05973605066537857,
    0.05242294818162918,
    0.04914234206080437,
    0.05662686377763748,
    0.05404549464583397,
    0.05294640734791756,
    0.05934282764792442,
    0.05329659581184387,
    0.06030977889895439,
    0.06476836651563644,
    0.058586884289979935,
    0.05904519185423851,
    0.055968817323446274,
    0.05852406844496727,
    0.060071565210819244,
    0.05954548716545105,
    0.05338123440742493,
    0.05719020962715149,
    0.05303894355893135,
    0.049971070140600204,
    0.05029768496751785,
    0.05525096878409386,
    0.06039135530591011,
    0.05391393229365349,
    0.050680793821811676,
    0.05216425657272339,
    0.04923908784985542,
    0.05277624726295471,
    0.05254312977194786,
    0.05074978992342949,
    4.2270002365112305,
    2.751950263977051,
    1.165640950202942,
    0.09845919162034988,
    -5.6096601486206055,
    5.483263969421387,
    0.8541750311851501,
    1.0582878589630127,
    0.4443323612213135,
    0.3383195996284485,
    0.22531980276107788,
    0.28995540738105774,
    -0.10339619219303131,
    0.30456721782684326,
    -0.23221801221370697,
    0.15548640489578247,
    -0.09089100360870361,
    0.1818954050540924,
    -0.01015920378267765,
    0.07176239788532257,
    -0.0824441909790039,
    0.1860215961933136,
    -0.12065641582012177,
    0.07536360621452332,
    1.3207128047943115,
    2.5128002166748047,
    1.2551889419555664,
    0.0,
    0.0,
    0.0,
    0.0
  ],
  "spread_vector": [
    0.0036165700294077396,
    0.004390367306768894,
    0.0033593550324440002,
    0.003502568928524852,
    0.0035503574181348085,
    0.0026355960872024298,
    0.004348282236605883,
    0.0029843279626220465,
    0.002036042744293809,
    0.002951029920950532,
    0.002256575971841812,
    0.004285156261175871,
    0.0020803401712328196,
    0.004148786421865225,
    0.003956237807869911,
    0.0022511184215545654,
    0.002821499714627862,
    0.0020384222734719515,
    0.002047023270279169,
    0.0025693760253489017,
    0.003940829075872898,
    0.004843106959015131,
    0.0036407129373401403,
    0.002748161321505904,
    0.0028235919307917356,
    0.0030582344625145197,
    0.0028011200483888388,
    0.001735509606078267,
    0.0044971248134970665,
    0.004046386573463678,
    0.006516721099615097,
    0.005291001405566931,
    0.0056424993090331554,
    0.0046956525184214115,
    0.0027040436398237944,
    0.003591427579522133,
    0.005630164872854948,
    0.004037709441035986,
    0.005205213557928801,
    0.004265191499143839,
    0.003918827977031469,
    0.00475070346146822,
    0.004442465491592884,
    0.005007196683436632,
    0.00699959322810173,
    0.0027438949327915907,
    0.0024610634427517653,
    0.004137422423809767,
    0.002636838471516967,
    0.002949177986010909,
    0.004370765760540962,
    0.002552903024479747,
    1.174542784690857,
    0.4500851333141327,
    0.21821148693561554,
    0.044531550258398056,
    1.365176796913147,
    1.1253530979156494,
    0.711652398109436,
    0.3244475722312927,
    0.3592962622642517,
    0.2545096278190613,
    0.25453150272369385,
    0.3263797163963318,
    0.29756730794906616,
    0.3034873604774475,
    0.14166894555091858,
    0.24816419184207916,
    0.1972593516111374,
    0.1776016801595688,
    0.18127505481243134,
    0.1713063269853592,
    0.12866072356700897,
    0.11725558340549469,
    0.22082293033599854,
    0.10456870496273041,
    0.316411554813385,
    0.3598479628562927,
    0.4057847261428833,
    0.0,
    0.0,
    0.0,
    0.0
  ],
  "vector_dim": 83,
  "tempo": {
    "bpm_mean": 124.5,
    "bpm_std": 23.5,
    "bpm_min": 71.8,
    "bpm_max": 161.5,
    "bpm_median": 123.0
  },
  "key": {
    "top_key": "G minor",
    "distribution": {
      "G minor": 0.4,
      "B major": 0.1,
      "F minor": 0.1,
      "A minor": 0.1,
      "C major": 0.1,
      "E major": 0.1,
      "C# major": 0.1
    }
  },
  "signature_tags": [
    {
      "tag": "lo-fi hip hop with warm textures",
      "avg_score": 0.6388,
      "frequency": 1.0
    }
  ],
  "tag_averages": {
    "minimalist sparse production": 0.5931,
    "lo-fi hip hop with warm textures": 0.6388,
    "afrobeat rhythmic percussion": 0.5906,
    "pluggnb melodic beat": 0.5885,
    "hype and energetic mood": 0.5877,
    "uplifting and triumphant feel": 0.5656,
    "trap beat with rolling hi-hats": 0.5885,
    "choir and vocal chops": 0.5773,
    "mid-tempo groove": 0.5631,
    "drill beat with sliding 808s": 0.5866,
    "rage beat with distorted synths": 0.5747,
    "acoustic drum kit": 0.5445,
    "R&B smooth instrumental": 0.5796,
    "soul sample with vinyl warmth": 0.5927,
    "synth pad atmosphere": 0.544,
    "boom bap with chopped samples": 0.5903,
    "jersey club with fast kicks": 0.5715,
    "punchy and compressed drums": 0.5812,
    "triplet hi-hat flow": 0.565,
    "chill and relaxed vibes": 0.5468
  },
  "spectral": {
    "centroid_mean": 2331.3,
    "centroid_std": 436.4,
    "flatness_mean": 0.024615
  },
  "energy": {
    "rms_mean": 0.264143,
    "rms_std": 0.063282
  },
  "rhythm": {
    "onset_density_mean": 4.19,
    "onset_density_std": 0.6
  },
  "stems": null,
  "created_at": "2026-03-26T01:19:43Z",
  "meta": {
    "processing_time_sec": 37.4,
    "tracks_profiled": 10,
    "tracks_attempted": 10
  }
}