{
  "artist": "J. Cole",
  "track_count": 10,
  "centroid_vector": [
    0.05259932950139046,
    0.05354057624936104,
    0.048348765820264816,
    0.05284008011221886,
    0.05279908329248428,
    0.04948630556464195,
    0.052589502185583115,
    0.05554858595132828,
    0.05319392308592796,
    0.052503954619169235,
    0.0501309297978878,
    0.05660315975546837,
    0.050390321761369705,
    0.04746685549616814,
    0.05604017525911331,
    0.05252942442893982,
    0.05044752359390259,
    0.04955514892935753,
    0.05189397558569908,
    0.05255481228232384,
    0.05462164431810379,
    0.05624618008732796,
    0.06009940430521965,
    0.054270919412374496,
    0.05143240839242935,
    0.057976484298706055,
    0.05550313740968704,
    0.052155088633298874,
    0.059771306812763214,
    0.05291709303855896,
    0.06058483198285103,
    0.06696993112564087,
    0.06057174131274223,
    0.05907018855214119,
    0.055483825504779816,
    0.05904117226600647,
    0.06098907068371773,
    0.0622987262904644,
    0.053913988173007965,
    0.057211559265851974,
    0.05281206965446472,
    0.04993752762675285,
    0.050876419991254807,
    0.05778654292225838,
    0.06178134307265282,
    0.054229941219091415,
    0.05082429200410843,
    0.05348167568445206,
    0.05029536411166191,
    0.05477071925997734,
    0.05319752171635628,
    0.05138416960835457,
    3.873999834060669,
    2.9549498558044434,
    1.0875365734100342,
    0.12725679576396942,
    -7.278761863708496,
    5.452607154846191,
    0.5087142586708069,
    0.9502013325691223,
    0.42037734389305115,
    0.4253975749015808,
    0.013540196232497692,
    0.2592467963695526,
    -0.18184077739715576,
    0.2966754138469696,
    -0.2412593960762024,
    0.23981040716171265,
    -0.007053004112094641,
    0.0773237943649292,
    0.06547079235315323,
    0.18855540454387665,
    -0.12415800243616104,
    0.234702005982399,
    -0.09559619426727295,
    0.13322879374027252,
    1.0760364532470703,
    2.2019999027252197,
    1.9972604513168335,
    0.0,
    0.0,
    0.0,
    0.0
  ],
  "spread_vector": [
    0.0020959728863090277,
    0.001892424188554287,
    0.0012949865777045488,
    0.00393153540790081,
    0.002494147280231118,
    0.0018826787127181888,
    0.004537553992122412,
    0.0027899311389774084,
    0.0021049296483397484,
    0.0028030688408762217,
    0.003593988483771682,
    0.0027821671683341265,
    0.0020701074972748756,
    0.005563908722251654,
    0.002597522223368287,
    0.0017579429550096393,
    0.003152890596538782,
    0.0015846133464947343,
    0.0019470418337732553,
    0.0015308706788346171,
    0.0030737838242202997,
    0.0035590138286352158,
    0.003634356427937746,
    0.0025686088483780622,
    0.0019446425139904022,
    0.003792258445173502,
    0.002923332853242755,
    0.0018354963976889849,
    0.002871857723221183,
    0.002895097015425563,
    0.0033546050544828176,
    0.0034168940037488937,
    0.0043703424744307995,
    0.0034547646064311266,
    0.0015859919367358088,
    0.002308300696313381,
    0.004998085089027882,
    0.003324883058667183,
    0.0041302843019366264,
    0.003449566662311554,
    0.0031742199789732695,
    0.004049229435622692,
    0.003208770649507642,
    0.002821987261995673,
    0.0038497024215757847,
    0.003144260495901108,
    0.00186857336666435,
    0.0029114873614162207,
    0.002075111260637641,
    0.0018199089681729674,
    0.003300734329968691,
    0.002037809928879142,
    1.4816827774047852,
    0.5351535081863403,
    0.17796465754508972,
    0.07329396903514862,
    2.3940463066101074,
    0.8817746639251709,
    0.6812385320663452,
    0.3502110540866852,
    0.4183913469314575,
    0.33844175934791565,
    0.3048030138015747,
    0.22857332229614258,
    0.2542933523654938,
    0.19506743550300598,
    0.19574812054634094,
    0.16122180223464966,
    0.21913374960422516,
    0.21848922967910767,
    0.17334260046482086,
    0.20462891459465027,
    0.24093934893608093,
    0.15458133816719055,
    0.13144105672836304,
    0.07215836644172668,
    0.1728619933128357,
    0.4948018193244934,
    0.4976876378059387,
    0.0,
    0.0,
    0.0,
    0.0
  ],
  "vector_dim": 83,
  "tempo": {
    "bpm_mean": 117.5,
    "bpm_std": 29.6,
    "bpm_min": 58.7,
    "bpm_max": 172.3,
    "bpm_median": 120.2
  },
  "key": {
    "top_key": "A minor",
    "distribution": {
      "A minor": 0.2,
      "C major": 0.1,
      "A# minor": 0.1,
      "C minor": 0.1,
      "D# major": 0.1,
      "C# minor": 0.1,
      "D minor": 0.1,
      "G# major": 0.1,
      "B minor": 0.1
    }
  },
  "signature_tags": [
    {
      "tag": "lo-fi hip hop with warm textures",
      "avg_score": 0.6641,
      "frequency": 1.0
    },
    {
      "tag": "soul sample with vinyl warmth",
      "avg_score": 0.6225,
      "frequency": 1.0
    },
    {
      "tag": "minimalist sparse production",
      "avg_score": 0.6139,
      "frequency": 0.9
    }
  ],
  "tag_averages": {
    "lo-fi hip hop with warm textures": 0.6641,
    "soul sample with vinyl warmth": 0.6225,
    "minimalist sparse production": 0.6139,
    "R&B smooth instrumental": 0.5976,
    "trap beat with rolling hi-hats": 0.5975,
    "afrobeat rhythmic percussion": 0.5867,
    "drill beat with sliding 808s": 0.5978,
    "hype and energetic mood": 0.5906,
    "pluggnb melodic beat": 0.5922,
    "triplet hi-hat flow": 0.5776,
    "choir and vocal chops": 0.5851,
    "jersey club with fast kicks": 0.5744,
    "rage beat with distorted synths": 0.5812,
    "chill and relaxed vibes": 0.5673,
    "mid-tempo groove": 0.5591,
    "acoustic drum kit": 0.569,
    "uplifting and triumphant feel": 0.5913,
    "synth pad atmosphere": 0.5667,
    "mysterious and suspenseful mood": 0.5718,
    "boom bap with chopped samples": 0.5823,
    "lo-fi dusty texture": 0.5675,
    "808 bass with heavy sub frequencies": 0.5751,
    "dark and ominous mood": 0.569,
    "ethereal and dreamy atmosphere": 0.5678,
    "punchy and compressed drums": 0.5905,
    "melodic and emotional feel": 0.5903
  },
  "spectral": {
    "centroid_mean": 2175.1,
    "centroid_std": 355.9,
    "flatness_mean": 0.031814
  },
  "energy": {
    "rms_mean": 0.215207,
    "rms_std": 0.034572
  },
  "rhythm": {
    "onset_density_mean": 3.67,
    "onset_density_std": 0.82
  },
  "stems": null,
  "created_at": "2026-03-26T01:21:59Z",
  "meta": {
    "processing_time_sec": 55.1,
    "tracks_profiled": 10,
    "tracks_attempted": 10
  }
}