{
  "artist": "J Balvin",
  "track_count": 9,
  "centroid_vector": [
    0.05324612930417061,
    0.050518542528152466,
    0.046259861439466476,
    0.05012032017111778,
    0.05079980567097664,
    0.04750717803835869,
    0.05277036502957344,
    0.05477975681424141,
    0.05101253464818001,
    0.0525876060128212,
    0.04874604567885399,
    0.05361146852374077,
    0.04919440671801567,
    0.047330331057310104,
    0.05359388142824173,
    0.04976072534918785,
    0.04791286215186119,
    0.04910002276301384,
    0.05051182582974434,
    0.05076882988214493,
    0.05192951485514641,
    0.05406031757593155,
    0.05830071121454239,
    0.052477557212114334,
    0.04875386878848076,
    0.05669233202934265,
    0.0532820038497448,
    0.05254815146327019,
    0.05824781209230423,
    0.05018546059727669,
    0.05990287661552429,
    0.06330903619527817,
    0.05780801922082901,
    0.06123180314898491,
    0.0539872907102108,
    0.05727607011795044,
    0.05977634713053703,
    0.05701524019241333,
    0.052833445370197296,
    0.0573962926864624,
    0.05246603116393089,
    0.04810525104403496,
    0.04877913370728493,
    0.055288251489400864,
    0.061017394065856934,
    0.05298607423901558,
    0.05022106692194939,
    0.051737453788518906,
    0.04826339706778526,
    0.05292398855090141,
    0.04944181069731712,
    0.05040471628308296,
    4.909444808959961,
    3.107832908630371,
    1.1683166027069092,
    0.11987732350826263,
    -5.587928295135498,
    5.087362289428711,
    -0.04320865869522095,
    0.8773273229598999,
    0.18290066719055176,
    0.10424266755580902,
    -0.12739866971969604,
    0.07548867166042328,
    -0.2431926429271698,
    0.13106466829776764,
    -0.042315997183322906,
    0.17102599143981934,
    -0.09140866249799728,
    0.16525468230247498,
    -0.05790932476520538,
    0.12664800882339478,
    -0.15957200527191162,
    0.1867273449897766,
    -0.01217600516974926,
    0.22513866424560547,
    1.23040771484375,
    2.381333351135254,
    1.7337110042572021,
    0.0,
    0.0,
    0.0,
    0.0
  ],
  "spread_vector": [
    0.001583293080329895,
    0.0015832370845600963,
    0.0011770010460168123,
    0.0010424115462228656,
    0.0014945630682632327,
    0.001686377334408462,
    0.0023245152551680803,
    0.003216779325157404,
    0.0011312492424622178,
    0.002020065439864993,
    0.003555343020707369,
    0.004198912531137466,
    0.0009780455147847533,
    0.001626867102459073,
    0.0022965287789702415,
    0.001979322172701359,
    0.0018594758585095406,
    0.0016527429688721895,
    0.002642280189320445,
    0.002083253813907504,
    0.0015602855710312724,
    0.0014224954647943377,
    0.0016130177536979318,
    0.002314173150807619,
    0.0024908159393817186,
    0.0019057985628023744,
    0.0015397266251966357,
    0.0015446151373907924,
    0.0026631352957338095,
    0.00362027226947248,
    0.0028571949806064367,
    0.002545953495427966,
    0.0017741381889209151,
    0.004455295857042074,
    0.003158083651214838,
    0.0027661968488246202,
    0.00238640233874321,
    0.0030062247533351183,
    0.0015322513645514846,
    0.002213131170719862,
    0.0020762416534125805,
    0.0023439223878085613,
    0.0016861017793416977,
    0.0016132267192006111,
    0.0024125499185174704,
    0.002404969884082675,
    0.0013158287620171905,
    0.002303545596078038,
    0.0021228778641670942,
    0.001878416514955461,
    0.0034241084940731525,
    0.0011470242170616984,
    1.1252886056900024,
    0.8417143821716309,
    0.16134972870349884,
    0.05841447040438652,
    2.332392454147339,
    0.6849748492240906,
    0.9641822576522827,
    0.35616549849510193,
    0.22374285757541656,
    0.2332351803779602,
    0.20157483220100403,
    0.22682704031467438,
    0.20836754143238068,
    0.16156813502311707,
    0.1480180025100708,
    0.08103229105472565,
    0.1932508945465088,
    0.22536128759384155,
    0.11388670653104782,
    0.1214805319905281,
    0.1647343933582306,
    0.15497449040412903,
    0.2756480574607849,
    0.17586679756641388,
    0.3691111207008362,
    0.27047285437583923,
    0.8870818018913269,
    0.0,
    0.0,
    0.0,
    0.0
  ],
  "vector_dim": 83,
  "tempo": {
    "bpm_mean": 138.2,
    "bpm_std": 22.5,
    "bpm_min": 99.4,
    "bpm_max": 172.3,
    "bpm_median": 136.0
  },
  "key": {
    "top_key": "F minor",
    "distribution": {
      "F minor": 0.222,
      "E minor": 0.111,
      "A major": 0.111,
      "D# minor": 0.111,
      "C# major": 0.111,
      "D minor": 0.111,
      "A minor": 0.111,
      "D major": 0.111
    }
  },
  "signature_tags": [
    {
      "tag": "afrobeat rhythmic percussion",
      "avg_score": 0.639,
      "frequency": 1.0
    },
    {
      "tag": "lo-fi hip hop with warm textures",
      "avg_score": 0.6308,
      "frequency": 1.0
    },
    {
      "tag": "minimalist sparse production",
      "avg_score": 0.6169,
      "frequency": 1.0
    },
    {
      "tag": "pluggnb melodic beat",
      "avg_score": 0.6116,
      "frequency": 1.0
    },
    {
      "tag": "drill beat with sliding 808s",
      "avg_score": 0.6085,
      "frequency": 1.0
    }
  ],
  "tag_averages": {
    "afrobeat rhythmic percussion": 0.639,
    "minimalist sparse production": 0.6169,
    "lo-fi hip hop with warm textures": 0.6308,
    "pluggnb melodic beat": 0.6116,
    "drill beat with sliding 808s": 0.6085,
    "soul sample with vinyl warmth": 0.5854,
    "mid-tempo groove": 0.5848,
    "hype and energetic mood": 0.5991,
    "trap beat with rolling hi-hats": 0.5944,
    "R&B smooth instrumental": 0.5849,
    "rage beat with distorted synths": 0.5787,
    "uplifting and triumphant feel": 0.5771,
    "triplet hi-hat flow": 0.5635,
    "synth pad atmosphere": 0.5608,
    "synthesizer lead melody": 0.5686,
    "choir and vocal chops": 0.6027,
    "jersey club with fast kicks": 0.59,
    "boom bap with chopped samples": 0.6154,
    "layered and dense arrangement": 0.601,
    "chill and relaxed vibes": 0.5546,
    "finger snaps and claps": 0.5189,
    "acoustic drum kit": 0.5473,
    "mysterious and suspenseful mood": 0.5319,
    "fast tempo beat": 0.5656,
    "flute melody": 0.564
  },
  "spectral": {
    "centroid_mean": 2336.6,
    "centroid_std": 322.7,
    "flatness_mean": 0.029969
  },
  "energy": {
    "rms_mean": 0.246082,
    "rms_std": 0.073822
  },
  "rhythm": {
    "onset_density_mean": 3.97,
    "onset_density_std": 0.45
  },
  "stems": null,
  "created_at": "2026-03-26T01:20:42Z",
  "meta": {
    "processing_time_sec": 41.2,
    "tracks_profiled": 9,
    "tracks_attempted": 9
  }
}