{
  "artist": "Jack Harlow",
  "track_count": 9,
  "centroid_vector": [
    0.05117782577872276,
    0.052121181041002274,
    0.04747874662280083,
    0.05103641375899315,
    0.051507264375686646,
    0.04849192127585411,
    0.051785778254270554,
    0.05350352078676224,
    0.05153881385922432,
    0.05172643065452576,
    0.04880877956748009,
    0.054420895874500275,
    0.048583079129457474,
    0.04572833701968193,
    0.05449279025197029,
    0.051754266023635864,
    0.04778432473540306,
    0.04853951558470726,
    0.04955225810408592,
    0.05112883448600769,
    0.05288372561335564,
    0.05469292402267456,
    0.05880020931363106,
    0.0520048514008522,
    0.050057560205459595,
    0.05704972892999649,
    0.05368838459253311,
    0.05190432071685791,
    0.058847278356552124,
    0.0507098026573658,
    0.05924517661333084,
    0.06380300223827362,
    0.05865679308772087,
    0.05805943161249161,
    0.053818609565496445,
    0.05740455910563469,
    0.0588705912232399,
    0.05941592529416084,
    0.05189673975110054,
    0.05584005266427994,
    0.051369089633226395,
    0.04729446396231651,
    0.049195047467947006,
    0.05662817507982254,
    0.0599825344979763,
    0.05175556614995003,
    0.049128931015729904,
    0.05193435773253441,
    0.04804448410868645,
    0.052267249673604965,
    0.050509076565504074,
    0.050924669951200485,
    3.9872219562530518,
    2.9959442615509033,
    1.4387227296829224,
    0.17087379097938538,
    -5.007404804229736,
    3.9991071224212646,
    0.6722453832626343,
    1.1389060020446777,
    0.6340113282203674,
    0.31625065207481384,
    0.12866666913032532,
    0.44233399629592896,
    -0.15451733767986298,
    0.30947402119636536,
    -0.1034313291311264,
    0.20324602723121643,
    -0.05182599276304245,
    0.060106001794338226,
    -0.011364667676389217,
    0.06753666698932648,
    -0.21299801766872406,
    0.1353413313627243,
    -0.14273333549499512,
    0.1275186836719513,
    1.2363394498825073,
    2.3586666584014893,
    2.0879390239715576,
    0.0,
    0.0,
    0.0,
    0.0
  ],
  "spread_vector": [
    0.0022455023135989904,
    0.0015950569650158286,
    0.0012044416507706046,
    0.0016657647211104631,
    0.0016769679496064782,
    0.0010125016560778022,
    0.0017367933178320527,
    0.002209689002484083,
    0.0018058812711387873,
    0.0013948142295703292,
    0.0011721564223989844,
    0.0020714772399514914,
    0.0014386422699317336,
    0.0019951171707361937,
    0.00105330441147089,
    0.0018083762843161821,
    0.0015658115735277534,
    0.0012784413993358612,
    0.0025686591397970915,
    0.0010400651954114437,
    0.0025882020127028227,
    0.0026684056501835585,
    0.001455852179788053,
    0.002809512196108699,
    0.0025277468375861645,
    0.0016207086155191064,
    0.0021906651090830564,
    0.0011449422454461455,
    0.0012743229744955897,
    0.0015244673704728484,
    0.0013745963806286454,
    0.002891459269449115,
    0.0026642882730811834,
    0.0013851035619154572,
    0.0012427526526153088,
    0.0012376564554870129,
    0.0011683021439239383,
    0.0030504229944199324,
    0.0011524393921718001,
    0.0008574901148676872,
    0.0010091447038576007,
    0.0011707586236298084,
    0.0011514573125168681,
    0.0019179107621312141,
    0.0026831103023141623,
    0.001825836137868464,
    0.0009438272682018578,
    0.0018082380993291736,
    0.0019190459279343486,
    0.002296704798936844,
    0.001315831090323627,
    0.0013322703307494521,
    0.8626512885093689,
    0.5710201263427734,
    0.18400134146213531,
    0.05696389451622963,
    1.9384586811065674,
    0.8287544846534729,
    0.6385887265205383,
    0.49163955450057983,
    0.2893359065055847,
    0.280365526676178,
    0.33337464928627014,
    0.192280113697052,
    0.30059587955474854,
    0.09675154089927673,
    0.09012416005134583,
    0.19284838438034058,
    0.12342093884944916,
    0.11931907385587692,
    0.07117904722690582,
    0.12652543187141418,
    0.12297871708869934,
    0.09530056267976761,
    0.13733598589897156,
    0.1560969203710556,
    0.41964006423950195,
    0.41039931774139404,
    0.3123299479484558,
    0.0,
    0.0,
    0.0,
    0.0
  ],
  "vector_dim": 83,
  "tempo": {
    "bpm_mean": 119.7,
    "bpm_std": 17.3,
    "bpm_min": 103.4,
    "bpm_max": 152.0,
    "bpm_median": 107.7
  },
  "key": {
    "top_key": "F minor",
    "distribution": {
      "F minor": 0.333,
      "C# major": 0.222,
      "D# major": 0.111,
      "E minor": 0.111,
      "C major": 0.111,
      "G minor": 0.111
    }
  },
  "signature_tags": [
    {
      "tag": "lo-fi hip hop with warm textures",
      "avg_score": 0.6487,
      "frequency": 1.0
    },
    {
      "tag": "minimalist sparse production",
      "avg_score": 0.6039,
      "frequency": 1.0
    },
    {
      "tag": "soul sample with vinyl warmth",
      "avg_score": 0.6012,
      "frequency": 1.0
    }
  ],
  "tag_averages": {
    "hype and energetic mood": 0.5853,
    "pluggnb melodic beat": 0.5867,
    "lo-fi hip hop with warm textures": 0.6487,
    "rage beat with distorted synths": 0.5796,
    "drill beat with sliding 808s": 0.5966,
    "uplifting and triumphant feel": 0.57,
    "trap beat with rolling hi-hats": 0.6,
    "afrobeat rhythmic percussion": 0.5971,
    "minimalist sparse production": 0.6039,
    "mid-tempo groove": 0.5712,
    "soul sample with vinyl warmth": 0.6012,
    "acoustic drum kit": 0.5483,
    "jersey club with fast kicks": 0.5545,
    "choir and vocal chops": 0.5577,
    "R&B smooth instrumental": 0.5835,
    "triplet hi-hat flow": 0.5795,
    "crisp hi-hat patterns": 0.55,
    "boom bap with chopped samples": 0.5605,
    "chill and relaxed vibes": 0.558,
    "fast tempo beat": 0.5939,
    "synthesizer lead melody": 0.5909,
    "mysterious and suspenseful mood": 0.5459
  },
  "spectral": {
    "centroid_mean": 2877.4,
    "centroid_std": 368.0,
    "flatness_mean": 0.042718
  },
  "energy": {
    "rms_mean": 0.247268,
    "rms_std": 0.083928
  },
  "rhythm": {
    "onset_density_mean": 3.93,
    "onset_density_std": 0.68
  },
  "stems": null,
  "created_at": "2026-03-26T01:22:51Z",
  "meta": {
    "processing_time_sec": 34.6,
    "tracks_profiled": 9,
    "tracks_attempted": 9
  }
}