{
  "artist": "Juice WRLD",
  "track_count": 10,
  "centroid_vector": [
    0.052862703800201416,
    0.05183621868491173,
    0.04743347689509392,
    0.05397765710949898,
    0.05648801475763321,
    0.052308183163404465,
    0.05504415184259415,
    0.057883817702531815,
    0.05437552556395531,
    0.05467929318547249,
    0.05054417997598648,
    0.05499502643942833,
    0.0504123829305172,
    0.05050954967737198,
    0.05717502906918526,
    0.050965964794158936,
    0.049248214811086655,
    0.05065872147679329,
    0.05355096608400345,
    0.05174124985933304,
    0.055644311010837555,
    0.05823259428143501,
    0.060827482491731644,
    0.05614950880408287,
    0.05332593247294426,
    0.05990833789110184,
    0.057305674999952316,
    0.05388377234339714,
    0.058050770312547684,
    0.05077281594276428,
    0.06012934073805809,
    0.06512235850095749,
    0.06114513799548149,
    0.058302294462919235,
    0.05362563952803612,
    0.057291179895401,
    0.06110536679625511,
    0.06241820007562637,
    0.05429556965827942,
    0.05699111893773079,
    0.05281177908182144,
    0.049385037273168564,
    0.0495620034635067,
    0.057426560670137405,
    0.06340678781270981,
    0.054030437022447586,
    0.05133271962404251,
    0.05347215756773949,
    0.05104578658938408,
    0.05680735781788826,
    0.05096541717648506,
    0.05144928768277168,
    4.903499603271484,
    3.7706003189086914,
    1.0861619710922241,
    0.09780438989400864,
    -6.3872575759887695,
    5.456821441650391,
    0.684257984161377,
    1.3807806968688965,
    0.677609920501709,
    0.24095699191093445,
    0.01737239956855774,
    0.43388640880584717,
    -0.3261978030204773,
    0.3868361711502075,
    -0.11592358350753784,
    0.2492862343788147,
    0.011219404637813568,
    -0.0028938017785549164,
    0.008845800533890724,
    0.1701521873474121,
    -0.3648155927658081,
    0.2321861833333969,
    -0.13544759154319763,
    0.044839195907115936,
    1.2737669944763184,
    2.2019999027252197,
    1.8583877086639404,
    0.0,
    0.0,
    0.0,
    0.0
  ],
  "spread_vector": [
    0.001168651506304741,
    0.002589688403531909,
    0.0018891990184783936,
    0.0025222499389201403,
    0.004546871408820152,
    0.0025237449444830418,
    0.0025062114000320435,
    0.0021651459392160177,
    0.002043959917500615,
    0.0026404650416225195,
    0.0026272244285792112,
    0.005436773877590895,
    0.0018657069886103272,
    0.004530153702944517,
    0.004168388433754444,
    0.002048045163974166,
    0.0027617437299340963,
    0.0022646577563136816,
    0.00175479834433645,
    0.0036907673347741365,
    0.002827949123457074,
    0.003388273064047098,
    0.003713782876729965,
    0.0024168051313608885,
    0.002464345656335354,
    0.0021192189306020737,
    0.0026982908602803946,
    0.0029433637391775846,
    0.004291953518986702,
    0.004380108788609505,
    0.003561966586858034,
    0.003892415901646018,
    0.003782033920288086,
    0.003698505461215973,
    0.004831449594348669,
    0.004161420743912458,
    0.0038435428868979216,
    0.005404818337410688,
    0.0031586710829287767,
    0.003988842945545912,
    0.0035872694570571184,
    0.0039900257252156734,
    0.0028096407186239958,
    0.0027602899353951216,
    0.003554039401933551,
    0.0038095396012067795,
    0.002950087422505021,
    0.003877143142744899,
    0.0022932866122573614,
    0.0031845204066485167,
    0.004372678697109222,
    0.001630208338610828,
    1.0258972644805908,
    0.4308475852012634,
    0.1358097940683365,
    0.050265248864889145,
    1.8865439891815186,
    0.48153334856033325,
    0.5789258480072021,
    0.4734649658203125,
    0.46119433641433716,
    0.28339827060699463,
    0.29952776432037354,
    0.23378944396972656,
    0.20510298013687134,
    0.17797218263149261,
    0.1652250587940216,
    0.12846747040748596,
    0.1792680323123932,
    0.17335295677185059,
    0.13745811581611633,
    0.17447730898857117,
    0.15558062493801117,
    0.21812944114208221,
    0.1662396639585495,
    0.15029294788837433,
    0.22103050351142883,
    0.3898153603076935,
    0.4108216166496277,
    0.0,
    0.0,
    0.0,
    0.0
  ],
  "vector_dim": 83,
  "tempo": {
    "bpm_mean": 138.1,
    "bpm_std": 20.5,
    "bpm_min": 99.4,
    "bpm_max": 161.5,
    "bpm_median": 147.8
  },
  "key": {
    "top_key": "F# minor",
    "distribution": {
      "F# minor": 0.2,
      "C major": 0.2,
      "A minor": 0.1,
      "C# minor": 0.1,
      "D# major": 0.1,
      "G# minor": 0.1,
      "D minor": 0.1,
      "C# major": 0.1
    }
  },
  "signature_tags": [
    {
      "tag": "lo-fi hip hop with warm textures",
      "avg_score": 0.6358,
      "frequency": 1.0
    },
    {
      "tag": "minimalist sparse production",
      "avg_score": 0.6235,
      "frequency": 1.0
    },
    {
      "tag": "pluggnb melodic beat",
      "avg_score": 0.6012,
      "frequency": 1.0
    }
  ],
  "tag_averages": {
    "lo-fi hip hop with warm textures": 0.6358,
    "minimalist sparse production": 0.6235,
    "drill beat with sliding 808s": 0.5941,
    "pluggnb melodic beat": 0.6012,
    "hype and energetic mood": 0.5941,
    "rage beat with distorted synths": 0.577,
    "R&B smooth instrumental": 0.5961,
    "afrobeat rhythmic percussion": 0.5842,
    "trap beat with rolling hi-hats": 0.5846,
    "uplifting and triumphant feel": 0.584,
    "soul sample with vinyl warmth": 0.5945,
    "triplet hi-hat flow": 0.566,
    "synth pad atmosphere": 0.5754,
    "chill and relaxed vibes": 0.572,
    "mysterious and suspenseful mood": 0.5629,
    "ethereal and dreamy atmosphere": 0.5688,
    "melodic and emotional feel": 0.5537,
    "choir and vocal chops": 0.5925,
    "acoustic drum kit": 0.5737,
    "acoustic guitar": 0.5774,
    "jersey club with fast kicks": 0.5315,
    "mid-tempo groove": 0.5726,
    "slow tempo beat": 0.58
  },
  "spectral": {
    "centroid_mean": 2172.3,
    "centroid_std": 271.6,
    "flatness_mean": 0.024451
  },
  "energy": {
    "rms_mean": 0.254753,
    "rms_std": 0.044206
  },
  "rhythm": {
    "onset_density_mean": 3.67,
    "onset_density_std": 0.65
  },
  "stems": null,
  "created_at": "2026-03-26T01:23:54Z",
  "meta": {
    "processing_time_sec": 42.5,
    "tracks_profiled": 10,
    "tracks_attempted": 10
  }
}