{
  "artist": "Kanye West",
  "track_count": 10,
  "centroid_vector": [
    0.05205642059445381,
    0.052672624588012695,
    0.04818440601229668,
    0.05213914439082146,
    0.0534190833568573,
    0.0508296899497509,
    0.052699267864227295,
    0.055415134876966476,
    0.05328427627682686,
    0.052574463188648224,
    0.04977401718497276,
    0.05572497472167015,
    0.04985867068171501,
    0.04760579392313957,
    0.055790532380342484,
    0.05149639770388603,
    0.04893210157752037,
    0.05029866844415665,
    0.05246482044458389,
    0.05211048200726509,
    0.053596045821905136,
    0.05506938695907593,
    0.058954376727342606,
    0.05396199971437454,
    0.05146356299519539,
    0.05792618915438652,
    0.05581546947360039,
    0.0530763678252697,
    0.058138955384492874,
    0.05124673992395401,
    0.05799509957432747,
    0.0636153370141983,
    0.05739074945449829,
    0.05715082958340645,
    0.05406755208969116,
    0.05738323926925659,
    0.05871162936091423,
    0.06089983135461807,
    0.052925776690244675,
    0.05546339228749275,
    0.05208137631416321,
    0.04911435768008232,
    0.0497579388320446,
    0.05669572949409485,
    0.06018317863345146,
    0.052791137248277664,
    0.05079646036028862,
    0.05178670212626457,
    0.05002386122941971,
    0.05460701137781143,
    0.05149231106042862,
    0.050772059708833694,
    4.57550048828125,
    3.236949920654297,
    1.1332650184631348,
    0.17633959650993347,
    -7.596008777618408,
    5.204122543334961,
    0.5745527148246765,
    1.0706219673156738,
    0.5059062242507935,
    0.4952790141105652,
    -0.02433059737086296,
    0.3764519691467285,
    -0.18579360842704773,
    0.29419079422950745,
    -0.04068779945373535,
    0.21124741435050964,
    -0.03955860435962677,
    0.14787299931049347,
    0.00613740086555481,
    0.19883157312870026,
    0.0018264009850099683,
    0.2636567950248718,
    0.004009198397397995,
    0.15148258209228516,
    1.0258076190948486,
    2.003999948501587,
    1.78365159034729,
    0.0,
    0.0,
    0.0,
    0.0
  ],
  "spread_vector": [
    0.002067769644781947,
    0.0013201687252148986,
    0.0012778901727870107,
    0.00350686046294868,
    0.004131000488996506,
    0.0015216547762975097,
    0.0038160295225679874,
    0.00485655153170228,
    0.004252476152032614,
    0.00394391966983676,
    0.0034515652805566788,
    0.003113220212981105,
    0.0016780454898253083,
    0.004038061480969191,
    0.002788432640954852,
    0.0009509922238066792,
    0.0018621840281412005,
    0.0021461795549839735,
    0.0033215172588825226,
    0.0014505049912258983,
    0.003857711795717478,
    0.00293383258394897,
    0.0030238309409469366,
    0.004639782942831516,
    0.003377966582775116,
    0.004404835402965546,
    0.0038856533356010914,
    0.001706471317447722,
    0.0018374763894826174,
    0.002634173957630992,
    0.0017915789503604174,
    0.003661149414256215,
    0.0019631399773061275,
    0.0026491067837923765,
    0.0014358478365465999,
    0.0019236517837271094,
    0.0029078072402626276,
    0.0035388178657740355,
    0.0014781247591599822,
    0.0013828600058332086,
    0.0011858725920319557,
    0.0015138947637751698,
    0.0012417499674484134,
    0.0019855061545968056,
    0.0030157670844346285,
    0.003867074614390731,
    0.0013461095513775945,
    0.002419188851490617,
    0.003356794361025095,
    0.0033241515047848225,
    0.0018275867914780974,
    0.0017245886847376823,
    1.4525638818740845,
    0.7758874893188477,
    0.10261182487010956,
    0.06635010987520218,
    2.5943074226379395,
    0.5540493726730347,
    0.8662381172180176,
    0.4070311188697815,
    0.31923094391822815,
    0.43512946367263794,
    0.32687515020370483,
    0.3581722378730774,
    0.21134157478809357,
    0.2537224292755127,
    0.2414858639240265,
    0.1934814602136612,
    0.18248237669467926,
    0.14753800630569458,
    0.11077459156513214,
    0.19566410779953003,
    0.11494231224060059,
    0.19840502738952637,
    0.13736717402935028,
    0.2583792209625244,
    0.34671008586883545,
    0.4408102035522461,
    0.6781602501869202,
    0.0,
    0.0,
    0.0,
    0.0
  ],
  "vector_dim": 83,
  "tempo": {
    "bpm_mean": 131.5,
    "bpm_std": 29.1,
    "bpm_min": 73.8,
    "bpm_max": 172.3,
    "bpm_median": 143.6
  },
  "key": {
    "top_key": "F minor",
    "distribution": {
      "F minor": 0.2,
      "D# major": 0.2,
      "E minor": 0.1,
      "A minor": 0.1,
      "C# major": 0.1,
      "A major": 0.1,
      "F major": 0.1,
      "G minor": 0.1
    }
  },
  "signature_tags": [
    {
      "tag": "lo-fi hip hop with warm textures",
      "avg_score": 0.6209,
      "frequency": 0.9
    },
    {
      "tag": "minimalist sparse production",
      "avg_score": 0.611,
      "frequency": 0.9
    }
  ],
  "tag_averages": {
    "acoustic drum kit": 0.5692,
    "jersey club with fast kicks": 0.5477,
    "uplifting and triumphant feel": 0.5839,
    "brass horns": 0.5524,
    "trap beat with rolling hi-hats": 0.5659,
    "bell sounds and chimes": 0.548,
    "orchestral strings": 0.5774,
    "sound effects and risers": 0.5355,
    "layered and dense arrangement": 0.5579,
    "rage beat with distorted synths": 0.5733,
    "mysterious and suspenseful mood": 0.5636,
    "hype and energetic mood": 0.5799,
    "heavy reverb and spacious": 0.5181,
    "playful and bouncy energy": 0.5153,
    "mid-tempo groove": 0.5549,
    "lo-fi hip hop with warm textures": 0.6209,
    "soul sample with vinyl warmth": 0.5911,
    "minimalist sparse production": 0.611,
    "synth pad atmosphere": 0.5816,
    "pluggnb melodic beat": 0.593,
    "ethereal and dreamy atmosphere": 0.5685,
    "R&B smooth instrumental": 0.5728,
    "chill and relaxed vibes": 0.5678,
    "dark and ominous mood": 0.5845,
    "melodic and emotional feel": 0.5782,
    "drill beat with sliding 808s": 0.5829,
    "afrobeat rhythmic percussion": 0.5727,
    "triplet hi-hat flow": 0.5753,
    "choir and vocal chops": 0.5689,
    "lo-fi dusty texture": 0.6027,
    "synthesizer lead melody": 0.5969,
    "acoustic guitar": 0.5725,
    "flute melody": 0.5819,
    "808 bass with heavy sub frequencies": 0.5438
  },
  "spectral": {
    "centroid_mean": 2266.5,
    "centroid_std": 205.2,
    "flatness_mean": 0.044085
  },
  "energy": {
    "rms_mean": 0.205161,
    "rms_std": 0.069342
  },
  "rhythm": {
    "onset_density_mean": 3.34,
    "onset_density_std": 0.73
  },
  "stems": null,
  "created_at": "2026-03-26T01:25:00Z",
  "meta": {
    "processing_time_sec": 45.1,
    "tracks_profiled": 10,
    "tracks_attempted": 10
  }
}