{
  "artist": "Karol G",
  "track_count": 10,
  "centroid_vector": [
    0.0518464632332325,
    0.04936720058321953,
    0.04569478705525398,
    0.05180172994732857,
    0.05323665216565132,
    0.04718462750315666,
    0.053392648696899414,
    0.05509437993168831,
    0.05157285928726196,
    0.05458203703165054,
    0.04859691485762596,
    0.055971622467041016,
    0.048040058463811874,
    0.04929041489958763,
    0.0557234100997448,
    0.05061082914471626,
    0.0480932854115963,
    0.04850957915186882,
    0.05005320534110069,
    0.049989815801382065,
    0.054556217044591904,
    0.05664941295981407,
    0.06006438285112381,
    0.054014433175325394,
    0.050310105085372925,
    0.05784517154097557,
    0.0541965626180172,
    0.05328204110264778,
    0.05894254520535469,
    0.05073267221450806,
    0.06022373586893082,
    0.06308161467313766,
    0.0599585585296154,
    0.06187434121966362,
    0.054190319031476974,
    0.05702865868806839,
    0.06109512969851494,
    0.05930947884917259,
    0.0527859590947628,
    0.05726006254553795,
    0.05244987830519676,
    0.04786903038620949,
    0.04911608621478081,
    0.05555014684796333,
    0.06149405986070633,
    0.05402350425720215,
    0.05001600459218025,
    0.05262252315878868,
    0.04817533120512962,
    0.052328288555145264,
    0.050457585602998734,
    0.0503874197602272,
    5.069499969482422,
    3.7614498138427734,
    1.0008655786514282,
    0.09128159284591675,
    -6.010936737060547,
    6.024683475494385,
    0.39922258257865906,
    1.0342775583267212,
    0.1957572102546692,
    -0.03040439821779728,
    0.40721583366394043,
    -0.2523311972618103,
    0.10222440958023071,
    0.33745378255844116,
    -0.2124978005886078,
    0.1746605932712555,
    -0.15912240743637085,
    0.16553521156311035,
    -0.284926176071167,
    -0.06887340545654297,
    -0.09002338349819183,
    0.05041859298944473,
    -0.10936441272497177,
    0.1841447949409485,
    1.3761439323425293,
    2.3417999744415283,
    1.9251590967178345,
    0.0,
    0.0,
    0.0,
    0.0
  ],
  "spread_vector": [
    0.002144416095688939,
    0.001979933585971594,
    0.0014141335850581527,
    0.002314695157110691,
    0.002360615413635969,
    0.0024457969702780247,
    0.0013274186057969928,
    0.002468789927661419,
    0.001483665662817657,
    0.002436310052871704,
    0.0015874449163675308,
    0.00322315888479352,
    0.0021602546330541372,
    0.002827103016898036,
    0.0034860570449382067,
    0.002092198235914111,
    0.002739678369835019,
    0.0015744230477139354,
    0.0020050976891070604,
    0.0019417814910411835,
    0.002798572415485978,
    0.0030564365442842245,
    0.0028199481312185526,
    0.002771069062873721,
    0.002172859152778983,
    0.0018510966328904033,
    0.0021722125820815563,
    0.002151163760572672,
    0.003058764385059476,
    0.0029282651375979185,
    0.0022883068304508924,
    0.0032907165586948395,
    0.002932551084086299,
    0.0030342217069119215,
    0.002680422505363822,
    0.0023738425225019455,
    0.0023471403401345015,
    0.004171484615653753,
    0.0022689499892294407,
    0.002055506454780698,
    0.0022049075923860073,
    0.0029793453868478537,
    0.0027166695799678564,
    0.002212418941780925,
    0.0018212320283055305,
    0.003185658250004053,
    0.0022184874396771193,
    0.0027596482541412115,
    0.0022731635253876448,
    0.002987863263115287,
    0.003436543745920062,
    0.0014221480814740062,
    1.2499068975448608,
    0.4811963737010956,
    0.1036030575633049,
    0.03250400349497795,
    2.068854808807373,
    0.5126229524612427,
    0.7479894757270813,
    0.37267082929611206,
    0.504480242729187,
    0.2961536645889282,
    0.3393848240375519,
    0.32730427384376526,
    0.3084341287612915,
    0.29328280687332153,
    0.1378856748342514,
    0.14170268177986145,
    0.20905467867851257,
    0.1707564741373062,
    0.17187921702861786,
    0.1955675184726715,
    0.16505084931850433,
    0.16238349676132202,
    0.21381652355194092,
    0.203860804438591,
    0.21930256485939026,
    0.28575438261032104,
    0.7318856120109558,
    0.0,
    0.0,
    0.0,
    0.0
  ],
  "vector_dim": 83,
  "tempo": {
    "bpm_mean": 141.4,
    "bpm_std": 25.0,
    "bpm_min": 112.3,
    "bpm_max": 184.6,
    "bpm_median": 132.6
  },
  "key": {
    "top_key": "B major",
    "distribution": {
      "B major": 0.2,
      "B minor": 0.1,
      "D major": 0.1,
      "G# minor": 0.1,
      "C# minor": 0.1,
      "F minor": 0.1,
      "C# major": 0.1,
      "C minor": 0.1,
      "G minor": 0.1
    }
  },
  "signature_tags": [
    {
      "tag": "lo-fi hip hop with warm textures",
      "avg_score": 0.6281,
      "frequency": 1.0
    },
    {
      "tag": "afrobeat rhythmic percussion",
      "avg_score": 0.6124,
      "frequency": 1.0
    },
    {
      "tag": "minimalist sparse production",
      "avg_score": 0.6101,
      "frequency": 1.0
    },
    {
      "tag": "pluggnb melodic beat",
      "avg_score": 0.6069,
      "frequency": 1.0
    }
  ],
  "tag_averages": {
    "afrobeat rhythmic percussion": 0.6124,
    "lo-fi hip hop with warm textures": 0.6281,
    "minimalist sparse production": 0.6101,
    "drill beat with sliding 808s": 0.597,
    "pluggnb melodic beat": 0.6069,
    "uplifting and triumphant feel": 0.5807,
    "hype and energetic mood": 0.5981,
    "R&B smooth instrumental": 0.5939,
    "trap beat with rolling hi-hats": 0.5844,
    "mid-tempo groove": 0.5732,
    "rage beat with distorted synths": 0.5745,
    "soul sample with vinyl warmth": 0.5856,
    "chill and relaxed vibes": 0.5632,
    "flute melody": 0.5531,
    "triplet hi-hat flow": 0.5517,
    "synth pad atmosphere": 0.5643,
    "mysterious and suspenseful mood": 0.5696,
    "choir and vocal chops": 0.5893,
    "jersey club with fast kicks": 0.5669,
    "melodic and emotional feel": 0.5819,
    "acoustic drum kit": 0.6001,
    "synthesizer lead melody": 0.5334,
    "ethereal and dreamy atmosphere": 0.5544
  },
  "spectral": {
    "centroid_mean": 2001.7,
    "centroid_std": 207.2,
    "flatness_mean": 0.02282
  },
  "energy": {
    "rms_mean": 0.275229,
    "rms_std": 0.043861
  },
  "rhythm": {
    "onset_density_mean": 3.9,
    "onset_density_std": 0.48
  },
  "stems": null,
  "created_at": "2026-03-26T01:26:03Z",
  "meta": {
    "processing_time_sec": 42.7,
    "tracks_profiled": 10,
    "tracks_attempted": 10
  }
}