{
  "artist": "Ken Carson",
  "track_count": 20,
  "centroid_vector": [
    0.054509859532117844,
    0.053002696484327316,
    0.048482757061719894,
    0.05158764123916626,
    0.051515765488147736,
    0.050162423402071,
    0.053834713995456696,
    0.055806078016757965,
    0.05258166417479515,
    0.05154510959982872,
    0.04890463873744011,
    0.054512035101652145,
    0.04982825741171837,
    0.04609633609652519,
    0.05516546964645386,
    0.0499236173927784,
    0.04882466420531273,
    0.05059784650802612,
    0.05216242000460625,
    0.05419547110795975,
    0.05334481596946716,
    0.05432506278157234,
    0.0614902563393116,
    0.05318375304341316,
    0.05012722685933113,
    0.05921462923288345,
    0.05564546212553978,
    0.0532473586499691,
    0.06048855185508728,
    0.05250436067581177,
    0.06183763965964317,
    0.06446834653615952,
    0.0580141618847847,
    0.058326493948698044,
    0.05537348985671997,
    0.06117532402276993,
    0.06141173839569092,
    0.05975620821118355,
    0.05436746031045914,
    0.057534705847501755,
    0.054073598235845566,
    0.04960482195019722,
    0.04971803352236748,
    0.05701638013124466,
    0.060228414833545685,
    0.0547635518014431,
    0.05182608962059021,
    0.051554955542087555,
    0.049116071313619614,
    0.053611066192388535,
    0.05230417847633362,
    0.05122276023030281,
    4.5295000076293945,
    3.1796000003814697,
    1.2268712520599365,
    0.09258779138326645,
    -2.9021244049072266,
    4.819872856140137,
    1.23471999168396,
    1.0641473531723022,
    0.805723249912262,
    0.9529622197151184,
    0.24623221158981323,
    0.7041065692901611,
    0.061941295862197876,
    0.6804749965667725,
    0.06785789132118225,
    0.5213783979415894,
    0.18810148537158966,
    0.33622950315475464,
    0.2062106877565384,
    0.35681968927383423,
    0.0006851982325315475,
    0.3170064091682434,
    0.008319600485265255,
    0.14109060168266296,
    2.0524961948394775,
    2.2380001544952393,
    1.8013100624084473,
    0.0,
    0.0,
    0.0,
    0.0
  ],
  "spread_vector": [
    0.0018870572093874216,
    0.002526630414649844,
    0.0014046098804101348,
    0.003560608020052314,
    0.0018746687564998865,
    0.0019662557169795036,
    0.0048012821935117245,
    0.0038751810789108276,
    0.0025151486042886972,
    0.0033236518502235413,
    0.0021028912160545588,
    0.0027977663557976484,
    0.001683878363110125,
    0.002754610264673829,
    0.002017973456531763,
    0.001878563198260963,
    0.0016740737482905388,
    0.002329128561541438,
    0.0024151478428393602,
    0.0025812748353928328,
    0.0035028147976845503,
    0.0029914944898337126,
    0.004220186732709408,
    0.00284208613447845,
    0.0024613025598227978,
    0.004036358091980219,
    0.003476082580164075,
    0.0018267534906044602,
    0.0034404888283461332,
    0.0024186589289456606,
    0.00374312000349164,
    0.0029489013832062483,
    0.0037120592314749956,
    0.0028335617389529943,
    0.0021149571985006332,
    0.0034131843131035566,
    0.005108761601150036,
    0.0031078706961125135,
    0.004105692263692617,
    0.003569238353520632,
    0.0036755879409611225,
    0.0029351224657148123,
    0.002417988609522581,
    0.003549319226294756,
    0.004300143104046583,
    0.0029350484255701303,
    0.0018349556485190988,
    0.0022269149776548147,
    0.0015231865691021085,
    0.0023957439698278904,
    0.0024656306486576796,
    0.002111550187692046,
    1.0035346746444702,
    0.8324330449104309,
    0.2113744169473648,
    0.05983934924006462,
    1.7344540357589722,
    0.7094147205352783,
    0.5240241289138794,
    0.35165199637413025,
    0.2702392041683197,
    0.2341712862253189,
    0.1671096384525299,
    0.2363004982471466,
    0.17699837684631348,
    0.18504497408866882,
    0.261202871799469,
    0.14530780911445618,
    0.1647760272026062,
    0.13416801393032074,
    0.13882732391357422,
    0.1380750834941864,
    0.13598495721817017,
    0.11131967604160309,
    0.11685216426849365,
    0.10595899075269699,
    0.6598496437072754,
    0.693455696105957,
    0.5398541688919067,
    0.0,
    0.0,
    0.0,
    0.0
  ],
  "vector_dim": 83,
  "tempo": {
    "bpm_mean": 130.6,
    "bpm_std": 20.1,
    "bpm_min": 92.3,
    "bpm_max": 152.0,
    "bpm_median": 143.6
  },
  "key": {
    "top_key": "C# minor",
    "distribution": {
      "C# minor": 0.3,
      "F# minor": 0.15,
      "C# major": 0.1,
      "C minor": 0.05,
      "F minor": 0.05,
      "G minor": 0.05,
      "D major": 0.05,
      "A major": 0.05,
      "F# major": 0.05,
      "E minor": 0.05,
      "G# major": 0.05,
      "A# major": 0.05
    }
  },
  "signature_tags": [
    {
      "tag": "lo-fi hip hop with warm textures",
      "avg_score": 0.6438,
      "frequency": 1.0
    },
    {
      "tag": "drill beat with sliding 808s",
      "avg_score": 0.604,
      "frequency": 1.0
    },
    {
      "tag": "trap beat with rolling hi-hats",
      "avg_score": 0.6001,
      "frequency": 1.0
    }
  ],
  "tag_averages": {
    "lo-fi hip hop with warm textures": 0.6438,
    "rage beat with distorted synths": 0.598,
    "minimalist sparse production": 0.5932,
    "drill beat with sliding 808s": 0.604,
    "trap beat with rolling hi-hats": 0.6001,
    "soul sample with vinyl warmth": 0.5996,
    "hype and energetic mood": 0.598,
    "pluggnb melodic beat": 0.5918,
    "afrobeat rhythmic percussion": 0.5801,
    "uplifting and triumphant feel": 0.5707,
    "triplet hi-hat flow": 0.5712,
    "jersey club with fast kicks": 0.5669,
    "R&B smooth instrumental": 0.5791,
    "808 bass with heavy sub frequencies": 0.5415,
    "mid-tempo groove": 0.559,
    "choir and vocal chops": 0.572,
    "aggressive and hard-hitting energy": 0.5597,
    "layered and dense arrangement": 0.5652,
    "acoustic drum kit": 0.5578,
    "synth pad atmosphere": 0.5571,
    "mysterious and suspenseful mood": 0.5653,
    "chill and relaxed vibes": 0.5628,
    "boom bap with chopped samples": 0.5663,
    "sound effects and risers": 0.5496
  },
  "spectral": {
    "centroid_mean": 2453.7,
    "centroid_std": 422.7,
    "flatness_mean": 0.023147
  },
  "energy": {
    "rms_mean": 0.410499,
    "rms_std": 0.13197
  },
  "rhythm": {
    "onset_density_mean": 3.73,
    "onset_density_std": 1.16
  },
  "stems": null,
  "created_at": "2026-03-26T00:04:17Z",
  "meta": {
    "processing_time_sec": 67.4,
    "tracks_profiled": 20,
    "tracks_attempted": 20
  }
}