{
  "artist": "Kendrick Lamar",
  "track_count": 10,
  "centroid_vector": [
    0.052081283181905746,
    0.052279282361269,
    0.047436218708753586,
    0.05115163326263428,
    0.05193113163113594,
    0.04899704083800316,
    0.05123234912753105,
    0.054502565413713455,
    0.05273212119936943,
    0.05147368460893631,
    0.048647817224264145,
    0.05536043271422386,
    0.049136143177747726,
    0.04599476978182793,
    0.05558757111430168,
    0.050991952419281006,
    0.04903378710150719,
    0.0501975491642952,
    0.05161020904779434,
    0.05283941701054573,
    0.05327628180384636,
    0.054911740124225616,
    0.05941129848361015,
    0.053432732820510864,
    0.05034175515174866,
    0.05779391527175903,
    0.05507558584213257,
    0.05295649170875549,
    0.05907967686653137,
    0.05280764773488045,
    0.05920211598277092,
    0.06556736677885056,
    0.05879748612642288,
    0.058208148926496506,
    0.05531146749854088,
    0.058064986020326614,
    0.05889054760336876,
    0.06102496385574341,
    0.05278254300355911,
    0.056306179612874985,
    0.05208389833569527,
    0.048890311270952225,
    0.04942461475729942,
    0.05658525228500366,
    0.0611107237637043,
    0.05331846699118614,
    0.04967477545142174,
    0.05237363651394844,
    0.04970051720738411,
    0.05368834733963013,
    0.05226977542042732,
    0.05081769824028015,
    4.376500129699707,
    2.874799966812134,
    1.0885074138641357,
    0.10947960615158081,
    -5.499818801879883,
    5.414606094360352,
    0.5743314027786255,
    1.2171504497528076,
    0.603878378868103,
    0.5968716144561768,
    0.21126359701156616,
    0.6803256273269653,
    0.005516998469829559,
    0.5625960230827332,
    0.09212398529052734,
    0.3692537546157837,
    0.1273554116487503,
    0.35762637853622437,
    0.10742580145597458,
    0.3584190011024475,
    0.048227403312921524,
    0.2924466133117676,
    0.07361099869012833,
    0.3501132130622864,
    1.4521734714508057,
    2.191800117492676,
    1.9221206903457642,
    0.0,
    0.0,
    0.0,
    0.0
  ],
  "spread_vector": [
    0.0017426301492378116,
    0.0025810401421040297,
    0.0013677551178261638,
    0.0026620447169989347,
    0.002290253760293126,
    0.0009388683247379959,
    0.0030146848876029253,
    0.00299755553714931,
    0.0024400828406214714,
    0.0030575625132769346,
    0.0017831461736932397,
    0.0033226727973669767,
    0.0013492506695911288,
    0.0020096616353839636,
    0.0027998725418001413,
    0.001441746368072927,
    0.002587728202342987,
    0.0021249286364763975,
    0.0020355847664177418,
    0.0026948421727865934,
    0.003527045017108321,
    0.0025005429051816463,
    0.002969072898849845,
    0.0032215442042797804,
    0.002767506754025817,
    0.0024844128638505936,
    0.0027713014278560877,
    0.0023132481146603823,
    0.0034892831463366747,
    0.0034130949061363935,
    0.002176922746002674,
    0.0031828507781028748,
    0.0025518296752125025,
    0.0019203178817406297,
    0.0025475802831351757,
    0.002028924645856023,
    0.0025365406181663275,
    0.004681007470935583,
    0.0027052031364291906,
    0.0019087614491581917,
    0.0024749410804361105,
    0.003026193706318736,
    0.002432485343888402,
    0.003044684184715152,
    0.0013637369265779853,
    0.0038435389287769794,
    0.001727126189507544,
    0.002913928357884288,
    0.0028385657351464033,
    0.0022326072212308645,
    0.003215010045096278,
    0.0017777103930711746,
    1.3363739252090454,
    0.8575311899185181,
    0.1424877941608429,
    0.06655213236808777,
    1.4353020191192627,
    0.944267213344574,
    0.5317569375038147,
    0.32898765802383423,
    0.23987239599227905,
    0.2545783221721649,
    0.30509617924690247,
    0.253262460231781,
    0.22166083753108978,
    0.14629486203193665,
    0.21824252605438232,
    0.0758814886212349,
    0.11404548585414886,
    0.12276075035333633,
    0.12362594157457352,
    0.10779017210006714,
    0.13760964572429657,
    0.07823982834815979,
    0.07515399903059006,
    0.10857334733009338,
    0.27675437927246094,
    0.40023237466812134,
    0.47650042176246643,
    0.0,
    0.0,
    0.0,
    0.0
  ],
  "vector_dim": 83,
  "tempo": {
    "bpm_mean": 127.5,
    "bpm_std": 26.7,
    "bpm_min": 95.7,
    "bpm_max": 172.3,
    "bpm_median": 132.6
  },
  "key": {
    "top_key": "E minor",
    "distribution": {
      "E minor": 0.3,
      "C# major": 0.2,
      "C minor": 0.2,
      "A minor": 0.1,
      "G# major": 0.1,
      "G minor": 0.1
    }
  },
  "signature_tags": [
    {
      "tag": "lo-fi hip hop with warm textures",
      "avg_score": 0.6509,
      "frequency": 1.0
    },
    {
      "tag": "minimalist sparse production",
      "avg_score": 0.6135,
      "frequency": 1.0
    },
    {
      "tag": "trap beat with rolling hi-hats",
      "avg_score": 0.6033,
      "frequency": 0.9
    },
    {
      "tag": "soul sample with vinyl warmth",
      "avg_score": 0.6008,
      "frequency": 1.0
    }
  ],
  "tag_averages": {
    "lo-fi hip hop with warm textures": 0.6509,
    "minimalist sparse production": 0.6135,
    "drill beat with sliding 808s": 0.5991,
    "pluggnb melodic beat": 0.5923,
    "R&B smooth instrumental": 0.5807,
    "trap beat with rolling hi-hats": 0.6033,
    "hype and energetic mood": 0.5885,
    "afrobeat rhythmic percussion": 0.5815,
    "uplifting and triumphant feel": 0.5761,
    "soul sample with vinyl warmth": 0.6008,
    "rage beat with distorted synths": 0.5844,
    "triplet hi-hat flow": 0.5828,
    "acoustic drum kit": 0.5489,
    "mid-tempo groove": 0.5628,
    "synth pad atmosphere": 0.5719,
    "crisp hi-hat patterns": 0.5332,
    "choir and vocal chops": 0.5764,
    "jersey club with fast kicks": 0.5712,
    "ethereal and dreamy atmosphere": 0.5883,
    "chill and relaxed vibes": 0.5835,
    "boom bap with chopped samples": 0.5617,
    "mysterious and suspenseful mood": 0.5624,
    "punchy and compressed drums": 0.5673
  },
  "spectral": {
    "centroid_mean": 2177.0,
    "centroid_std": 285.0,
    "flatness_mean": 0.02737
  },
  "energy": {
    "rms_mean": 0.290435,
    "rms_std": 0.055351
  },
  "rhythm": {
    "onset_density_mean": 3.65,
    "onset_density_std": 0.67
  },
  "stems": null,
  "created_at": "2026-03-26T01:27:14Z",
  "meta": {
    "processing_time_sec": 49.3,
    "tracks_profiled": 10,
    "tracks_attempted": 10
  }
}