{
  "artist": "Kodak Black",
  "track_count": 10,
  "centroid_vector": [
    0.052720583975315094,
    0.052855610847473145,
    0.048180606216192245,
    0.050548966974020004,
    0.05068365857005119,
    0.049903471022844315,
    0.05123881250619888,
    0.053627509623765945,
    0.050835974514484406,
    0.050728823989629745,
    0.04837636277079582,
    0.05309167504310608,
    0.049060847610235214,
    0.04527464881539345,
    0.05384228378534317,
    0.050918348133563995,
    0.04759330675005913,
    0.04869860038161278,
    0.051341712474823,
    0.05161626264452934,
    0.05172206088900566,
    0.05357757955789566,
    0.05829939246177673,
    0.05183282122015953,
    0.05003577098250389,
    0.05639733746647835,
    0.054090339690446854,
    0.051769860088825226,
    0.058620817959308624,
    0.051691215485334396,
    0.05908185988664627,
    0.06474806368350983,
    0.05754808336496353,
    0.057582199573516846,
    0.05347391590476036,
    0.05797528102993965,
    0.05813223868608475,
    0.058282263576984406,
    0.05252334102988243,
    0.05493239313364029,
    0.05164729431271553,
    0.04788760468363762,
    0.0494462214410305,
    0.057038839906454086,
    0.060980018228292465,
    0.050050582736730576,
    0.04942665621638298,
    0.050041791051626205,
    0.048176925629377365,
    0.05295624956488609,
    0.050755273550748825,
    0.04980679973959923,
    4.124499797821045,
    2.9325997829437256,
    1.176611065864563,
    0.19269199669361115,
    -7.584547519683838,
    4.762912750244141,
    0.6025733947753906,
    0.8587080240249634,
    0.23364119231700897,
    0.6825528144836426,
    -0.28180742263793945,
    0.39660903811454773,
    -0.04717140644788742,
    0.21055559813976288,
    0.26025962829589844,
    0.3586493730545044,
    -0.01564500853419304,
    0.4328489303588867,
    0.15900778770446777,
    0.19061580300331116,
    0.012760198675096035,
    0.20680499076843262,
    0.011431198567152023,
    0.20677439868450165,
    1.1505547761917114,
    2.3286001682281494,
    1.7294973134994507,
    0.0,
    0.0,
    0.0,
    0.0
  ],
  "spread_vector": [
    0.0011367056285962462,
    0.0013857459416612983,
    0.0010260025737807155,
    0.0017323140054941177,
    0.0010221219854429364,
    0.0009133912972174585,
    0.0015057119308039546,
    0.0012917108833789825,
    0.0015553425764665008,
    0.0021322539541870356,
    0.0008660671301186085,
    0.00258773029781878,
    0.0010816650465130806,
    0.0012247951235622168,
    0.0014900279929861426,
    0.00142717978451401,
    0.0018349973252043128,
    0.0013034652220085263,
    0.0013458755565807223,
    0.0015242736553773284,
    0.0021108651999384165,
    0.0019450074760243297,
    0.0017479312373325229,
    0.0017756791785359383,
    0.0017594803357496858,
    0.001725564943626523,
    0.0019343093736097217,
    0.000883118889760226,
    0.0019003099296241999,
    0.0020016662310808897,
    0.0014818700728937984,
    0.0025479893665760756,
    0.0024147944059222937,
    0.001332442625425756,
    0.0015722968382760882,
    0.0010987994028255343,
    0.0016855628928169608,
    0.0034754499793052673,
    0.0015108714578673244,
    0.0011848602443933487,
    0.0011189556680619717,
    0.0019183686235919595,
    0.0013242712011560798,
    0.00158887286670506,
    0.001326800207607448,
    0.0019237932283431292,
    0.0011460715904831886,
    0.0024754474870860577,
    0.00162720016669482,
    0.001713520847260952,
    0.0019528878619894385,
    0.0015932678943499923,
    1.2809339761734009,
    0.5527712106704712,
    0.20796644687652588,
    0.17665070295333862,
    2.1786837577819824,
    0.8076419234275818,
    0.6936314105987549,
    0.4596027135848999,
    0.3759503960609436,
    0.4077385663986206,
    0.27519097924232483,
    0.1835673451423645,
    0.3054960072040558,
    0.2519860565662384,
    0.17265188694000244,
    0.23207710683345795,
    0.2716675102710724,
    0.15992224216461182,
    0.11415471136569977,
    0.1548697054386139,
    0.10790832340717316,
    0.1723444163799286,
    0.11496713757514954,
    0.11830179393291473,
    0.33943843841552734,
    0.21122130751609802,
    0.48668259382247925,
    0.0,
    0.0,
    0.0,
    0.0
  ],
  "vector_dim": 83,
  "tempo": {
    "bpm_mean": 122.5,
    "bpm_std": 25.6,
    "bpm_min": 92.3,
    "bpm_max": 172.3,
    "bpm_median": 117.5
  },
  "key": {
    "top_key": "F minor",
    "distribution": {
      "F minor": 0.2,
      "A minor": 0.1,
      "G# minor": 0.1,
      "C major": 0.1,
      "G# major": 0.1,
      "C minor": 0.1,
      "D minor": 0.1,
      "C# major": 0.1,
      "G major": 0.1
    }
  },
  "signature_tags": [
    {
      "tag": "lo-fi hip hop with warm textures",
      "avg_score": 0.6442,
      "frequency": 1.0
    },
    {
      "tag": "minimalist sparse production",
      "avg_score": 0.6185,
      "frequency": 1.0
    }
  ],
  "tag_averages": {
    "lo-fi hip hop with warm textures": 0.6442,
    "soul sample with vinyl warmth": 0.5839,
    "minimalist sparse production": 0.6185,
    "choir and vocal chops": 0.6298,
    "trap beat with rolling hi-hats": 0.5864,
    "R&B smooth instrumental": 0.5778,
    "pluggnb melodic beat": 0.5855,
    "drill beat with sliding 808s": 0.5917,
    "hype and energetic mood": 0.5807,
    "triplet hi-hat flow": 0.5785,
    "uplifting and triumphant feel": 0.5702,
    "afrobeat rhythmic percussion": 0.5803,
    "rage beat with distorted synths": 0.5773,
    "acoustic drum kit": 0.5541,
    "chill and relaxed vibes": 0.5459,
    "synth pad atmosphere": 0.5502,
    "808 bass with heavy sub frequencies": 0.5498,
    "mid-tempo groove": 0.5526,
    "crisp hi-hat patterns": 0.546,
    "lo-fi dusty texture": 0.6027,
    "synthesizer lead melody": 0.5926,
    "acoustic guitar": 0.5842,
    "flute melody": 0.5819,
    "orchestral strings": 0.5781,
    "jersey club with fast kicks": 0.5261,
    "mysterious and suspenseful mood": 0.5411
  },
  "spectral": {
    "centroid_mean": 2353.2,
    "centroid_std": 415.9,
    "flatness_mean": 0.048173
  },
  "energy": {
    "rms_mean": 0.230111,
    "rms_std": 0.067888
  },
  "rhythm": {
    "onset_density_mean": 3.88,
    "onset_density_std": 0.35
  },
  "stems": null,
  "created_at": "2026-03-26T01:28:15Z",
  "meta": {
    "processing_time_sec": 40.6,
    "tracks_profiled": 10,
    "tracks_attempted": 10
  }
}