{
  "artist": "kojo funds",
  "track_count": 10,
  "centroid_vector": [
    0.05249413475394249,
    0.05202954635024071,
    0.04765531048178673,
    0.05067694932222366,
    0.051325488835573196,
    0.04880283400416374,
    0.05150751397013664,
    0.05459582433104515,
    0.05157170817255974,
    0.0513230636715889,
    0.048936519771814346,
    0.05415056273341179,
    0.04903348907828331,
    0.04641762003302574,
    0.05423766002058983,
    0.05143311247229576,
    0.04850391671061516,
    0.04934080317616463,
    0.05099663883447647,
    0.05121580511331558,
    0.05257037281990051,
    0.05497639998793602,
    0.0582846999168396,
    0.052778877317905426,
    0.04991769418120384,
    0.056869834661483765,
    0.05393274500966072,
    0.051780350506305695,
    0.05846836790442467,
    0.05121168494224548,
    0.060131143778562546,
    0.06467916816473007,
    0.05889759212732315,
    0.05929810553789139,
    0.0540827214717865,
    0.05768093466758728,
    0.05916959047317505,
    0.05872486159205437,
    0.052444424480199814,
    0.056190021336078644,
    0.05163582041859627,
    0.047695960849523544,
    0.049085650593042374,
    0.05652531608939171,
    0.06151169165968895,
    0.052229154855012894,
    0.04961821064352989,
    0.05222975090146065,
    0.048797037452459335,
    0.05334705114364624,
    0.05055029317736626,
    0.0508284829556942,
    3.945499897003174,
    3.210899829864502,
    1.2444854974746704,
    0.20977361500263214,
    -5.84770393371582,
    4.710782527923584,
    0.6485394239425659,
    1.06757390499115,
    0.4086329936981201,
    0.11023859679698944,
    -0.38410860300064087,
    0.18041878938674927,
    -0.493918776512146,
    -0.014797797426581383,
    -0.2239794135093689,
    0.041190601885318756,
    -0.14427000284194946,
    0.10834258794784546,
    -0.14964540302753448,
    0.2978958189487457,
    -0.20879580080509186,
    0.13582919538021088,
    -0.04794420674443245,
    0.015473398379981518,
    1.1659184694290161,
    2.2241997718811035,
    0.9942807555198669,
    0.0,
    0.0,
    0.0,
    0.0
  ],
  "spread_vector": [
    0.0008272200939245522,
    0.0012544691562652588,
    0.0011362592922523618,
    0.0015488149365410209,
    0.0011080973781645298,
    0.0013526243856176734,
    0.0014469180023297668,
    0.0011333817383274436,
    0.0012524928897619247,
    0.0016644131392240524,
    0.0016698666149750352,
    0.0033961699809879065,
    0.0013428967213258147,
    0.0021532096434384584,
    0.001260190736502409,
    0.0016444753855466843,
    0.0016020331531763077,
    0.0016738654812797904,
    0.0010022944770753384,
    0.0020976164378225803,
    0.002034283010289073,
    0.0019148517167195678,
    0.0014659884618595243,
    0.0012014122912660241,
    0.0015007838374003768,
    0.0011029187589883804,
    0.0013424718054011464,
    0.0009506875649094582,
    0.0015427841572090983,
    0.0021140540484339,
    0.001184639404527843,
    0.001658636494539678,
    0.001998579828068614,
    0.001730584423057735,
    0.002254131017252803,
    0.000978641677647829,
    0.0013527217088267207,
    0.0028213586192578077,
    0.0017246458446606994,
    0.0015639661578461528,
    0.0013312023365870118,
    0.002071656985208392,
    0.0016420938773080707,
    0.0012435675598680973,
    0.0017297914018854499,
    0.001989311771467328,
    0.0014678052393719554,
    0.002453625202178955,
    0.0015537053113803267,
    0.0007530541042797267,
    0.0018472321098670363,
    0.0019730969797819853,
    0.7767897248268127,
    0.824711799621582,
    0.1671282947063446,
    0.1768401563167572,
    1.7426984310150146,
    0.6792280673980713,
    0.513749361038208,
    0.38668692111968994,
    0.3080669641494751,
    0.2678240239620209,
    0.2891707122325897,
    0.24875733256340027,
    0.24068930745124817,
    0.20848143100738525,
    0.18124952912330627,
    0.1547812819480896,
    0.17890459299087524,
    0.14259439706802368,
    0.19670164585113525,
    0.17433902621269226,
    0.18329870700836182,
    0.10389668494462967,
    0.09181095659732819,
    0.11191072314977646,
    0.21677479147911072,
    0.3047391474246979,
    0.16352209448814392,
    0.0,
    0.0,
    0.0,
    0.0
  ],
  "vector_dim": 83,
  "tempo": {
    "bpm_mean": 118.9,
    "bpm_std": 15.5,
    "bpm_min": 99.4,
    "bpm_max": 143.6,
    "bpm_median": 123.0
  },
  "key": {
    "top_key": "D# minor",
    "distribution": {
      "D# minor": 0.3,
      "E minor": 0.2,
      "G minor": 0.1,
      "A# minor": 0.1,
      "A# major": 0.1,
      "G major": 0.1,
      "A minor": 0.1
    }
  },
  "signature_tags": [
    {
      "tag": "lo-fi hip hop with warm textures",
      "avg_score": 0.6486,
      "frequency": 1.0
    },
    {
      "tag": "minimalist sparse production",
      "avg_score": 0.6138,
      "frequency": 1.0
    }
  ],
  "tag_averages": {
    "lo-fi hip hop with warm textures": 0.6486,
    "minimalist sparse production": 0.6138,
    "drill beat with sliding 808s": 0.5985,
    "pluggnb melodic beat": 0.5925,
    "afrobeat rhythmic percussion": 0.5984,
    "rage beat with distorted synths": 0.576,
    "hype and energetic mood": 0.5873,
    "R&B smooth instrumental": 0.5882,
    "trap beat with rolling hi-hats": 0.5848,
    "uplifting and triumphant feel": 0.5709,
    "mid-tempo groove": 0.5591,
    "soul sample with vinyl warmth": 0.5912,
    "triplet hi-hat flow": 0.5639,
    "synth pad atmosphere": 0.5418,
    "chill and relaxed vibes": 0.5635,
    "choir and vocal chops": 0.5912,
    "jersey club with fast kicks": 0.5645,
    "acoustic drum kit": 0.5594,
    "808 bass with heavy sub frequencies": 0.5303
  },
  "spectral": {
    "centroid_mean": 2489.0,
    "centroid_std": 334.3,
    "flatness_mean": 0.052443
  },
  "energy": {
    "rms_mean": 0.233184,
    "rms_std": 0.043355
  },
  "rhythm": {
    "onset_density_mean": 3.71,
    "onset_density_std": 0.51
  },
  "stems": null,
  "created_at": "2026-03-26T00:56:55Z",
  "meta": {
    "processing_time_sec": 42.3,
    "tracks_profiled": 10,
    "tracks_attempted": 10
  }
}