{
  "artist": "Lancey Foux",
  "track_count": 10,
  "centroid_vector": [
    0.05253024026751518,
    0.05140714719891548,
    0.047698210924863815,
    0.05047665908932686,
    0.05092695355415344,
    0.048483457416296005,
    0.050541240721940994,
    0.055014606565237045,
    0.0515705943107605,
    0.05023229867219925,
    0.04925252124667168,
    0.05457231029868126,
    0.04794016852974892,
    0.04670580103993416,
    0.053547363728284836,
    0.05114137753844261,
    0.04917333647608757,
    0.049991365522146225,
    0.05163007974624634,
    0.05188561603426933,
    0.053343694657087326,
    0.05499058961868286,
    0.05833328515291214,
    0.053754325956106186,
    0.05048901587724686,
    0.05642683431506157,
    0.054418791085481644,
    0.052038468420505524,
    0.05724542960524559,
    0.0508933961391449,
    0.05807463452219963,
    0.06364169716835022,
    0.0578639917075634,
    0.05647765472531319,
    0.05350004509091377,
    0.05691849812865257,
    0.058015819638967514,
    0.0591508224606514,
    0.05133771896362305,
    0.05503344535827637,
    0.05037245899438858,
    0.04754463955760002,
    0.04823495075106621,
    0.05553125962615013,
    0.05932324007153511,
    0.053529419004917145,
    0.04990304633975029,
    0.05204964801669121,
    0.0490700788795948,
    0.05306221917271614,
    0.05068150907754898,
    0.051299113780260086,
    4.209500312805176,
    2.8859000205993652,
    1.1472159624099731,
    0.1055367961525917,
    -4.65550422668457,
    5.372941970825195,
    1.0336391925811768,
    1.4266204833984375,
    0.43929600715637207,
    0.5785434246063232,
    0.15184679627418518,
    0.5395619869232178,
    -0.15138360857963562,
    0.491396963596344,
    -0.08356741070747375,
    0.21847562491893768,
    -0.015625804662704468,
    0.3501042127609253,
    0.06295499950647354,
    0.19252681732177734,
    0.01639140024781227,
    0.2006838172674179,
    -0.06513179838657379,
    0.2644236087799072,
    1.5289814472198486,
    2.578199863433838,
    1.5304288864135742,
    0.0,
    0.0,
    0.0,
    0.0
  ],
  "spread_vector": [
    0.0016413964331150055,
    0.0015796953812241554,
    0.0010593879269436002,
    0.002476439345628023,
    0.0017784138908609748,
    0.001270050066523254,
    0.002085220767185092,
    0.0032655620016157627,
    0.00230081332847476,
    0.0027112204115837812,
    0.00299491616897285,
    0.0034783929586410522,
    0.001098108827136457,
    0.0036397315561771393,
    0.0015964325284585357,
    0.0010132271563634276,
    0.0023548798635601997,
    0.0014021493261680007,
    0.00265399063937366,
    0.0033092875964939594,
    0.0028233469929546118,
    0.003282712073996663,
    0.0012912419624626637,
    0.003575074253603816,
    0.002764946548268199,
    0.002217866713181138,
    0.0023233916144818068,
    0.001053743646480143,
    0.002662883372977376,
    0.004060190171003342,
    0.0016317656263709068,
    0.0026297199074178934,
    0.0022636810317635536,
    0.0019755777902901173,
    0.0035642769653350115,
    0.0030458669643849134,
    0.0009406190365552902,
    0.003160624299198389,
    0.0010459594195708632,
    0.001302290358580649,
    0.0010922516230493784,
    0.0021794280037283897,
    0.001289955573156476,
    0.0012457803823053837,
    0.0015621314523741603,
    0.003575820242986083,
    0.001851929584518075,
    0.002386813284829259,
    0.0023608070332556963,
    0.001655195141211152,
    0.0033258446492254734,
    0.002197697525843978,
    1.1905847787857056,
    0.5984353423118591,
    0.19944308698177338,
    0.054333340376615524,
    2.795603036880493,
    0.8653762340545654,
    0.814844012260437,
    0.41495662927627563,
    0.41776853799819946,
    0.25566571950912476,
    0.37988796830177307,
    0.2629321813583374,
    0.21389825642108917,
    0.23178088665008545,
    0.14376205205917358,
    0.14667104184627533,
    0.20252123475074768,
    0.16148591041564941,
    0.18682046234607697,
    0.19777363538742065,
    0.14884819090366364,
    0.21198879182338715,
    0.12926849722862244,
    0.10058487206697464,
    0.5103774070739746,
    0.4812736511230469,
    0.5138824582099915,
    0.0,
    0.0,
    0.0,
    0.0
  ],
  "vector_dim": 83,
  "tempo": {
    "bpm_mean": 124.2,
    "bpm_std": 23.8,
    "bpm_min": 92.3,
    "bpm_max": 161.5,
    "bpm_median": 120.8
  },
  "key": {
    "top_key": "D# minor",
    "distribution": {
      "D# minor": 0.2,
      "F# minor": 0.2,
      "C# major": 0.2,
      "D# major": 0.1,
      "E major": 0.1,
      "F# major": 0.1,
      "G# minor": 0.1
    }
  },
  "signature_tags": [
    {
      "tag": "lo-fi hip hop with warm textures",
      "avg_score": 0.654,
      "frequency": 1.0
    },
    {
      "tag": "minimalist sparse production",
      "avg_score": 0.6052,
      "frequency": 1.0
    },
    {
      "tag": "soul sample with vinyl warmth",
      "avg_score": 0.6034,
      "frequency": 1.0
    },
    {
      "tag": "drill beat with sliding 808s",
      "avg_score": 0.6002,
      "frequency": 1.0
    }
  ],
  "tag_averages": {
    "lo-fi hip hop with warm textures": 0.654,
    "minimalist sparse production": 0.6052,
    "trap beat with rolling hi-hats": 0.5919,
    "drill beat with sliding 808s": 0.6002,
    "rage beat with distorted synths": 0.5952,
    "hype and energetic mood": 0.597,
    "soul sample with vinyl warmth": 0.6034,
    "pluggnb melodic beat": 0.5955,
    "triplet hi-hat flow": 0.567,
    "afrobeat rhythmic percussion": 0.5802,
    "R&B smooth instrumental": 0.5843,
    "uplifting and triumphant feel": 0.5796,
    "mid-tempo groove": 0.5674,
    "choir and vocal chops": 0.5688,
    "jersey club with fast kicks": 0.5571,
    "synth pad atmosphere": 0.5732,
    "mysterious and suspenseful mood": 0.5778,
    "ethereal and dreamy atmosphere": 0.5802,
    "lo-fi dusty texture": 0.5777,
    "layered and dense arrangement": 0.5919,
    "808 bass with heavy sub frequencies": 0.5754,
    "aggressive and hard-hitting energy": 0.5729,
    "chill and relaxed vibes": 0.58,
    "acoustic drum kit": 0.5691
  },
  "spectral": {
    "centroid_mean": 2294.4,
    "centroid_std": 398.9,
    "flatness_mean": 0.026384
  },
  "energy": {
    "rms_mean": 0.305796,
    "rms_std": 0.102075
  },
  "rhythm": {
    "onset_density_mean": 4.3,
    "onset_density_std": 0.8
  },
  "stems": null,
  "created_at": "2026-03-26T01:29:07Z",
  "meta": {
    "processing_time_sec": 33.7,
    "tracks_profiled": 10,
    "tracks_attempted": 10
  }
}