{
  "artist": "Latto",
  "track_count": 9,
  "centroid_vector": [
    0.05160311982035637,
    0.05048651248216629,
    0.04622971639037132,
    0.05089491233229637,
    0.051502685993909836,
    0.049064140766859055,
    0.052888937294483185,
    0.05482206493616104,
    0.052026864141225815,
    0.05176042392849922,
    0.04835449531674385,
    0.05388326570391655,
    0.04835866019129753,
    0.04663177952170372,
    0.054337263107299805,
    0.05064256861805916,
    0.04693775251507759,
    0.050085343420505524,
    0.05066865682601929,
    0.051648836582899094,
    0.05304110050201416,
    0.054569024592638016,
    0.059561170637607574,
    0.05274961143732071,
    0.04965003952383995,
    0.058198850601911545,
    0.054495394229888916,
    0.05307328328490257,
    0.05777357891201973,
    0.05079089477658272,
    0.05918934568762779,
    0.06306108087301254,
    0.05785343796014786,
    0.05783266946673393,
    0.054082661867141724,
    0.05796507000923157,
    0.05940214544534683,
    0.05819280073046684,
    0.0515914224088192,
    0.05580136924982071,
    0.05163295194506645,
    0.04696885868906975,
    0.048066895455121994,
    0.055613089352846146,
    0.060225363820791245,
    0.0526336245238781,
    0.04954500123858452,
    0.05102423578500748,
    0.04858824983239174,
    0.052440095692873,
    0.04992331936955452,
    0.05035163834691048,
    4.127777576446533,
    3.0625555515289307,
    1.2727237939834595,
    0.21029289066791534,
    -5.527218341827393,
    4.523628234863281,
    0.4452093243598938,
    0.6906726360321045,
    0.23118668794631958,
    0.4162306785583496,
    0.003920000046491623,
    0.32707729935646057,
    -0.030575331300497055,
    0.20360067486763,
    -0.02014799788594246,
    0.13564932346343994,
    -0.10992933064699173,
    0.16601665318012238,
    -0.04847666621208191,
    0.00790733564645052,
    -0.11953866481781006,
    0.11635934561491013,
    -0.19372066855430603,
    0.053979337215423584,
    1.258940577507019,
    2.1033334732055664,
    1.591228723526001,
    0.0,
    0.0,
    0.0,
    0.0
  ],
  "spread_vector": [
    0.0017613035161048174,
    0.002979930257424712,
    0.002387786051258445,
    0.0026991243939846754,
    0.0037389283534139395,
    0.0018634175648912787,
    0.0020472046453505754,
    0.002436600858345628,
    0.003200537757948041,
    0.0021920979488641024,
    0.002262862166389823,
    0.004346446134150028,
    0.002200244227424264,
    0.0027851213235408068,
    0.0025425918865948915,
    0.002007343340665102,
    0.0029038439970463514,
    0.001617003814317286,
    0.00280809891410172,
    0.0027730592992156744,
    0.0033454112708568573,
    0.002921327715739608,
    0.0019855471327900887,
    0.0029562090057879686,
    0.0032992244232445955,
    0.002014807891100645,
    0.0031268184538930655,
    0.001306119724176824,
    0.0030329993460327387,
    0.0039592026732862,
    0.002270472003147006,
    0.003562054131180048,
    0.0027846654411405325,
    0.002173535991460085,
    0.0030657954048365355,
    0.0021770268213003874,
    0.0018516669515520334,
    0.0050016664899885654,
    0.002145959995687008,
    0.0018270406872034073,
    0.0020772579591721296,
    0.0030917434487491846,
    0.0028600541409105062,
    0.0024857581593096256,
    0.0021438542753458023,
    0.003189754905179143,
    0.0024166640359908342,
    0.003540326375514269,
    0.0030213191639631987,
    0.0027531778905540705,
    0.0037701104301959276,
    0.0026929767336696386,
    1.1064183712005615,
    0.843859851360321,
    0.13470792770385742,
    0.14429976046085358,
    2.2733826637268066,
    0.9506182670593262,
    0.6778477430343628,
    0.30195707082748413,
    0.3550686538219452,
    0.4303762912750244,
    0.2863820195198059,
    0.259505957365036,
    0.27458781003952026,
    0.31347280740737915,
    0.27179205417633057,
    0.23930075764656067,
    0.21653911471366882,
    0.24677686393260956,
    0.15489454567432404,
    0.15644201636314392,
    0.16929474472999573,
    0.11743151396512985,
    0.17113539576530457,
    0.1366584300994873,
    0.18579846620559692,
    0.3740813732147217,
    0.42777737975120544,
    0.0,
    0.0,
    0.0,
    0.0
  ],
  "vector_dim": 83,
  "tempo": {
    "bpm_mean": 122.6,
    "bpm_std": 22.1,
    "bpm_min": 95.7,
    "bpm_max": 161.5,
    "bpm_median": 123.0
  },
  "key": {
    "top_key": "G# minor",
    "distribution": {
      "G# minor": 0.222,
      "G# major": 0.111,
      "C major": 0.111,
      "D major": 0.111,
      "B major": 0.111,
      "C# minor": 0.111,
      "D# major": 0.111,
      "E minor": 0.111
    }
  },
  "signature_tags": [
    {
      "tag": "lo-fi hip hop with warm textures",
      "avg_score": 0.6325,
      "frequency": 1.0
    },
    {
      "tag": "minimalist sparse production",
      "avg_score": 0.604,
      "frequency": 1.0
    }
  ],
  "tag_averages": {
    "lo-fi hip hop with warm textures": 0.6325,
    "minimalist sparse production": 0.604,
    "pluggnb melodic beat": 0.595,
    "drill beat with sliding 808s": 0.5941,
    "afrobeat rhythmic percussion": 0.5858,
    "R&B smooth instrumental": 0.5807,
    "hype and energetic mood": 0.5898,
    "uplifting and triumphant feel": 0.5776,
    "soul sample with vinyl warmth": 0.5886,
    "rage beat with distorted synths": 0.5788,
    "trap beat with rolling hi-hats": 0.585,
    "mid-tempo groove": 0.5627,
    "triplet hi-hat flow": 0.5624,
    "choir and vocal chops": 0.558,
    "chill and relaxed vibes": 0.5683,
    "synthesizer lead melody": 0.5542,
    "synth pad atmosphere": 0.5597,
    "orchestral strings": 0.5596,
    "mysterious and suspenseful mood": 0.5594,
    "ethereal and dreamy atmosphere": 0.5571,
    "flute melody": 0.5521,
    "acoustic drum kit": 0.5671,
    "jersey club with fast kicks": 0.5491,
    "808 bass with heavy sub frequencies": 0.5344,
    "crisp hi-hat patterns": 0.5664,
    "acoustic guitar": 0.6124,
    "melodic and emotional feel": 0.5451
  },
  "spectral": {
    "centroid_mean": 2545.4,
    "centroid_std": 269.4,
    "flatness_mean": 0.052573
  },
  "energy": {
    "rms_mean": 0.251788,
    "rms_std": 0.03716
  },
  "rhythm": {
    "onset_density_mean": 3.51,
    "onset_density_std": 0.62
  },
  "stems": null,
  "created_at": "2026-03-26T01:30:03Z",
  "meta": {
    "processing_time_sec": 38.4,
    "tracks_profiled": 9,
    "tracks_attempted": 9
  }
}