{
  "artist": "Lil Nas X",
  "track_count": 9,
  "centroid_vector": [
    0.05155372619628906,
    0.05054452642798424,
    0.04660589620471001,
    0.05137546733021736,
    0.053096920251846313,
    0.04927287623286247,
    0.05191894248127937,
    0.053937215358018875,
    0.05229153111577034,
    0.05166751146316528,
    0.04950795695185661,
    0.055097926408052444,
    0.049782123416662216,
    0.04724213853478432,
    0.05530765280127525,
    0.05157360062003136,
    0.04789271578192711,
    0.048874106258153915,
    0.050197478383779526,
    0.05177298188209534,
    0.052247267216444016,
    0.05471590906381607,
    0.058837294578552246,
    0.052173107862472534,
    0.049633558839559555,
    0.05705946311354637,
    0.05401981994509697,
    0.052632760256528854,
    0.05799916014075279,
    0.050291676074266434,
    0.05847512558102608,
    0.06354105472564697,
    0.0585479810833931,
    0.05791213735938072,
    0.055094730108976364,
    0.0570397675037384,
    0.05875255540013313,
    0.05927864462137222,
    0.051656585186719894,
    0.056078869849443436,
    0.05118061974644661,
    0.0477471761405468,
    0.04827497527003288,
    0.0548386350274086,
    0.06017506122589111,
    0.05259101465344429,
    0.049278002232313156,
    0.05231379345059395,
    0.04818001016974449,
    0.05305570363998413,
    0.05053503066301346,
    0.050348419696092606,
    4.949999809265137,
    2.888333320617676,
    1.2889527082443237,
    0.13531778752803802,
    -6.5052385330200195,
    4.789401054382324,
    0.75982666015625,
    0.8975033760070801,
    0.5420346260070801,
    0.2094379961490631,
    0.08388200402259827,
    0.11775600910186768,
    -0.33827197551727295,
    0.2506066858768463,
    -0.3057193160057068,
    0.252243310213089,
    -0.09206067770719528,
    0.07507066428661346,
    -0.043765995651483536,
    0.13936199247837067,
    -0.15973599255084991,
    0.1071753278374672,
    -0.016311997547745705,
    0.07476333528757095,
    1.0478315353393555,
    1.9766666889190674,
    1.9811429977416992,
    0.0,
    0.0,
    0.0,
    0.0
  ],
  "spread_vector": [
    0.0015438998816534877,
    0.002716338960453868,
    0.002146261977031827,
    0.001638464629650116,
    0.0018129993695765734,
    0.000970894587226212,
    0.0019517764449119568,
    0.0011051566107198596,
    0.001616505323909223,
    0.0014364985981956124,
    0.0012294703628867865,
    0.0018843638245016336,
    0.0013637718511745334,
    0.002438287017866969,
    0.0015971873654052615,
    0.0017323825741186738,
    0.0014820703072473407,
    0.0012413228396326303,
    0.0009448571363463998,
    0.0019382958998903632,
    0.001927542150951922,
    0.0014523068675771356,
    0.0018325395649299026,
    0.0010952966986224055,
    0.001588207669556141,
    0.002018641447648406,
    0.001302044023759663,
    0.0017116483068093657,
    0.0026987947057932615,
    0.002053682692348957,
    0.0029780797194689512,
    0.002910498296841979,
    0.0019669344183057547,
    0.002091650851070881,
    0.002524105366319418,
    0.0020267569925636053,
    0.0015621589263901114,
    0.0024700434878468513,
    0.0014694271376356483,
    0.0017797176260501146,
    0.0015520217129960656,
    0.002166503109037876,
    0.0019200610695406795,
    0.002727114362642169,
    0.0021031838841736317,
    0.0019007647642865777,
    0.0009674318134784698,
    0.0020462675020098686,
    0.001056318636983633,
    0.0012581365881487727,
    0.002139525255188346,
    0.001735283643938601,
    0.6723713874816895,
    0.6753853559494019,
    0.17436771094799042,
    0.05627940222620964,
    1.8531312942504883,
    0.84303879737854,
    0.6342283487319946,
    0.2287542223930359,
    0.19604584574699402,
    0.2143630087375641,
    0.258472740650177,
    0.2569611072540283,
    0.3421943187713623,
    0.14555659890174866,
    0.20265577733516693,
    0.14583471417427063,
    0.14771795272827148,
    0.12458252906799316,
    0.1073005422949791,
    0.12933990359306335,
    0.08431217819452286,
    0.06651229411363602,
    0.1288328766822815,
    0.09347032755613327,
    0.19537359476089478,
    0.23910018801689148,
    0.7041370272636414,
    0.0,
    0.0,
    0.0,
    0.0
  ],
  "vector_dim": 83,
  "tempo": {
    "bpm_mean": 139.0,
    "bpm_std": 13.4,
    "bpm_min": 117.5,
    "bpm_max": 152.0,
    "bpm_median": 136.0
  },
  "key": {
    "top_key": "G# minor",
    "distribution": {
      "G# minor": 0.333,
      "C# major": 0.222,
      "D# major": 0.222,
      "C minor": 0.111,
      "F# major": 0.111
    }
  },
  "signature_tags": [
    {
      "tag": "lo-fi hip hop with warm textures",
      "avg_score": 0.6567,
      "frequency": 1.0
    },
    {
      "tag": "soul sample with vinyl warmth",
      "avg_score": 0.6273,
      "frequency": 1.0
    },
    {
      "tag": "minimalist sparse production",
      "avg_score": 0.6131,
      "frequency": 0.89
    },
    {
      "tag": "hype and energetic mood",
      "avg_score": 0.6117,
      "frequency": 1.0
    },
    {
      "tag": "drill beat with sliding 808s",
      "avg_score": 0.611,
      "frequency": 0.89
    },
    {
      "tag": "trap beat with rolling hi-hats",
      "avg_score": 0.6095,
      "frequency": 0.89
    },
    {
      "tag": "pluggnb melodic beat",
      "avg_score": 0.6047,
      "frequency": 1.0
    },
    {
      "tag": "uplifting and triumphant feel",
      "avg_score": 0.6001,
      "frequency": 0.78
    }
  ],
  "tag_averages": {
    "lo-fi hip hop with warm textures": 0.6567,
    "soul sample with vinyl warmth": 0.6273,
    "trap beat with rolling hi-hats": 0.6095,
    "minimalist sparse production": 0.6131,
    "drill beat with sliding 808s": 0.611,
    "afrobeat rhythmic percussion": 0.5966,
    "R&B smooth instrumental": 0.5999,
    "pluggnb melodic beat": 0.6047,
    "hype and energetic mood": 0.6117,
    "triplet hi-hat flow": 0.596,
    "choir and vocal chops": 0.581,
    "rage beat with distorted synths": 0.5889,
    "jersey club with fast kicks": 0.5795,
    "mid-tempo groove": 0.578,
    "slow tempo beat": 0.5757,
    "acoustic guitar": 0.6055,
    "acoustic drum kit": 0.5821,
    "uplifting and triumphant feel": 0.6001,
    "mysterious and suspenseful mood": 0.6188,
    "orchestral strings": 0.6243,
    "piano melody": 0.6073,
    "layered and dense arrangement": 0.5852,
    "playful and bouncy energy": 0.5937,
    "synth pad atmosphere": 0.5785,
    "flute melody": 0.5854,
    "ethereal and dreamy atmosphere": 0.5841,
    "chill and relaxed vibes": 0.5744,
    "lo-fi dusty texture": 0.5549
  },
  "spectral": {
    "centroid_mean": 2577.9,
    "centroid_std": 348.7,
    "flatness_mean": 0.033829
  },
  "energy": {
    "rms_mean": 0.209566,
    "rms_std": 0.039075
  },
  "rhythm": {
    "onset_density_mean": 3.29,
    "onset_density_std": 0.4
  },
  "stems": null,
  "created_at": "2026-03-26T01:31:47Z",
  "meta": {
    "processing_time_sec": 35.3,
    "tracks_profiled": 9,
    "tracks_attempted": 9
  }
}