{
  "artist": "Lil Tecca",
  "track_count": 9,
  "centroid_vector": [
    0.051676806062459946,
    0.051787156611680984,
    0.04772711917757988,
    0.052635934203863144,
    0.051811087876558304,
    0.04987768456339836,
    0.05365766957402229,
    0.05533372983336449,
    0.05242116004228592,
    0.05270107463002205,
    0.05014276131987572,
    0.05279461666941643,
    0.0493321530520916,
    0.04756857082247734,
    0.05379663035273552,
    0.050586849451065063,
    0.04745307192206383,
    0.04956113174557686,
    0.05144650861620903,
    0.05030924826860428,
    0.05382468178868294,
    0.055832523852586746,
    0.059185292571783066,
    0.05349567160010338,
    0.05126868560910225,
    0.05885991454124451,
    0.055264271795749664,
    0.05219045281410217,
    0.05755751207470894,
    0.05059735104441643,
    0.059155888855457306,
    0.06394361704587936,
    0.05936688184738159,
    0.05728285387158394,
    0.05262013152241707,
    0.05679529905319214,
    0.059490866959095,
    0.05856790766119957,
    0.052820175886154175,
    0.05523956939578056,
    0.05162285640835762,
    0.047444503754377365,
    0.04886971041560173,
    0.0569104328751564,
    0.06165231019258499,
    0.0511593222618103,
    0.049258407205343246,
    0.05173150822520256,
    0.04872627928853035,
    0.052919525653123856,
    0.04932316765189171,
    0.050740815699100494,
    3.6244442462921143,
    3.327444553375244,
    1.191043734550476,
    0.1453670859336853,
    -6.2107696533203125,
    5.310956001281738,
    0.4455859959125519,
    0.670106053352356,
    0.10819067806005478,
    -0.17300468683242798,
    -0.1931546926498413,
    0.27385467290878296,
    -0.5751453638076782,
    0.2049313485622406,
    -0.2768573462963104,
    0.21631935238838196,
    0.05492933839559555,
    -0.022377997636795044,
    0.12122400104999542,
    0.09266867488622665,
    -0.3319513499736786,
    0.1521586775779724,
    -0.24312734603881836,
    0.06338533014059067,
    1.1593077182769775,
    2.6053333282470703,
    1.5878551006317139,
    0.0,
    0.0,
    0.0,
    0.0
  ],
  "spread_vector": [
    0.002455667359754443,
    0.0019620563834905624,
    0.0013238809769973159,
    0.004627694841474295,
    0.002654654672369361,
    0.000784045725595206,
    0.003505238564684987,
    0.0028113226871937513,
    0.00291417702101171,
    0.0038989956956356764,
    0.003551909700036049,
    0.0043638525530695915,
    0.001825634390115738,
    0.004526195582002401,
    0.0027050122153013945,
    0.0018109759548678994,
    0.00198779976926744,
    0.002152074361220002,
    0.002618444850668311,
    0.0035492186434566975,
    0.0042535425163805485,
    0.0036788738798350096,
    0.0034324065782129765,
    0.0034218316432088614,
    0.0031448814552277327,
    0.003413812955841422,
    0.0036146037746220827,
    0.0020405922550708055,
    0.003529019420966506,
    0.0040283361449837685,
    0.0032291642855852842,
    0.003068305319175124,
    0.003660295158624649,
    0.002254870254546404,
    0.004024076741188765,
    0.0029454242903739214,
    0.0030486497562378645,
    0.004419181030243635,
    0.0033136375714093447,
    0.0023024072870612144,
    0.0028450225945562124,
    0.0030452588107436895,
    0.002451801672577858,
    0.00222509796731174,
    0.0021520203445106745,
    0.00341049931012094,
    0.002137628151103854,
    0.003610283136367798,
    0.0027979144360870123,
    0.0018525926861912012,
    0.003810335649177432,
    0.002284991554915905,
    0.9862905740737915,
    0.5657007098197937,
    0.10973751544952393,
    0.04917014390230179,
    2.3625736236572266,
    0.45959705114364624,
    0.35493677854537964,
    0.5762873888015747,
    0.37944692373275757,
    0.2958098351955414,
    0.2792074680328369,
    0.20423653721809387,
    0.33581966161727905,
    0.19132710993289948,
    0.2530779242515564,
    0.2150002121925354,
    0.21806922554969788,
    0.2624583840370178,
    0.2094028890132904,
    0.20399871468544006,
    0.1573300063610077,
    0.16023002564907074,
    0.2036920189857483,
    0.14644305408000946,
    0.3488990068435669,
    0.27590981125831604,
    0.46278661489486694,
    0.0,
    0.0,
    0.0,
    0.0
  ],
  "vector_dim": 83,
  "tempo": {
    "bpm_mean": 112.5,
    "bpm_std": 19.7,
    "bpm_min": 89.1,
    "bpm_max": 152.0,
    "bpm_median": 117.5
  },
  "key": {
    "top_key": "G minor",
    "distribution": {
      "G minor": 0.556,
      "A# minor": 0.111,
      "C major": 0.111,
      "C# major": 0.111,
      "A major": 0.111
    }
  },
  "signature_tags": [
    {
      "tag": "lo-fi hip hop with warm textures",
      "avg_score": 0.6424,
      "frequency": 1.0
    },
    {
      "tag": "minimalist sparse production",
      "avg_score": 0.6014,
      "frequency": 1.0
    }
  ],
  "tag_averages": {
    "lo-fi hip hop with warm textures": 0.6424,
    "minimalist sparse production": 0.6014,
    "hype and energetic mood": 0.5916,
    "drill beat with sliding 808s": 0.5924,
    "uplifting and triumphant feel": 0.5815,
    "pluggnb melodic beat": 0.5867,
    "rage beat with distorted synths": 0.5759,
    "R&B smooth instrumental": 0.5825,
    "trap beat with rolling hi-hats": 0.588,
    "afrobeat rhythmic percussion": 0.5772,
    "soul sample with vinyl warmth": 0.5816,
    "triplet hi-hat flow": 0.5668,
    "synth pad atmosphere": 0.5421,
    "mysterious and suspenseful mood": 0.5787,
    "mid-tempo groove": 0.5343,
    "808 bass with heavy sub frequencies": 0.5349,
    "piano melody": 0.5456,
    "chill and relaxed vibes": 0.5406,
    "orchestral strings": 0.5301,
    "synthesizer lead melody": 0.5251,
    "jersey club with fast kicks": 0.5665,
    "choir and vocal chops": 0.5686,
    "acoustic drum kit": 0.547
  },
  "spectral": {
    "centroid_mean": 2382.1,
    "centroid_std": 219.5,
    "flatness_mean": 0.036342
  },
  "energy": {
    "rms_mean": 0.231862,
    "rms_std": 0.06978
  },
  "rhythm": {
    "onset_density_mean": 4.34,
    "onset_density_std": 0.46
  },
  "stems": null,
  "created_at": "2026-03-26T01:32:27Z",
  "meta": {
    "processing_time_sec": 25.0,
    "tracks_profiled": 9,
    "tracks_attempted": 9
  }
}