{
  "artist": "Lil Uzi Vert",
  "track_count": 10,
  "centroid_vector": [
    0.05335622653365135,
    0.052153147757053375,
    0.04742664471268654,
    0.05092895030975342,
    0.05174478515982628,
    0.05000235512852669,
    0.0518411286175251,
    0.055811263620853424,
    0.05315440520644188,
    0.05182458832859993,
    0.04837554320693016,
    0.054136455059051514,
    0.049904581159353256,
    0.046214666217565536,
    0.05461087450385094,
    0.050271403044462204,
    0.04782971367239952,
    0.050361569970846176,
    0.05297478660941124,
    0.053308285772800446,
    0.05287943035364151,
    0.054277267307043076,
    0.05901843309402466,
    0.05366121605038643,
    0.0507560558617115,
    0.05818231776356697,
    0.05561121180653572,
    0.053395118564367294,
    0.05822358280420303,
    0.05177449807524681,
    0.059123218059539795,
    0.06471706181764603,
    0.057919006794691086,
    0.05743702873587608,
    0.05412651225924492,
    0.05825399234890938,
    0.058819856494665146,
    0.059020865708589554,
    0.05306119844317436,
    0.05547920614480972,
    0.052168019115924835,
    0.04827829822897911,
    0.04855218157172203,
    0.056260187178850174,
    0.06100482866168022,
    0.05286506935954094,
    0.05066949129104614,
    0.05176480486989021,
    0.050086427479982376,
    0.054294127970933914,
    0.050906624644994736,
    0.05136462673544884,
    4.433499813079834,
    2.7252001762390137,
    1.099592924118042,
    0.12290199846029282,
    -7.153777599334717,
    5.390827178955078,
    0.6027005910873413,
    0.8927952647209167,
    0.39161884784698486,
    0.5110507011413574,
    -0.15730860829353333,
    0.4791516661643982,
    -0.05196720361709595,
    0.43590420484542847,
    0.07038959860801697,
    0.3150588274002075,
    0.0615852028131485,
    0.2558591961860657,
    0.09948659688234329,
    0.244867205619812,
    -0.06781980395317078,
    0.2843717932701111,
    -0.011163599789142609,
    0.0963473916053772,
    1.191178560256958,
    2.361600160598755,
    1.6889995336532593,
    0.0,
    0.0,
    0.0,
    0.0
  ],
  "spread_vector": [
    0.0014947800664231181,
    0.0027693507727235556,
    0.0018960547167807817,
    0.001562847406603396,
    0.0014561963034793735,
    0.0009445957257412374,
    0.0022228159941732883,
    0.002814351348206401,
    0.002965774154290557,
    0.0021286949049681425,
    0.001183315529488027,
    0.003515650285407901,
    0.001602434553205967,
    0.00120636448264122,
    0.002291641663759947,
    0.0020994534716010094,
    0.0021939973812550306,
    0.0021204473450779915,
    0.002727056620642543,
    0.0017992854118347168,
    0.0027154225390404463,
    0.0025261573027819395,
    0.003160913707688451,
    0.002664115047082305,
    0.002464454621076584,
    0.0023530421312898397,
    0.002680225996300578,
    0.0019065923988819122,
    0.0035977594088763,
    0.0035136013757437468,
    0.003376950044184923,
    0.00410396559163928,
    0.003696687985211611,
    0.003994964994490147,
    0.0031578228808939457,
    0.001982167363166809,
    0.0026106431614607573,
    0.004191191401332617,
    0.002254539867863059,
    0.002364864107221365,
    0.0015982643235474825,
    0.0027862100396305323,
    0.0030900209676474333,
    0.0032396737951785326,
    0.0034329004120081663,
    0.0028275016229599714,
    0.001551543246023357,
    0.0026528385933488607,
    0.0024206896778196096,
    0.002157384529709816,
    0.0031753499060869217,
    0.0019263544818386436,
    0.9907018542289734,
    0.5049427151679993,
    0.11298265308141708,
    0.131971538066864,
    2.6805713176727295,
    0.8636428713798523,
    0.5752619504928589,
    0.4596996009349823,
    0.26435983180999756,
    0.12865281105041504,
    0.2631286084651947,
    0.28203991055488586,
    0.22817780077457428,
    0.2329367697238922,
    0.2153664231300354,
    0.18155641853809357,
    0.12300549447536469,
    0.11950356513261795,
    0.1361476480960846,
    0.12892679870128632,
    0.12301713228225708,
    0.1350407600402832,
    0.11419090628623962,
    0.14331406354904175,
    0.3208734393119812,
    0.5117068290710449,
    0.4867390990257263,
    0.0,
    0.0,
    0.0,
    0.0
  ],
  "vector_dim": 83,
  "tempo": {
    "bpm_mean": 128.7,
    "bpm_std": 19.8,
    "bpm_min": 99.4,
    "bpm_max": 152.0,
    "bpm_median": 132.6
  },
  "key": {
    "top_key": "D# minor",
    "distribution": {
      "D# minor": 0.2,
      "E minor": 0.2,
      "D major": 0.2,
      "C minor": 0.1,
      "C# major": 0.1,
      "G minor": 0.1,
      "F# minor": 0.1
    }
  },
  "signature_tags": [
    {
      "tag": "lo-fi hip hop with warm textures",
      "avg_score": 0.6728,
      "frequency": 1.0
    },
    {
      "tag": "minimalist sparse production",
      "avg_score": 0.6248,
      "frequency": 1.0
    },
    {
      "tag": "soul sample with vinyl warmth",
      "avg_score": 0.6212,
      "frequency": 1.0
    },
    {
      "tag": "drill beat with sliding 808s",
      "avg_score": 0.6144,
      "frequency": 1.0
    },
    {
      "tag": "pluggnb melodic beat",
      "avg_score": 0.6092,
      "frequency": 1.0
    },
    {
      "tag": "trap beat with rolling hi-hats",
      "avg_score": 0.6079,
      "frequency": 0.9
    },
    {
      "tag": "hype and energetic mood",
      "avg_score": 0.6053,
      "frequency": 1.0
    },
    {
      "tag": "rage beat with distorted synths",
      "avg_score": 0.6011,
      "frequency": 0.9
    },
    {
      "tag": "afrobeat rhythmic percussion",
      "avg_score": 0.6008,
      "frequency": 0.8
    }
  ],
  "tag_averages": {
    "lo-fi hip hop with warm textures": 0.6728,
    "soul sample with vinyl warmth": 0.6212,
    "R&B smooth instrumental": 0.6,
    "trap beat with rolling hi-hats": 0.6079,
    "minimalist sparse production": 0.6248,
    "afrobeat rhythmic percussion": 0.6008,
    "drill beat with sliding 808s": 0.6144,
    "choir and vocal chops": 0.5827,
    "hype and energetic mood": 0.6053,
    "triplet hi-hat flow": 0.5895,
    "jersey club with fast kicks": 0.5576,
    "boom bap with chopped samples": 0.5671,
    "chill and relaxed vibes": 0.5637,
    "pluggnb melodic beat": 0.6092,
    "clean and polished mix": 0.5552,
    "rage beat with distorted synths": 0.6011,
    "uplifting and triumphant feel": 0.5938,
    "mid-tempo groove": 0.5785,
    "finger snaps and claps": 0.5242,
    "synth pad atmosphere": 0.5861,
    "layered and dense arrangement": 0.6111,
    "lo-fi dusty texture": 0.6201,
    "ethereal and dreamy atmosphere": 0.5937,
    "orchestral strings": 0.5936,
    "mysterious and suspenseful mood": 0.5918,
    "playful and bouncy energy": 0.5787,
    "acoustic drum kit": 0.5778
  },
  "spectral": {
    "centroid_mean": 2199.2,
    "centroid_std": 226.0,
    "flatness_mean": 0.030726
  },
  "energy": {
    "rms_mean": 0.238236,
    "rms_std": 0.064175
  },
  "rhythm": {
    "onset_density_mean": 3.94,
    "onset_density_std": 0.85
  },
  "stems": null,
  "created_at": "2026-03-26T02:09:55Z",
  "meta": {
    "processing_time_sec": 42.5,
    "tracks_profiled": 10,
    "tracks_attempted": 10
  }
}