{
  "artist": "Lil Durk",
  "track_count": 8,
  "centroid_vector": [
    0.0534416027367115,
    0.05255842208862305,
    0.04722539708018303,
    0.05164821818470955,
    0.0518835186958313,
    0.050327420234680176,
    0.052504029124975204,
    0.05572506785392761,
    0.052123893052339554,
    0.05247529223561287,
    0.04853735491633415,
    0.05275355651974678,
    0.050012268126010895,
    0.046803753823041916,
    0.05520731210708618,
    0.050392549484968185,
    0.04759363457560539,
    0.049737598747015,
    0.05233525112271309,
    0.05125240236520767,
    0.05277693271636963,
    0.05531860142946243,
    0.05936025455594063,
    0.053502973169088364,
    0.0507776215672493,
    0.05798164755105972,
    0.055460162460803986,
    0.05218736454844475,
    0.05910799652338028,
    0.05158644914627075,
    0.06063912436366081,
    0.06570793688297272,
    0.059800345450639725,
    0.058788664638996124,
    0.053748585283756256,
    0.05848470330238342,
    0.06020267680287361,
    0.05914751812815666,
    0.05366770178079605,
    0.05616704374551773,
    0.05234760046005249,
    0.04824402555823326,
    0.049400296062231064,
    0.05744943767786026,
    0.06345376372337341,
    0.051571767777204514,
    0.049506764858961105,
    0.05120446905493736,
    0.04947511479258537,
    0.054277803748846054,
    0.05055626854300499,
    0.05025315284729004,
    4.739999771118164,
    3.5899999141693115,
    1.0911924839019775,
    0.1394975185394287,
    -8.693460464477539,
    5.279350280761719,
    0.4836142659187317,
    0.7590945959091187,
    0.45052796602249146,
    0.5620005130767822,
    -0.1527097523212433,
    0.461379736661911,
    -0.19057652354240417,
    0.38347122073173523,
    -0.06201149895787239,
    0.24269624054431915,
    0.04694099724292755,
    0.1968180239200592,
    0.06233474984765053,
    0.2716267704963684,
    -0.08401424437761307,
    0.234785258769989,
    -0.15866850316524506,
    0.05295075103640556,
    1.0919861793518066,
    2.348249912261963,
    1.5821703672409058,
    0.0,
    0.0,
    0.0,
    0.0
  ],
  "spread_vector": [
    0.0011347573017701507,
    0.002370340283960104,
    0.001673833467066288,
    0.002552600111812353,
    0.0021908164490014315,
    0.0013812546385452151,
    0.0028782093431800604,
    0.0022065285593271255,
    0.0021534289699047804,
    0.0030862202402204275,
    0.001741481595672667,
    0.003723460016772151,
    0.0025456538423895836,
    0.002456890419125557,
    0.002577015897259116,
    0.0020040920935571194,
    0.0019417708972468972,
    0.0016328685451298952,
    0.0018326019635424018,
    0.0033454501535743475,
    0.0024320364464074373,
    0.0019102372461929917,
    0.0026152811478823423,
    0.002023551147431135,
    0.0016880411421880126,
    0.002400878584012389,
    0.002179565839469433,
    0.001438715378753841,
    0.002643416402861476,
    0.003377868328243494,
    0.0018579692114144564,
    0.0027282133232802153,
    0.002437226939946413,
    0.0019369323272258043,
    0.0033620402682572603,
    0.002045882400125265,
    0.0026377204339951277,
    0.0036291927099227905,
    0.002310896757990122,
    0.0022787945345044136,
    0.0020291651599109173,
    0.003092417260631919,
    0.0021770100574940443,
    0.0022111679427325726,
    0.0019876284059137106,
    0.002754914341494441,
    0.0019117167685180902,
    0.0027534833643585443,
    0.002336513949558139,
    0.002056702272966504,
    0.003384819021448493,
    0.0019399168668314815,
    1.1269676685333252,
    0.58514803647995,
    0.17576949298381805,
    0.0820963978767395,
    3.3783764839172363,
    1.0387054681777954,
    0.7703500986099243,
    0.5114113092422485,
    0.2718818783760071,
    0.4489421844482422,
    0.3493560552597046,
    0.37344515323638916,
    0.3237204849720001,
    0.2686316967010498,
    0.174757182598114,
    0.2051728367805481,
    0.1964028775691986,
    0.1532042771577835,
    0.1503826230764389,
    0.18620602786540985,
    0.19912223517894745,
    0.14566287398338318,
    0.08482187986373901,
    0.16049200296401978,
    0.6647780537605286,
    0.42159271240234375,
    0.5523062348365784,
    0.0,
    0.0,
    0.0,
    0.0
  ],
  "vector_dim": 83,
  "tempo": {
    "bpm_mean": 134.8,
    "bpm_std": 22.5,
    "bpm_min": 86.1,
    "bpm_max": 152.0,
    "bpm_median": 144.0
  },
  "key": {
    "top_key": "G major",
    "distribution": {
      "G major": 0.25,
      "G minor": 0.25,
      "D minor": 0.125,
      "G# minor": 0.125,
      "F major": 0.125,
      "F minor": 0.125
    }
  },
  "signature_tags": [
    {
      "tag": "lo-fi hip hop with warm textures",
      "avg_score": 0.6605,
      "frequency": 1.0
    },
    {
      "tag": "minimalist sparse production",
      "avg_score": 0.6324,
      "frequency": 1.0
    },
    {
      "tag": "drill beat with sliding 808s",
      "avg_score": 0.6038,
      "frequency": 1.0
    },
    {
      "tag": "pluggnb melodic beat",
      "avg_score": 0.6009,
      "frequency": 1.0
    }
  ],
  "tag_averages": {
    "lo-fi hip hop with warm textures": 0.6605,
    "soul sample with vinyl warmth": 0.599,
    "minimalist sparse production": 0.6324,
    "pluggnb melodic beat": 0.6009,
    "R&B smooth instrumental": 0.5951,
    "uplifting and triumphant feel": 0.5834,
    "hype and energetic mood": 0.5924,
    "rage beat with distorted synths": 0.5885,
    "synth pad atmosphere": 0.5674,
    "drill beat with sliding 808s": 0.6038,
    "choir and vocal chops": 0.579,
    "acoustic drum kit": 0.5812,
    "lo-fi dusty texture": 0.5865,
    "afrobeat rhythmic percussion": 0.5826,
    "trap beat with rolling hi-hats": 0.5865,
    "triplet hi-hat flow": 0.577,
    "jersey club with fast kicks": 0.5721,
    "mid-tempo groove": 0.5681,
    "chill and relaxed vibes": 0.5615,
    "ethereal and dreamy atmosphere": 0.5448,
    "crisp hi-hat patterns": 0.544
  },
  "spectral": {
    "centroid_mean": 2182.4,
    "centroid_std": 351.5,
    "flatness_mean": 0.034874
  },
  "energy": {
    "rms_mean": 0.218397,
    "rms_std": 0.132956
  },
  "rhythm": {
    "onset_density_mean": 3.91,
    "onset_density_std": 0.7
  },
  "stems": null,
  "created_at": "2026-03-26T01:30:53Z",
  "meta": {
    "processing_time_sec": 34.7,
    "tracks_profiled": 8,
    "tracks_attempted": 8
  }
}