{
  "artist": "Lil Wayne",
  "track_count": 10,
  "centroid_vector": [
    0.05157500132918358,
    0.05325198918581009,
    0.04914745315909386,
    0.05102890729904175,
    0.051633816212415695,
    0.048759493976831436,
    0.0529988594353199,
    0.05545658990740776,
    0.053098853677511215,
    0.05253314599394798,
    0.04939183220267296,
    0.054242413491010666,
    0.05030546337366104,
    0.04633251950144768,
    0.05521664768457413,
    0.051407404243946075,
    0.049304377287626266,
    0.050996340811252594,
    0.05131455138325691,
    0.05199442058801651,
    0.05254111811518669,
    0.05396731570363045,
    0.058532245457172394,
    0.053529538214206696,
    0.05061463639140129,
    0.05850030109286308,
    0.05499967560172081,
    0.05295237526297569,
    0.058601297438144684,
    0.05092906579375267,
    0.059371452778577805,
    0.06158369407057762,
    0.056136954575777054,
    0.057936400175094604,
    0.05434338003396988,
    0.056810300797224045,
    0.05855347588658333,
    0.058427609503269196,
    0.05312423035502434,
    0.05582613870501518,
    0.05262100696563721,
    0.04954557493329048,
    0.04994639381766319,
    0.05716242268681526,
    0.059765297919511795,
    0.0525665245950222,
    0.05060531571507454,
    0.053193725645542145,
    0.049924980849027634,
    0.05412708595395088,
    0.050842251628637314,
    0.05248967558145523,
    3.924499988555908,
    3.2866499423980713,
    1.1404364109039307,
    0.1999044120311737,
    -8.921375274658203,
    5.12290096282959,
    0.508670449256897,
    1.037510871887207,
    0.36566340923309326,
    0.1854180097579956,
    0.011916599236428738,
    0.2951664328575134,
    -0.07753258943557739,
    0.34131062030792236,
    0.02728620171546936,
    0.2467680126428604,
    0.04023059457540512,
    0.22598697245121002,
    0.08346240222454071,
    0.2110253870487213,
    -0.032585397362709045,
    0.3034764528274536,
    -0.11584199219942093,
    0.14482679963111877,
    0.7971264123916626,
    1.9493998289108276,
    1.4902870655059814,
    0.0,
    0.0,
    0.0,
    0.0
  ],
  "spread_vector": [
    0.0013637299416586757,
    0.003132486017420888,
    0.0024550582747906446,
    0.0018829674227163196,
    0.0027887725736945868,
    0.002420021453872323,
    0.0024217504542320967,
    0.002771454630419612,
    0.0034294293727725744,
    0.0031638145446777344,
    0.0018662933725863695,
    0.004101927857846022,
    0.003201238578185439,
    0.0026167414616793394,
    0.002655945485457778,
    0.0017717948649078608,
    0.0038972459733486176,
    0.003221184015274048,
    0.0021535863634198904,
    0.0017227781936526299,
    0.002689301734790206,
    0.002534046769142151,
    0.002439989475533366,
    0.002647812245413661,
    0.00254828087054193,
    0.0029372728895395994,
    0.002581724664196372,
    0.0018137566512450576,
    0.0028584895189851522,
    0.0031393838580697775,
    0.0019998159259557724,
    0.004148508887737989,
    0.0033831687178462744,
    0.0021838792599737644,
    0.003163448302075267,
    0.002757765119895339,
    0.0018127262592315674,
    0.004184359218925238,
    0.0031893940176814795,
    0.002350142691284418,
    0.0025951568968594074,
    0.00444816192612052,
    0.002715211594477296,
    0.0033553149551153183,
    0.0013587739085778594,
    0.0023870524019002914,
    0.0024024194572120905,
    0.00396542577072978,
    0.0029528613667935133,
    0.0038192165084183216,
    0.0027168288361281157,
    0.003672050079330802,
    1.8568015098571777,
    0.8387911319732666,
    0.1269962191581726,
    0.07706556469202042,
    3.4907705783843994,
    0.5383886098861694,
    0.4940806031227112,
    0.39934319257736206,
    0.2530534863471985,
    0.22399811446666718,
    0.20116275548934937,
    0.28388097882270813,
    0.17652438580989838,
    0.20428360998630524,
    0.13738742470741272,
    0.12065818905830383,
    0.10961209237575531,
    0.1845642477273941,
    0.16635432839393616,
    0.1314762979745865,
    0.09488625824451447,
    0.1256990134716034,
    0.11859854310750961,
    0.21055522561073303,
    0.3326573967933655,
    0.3506326377391815,
    0.486031174659729,
    0.0,
    0.0,
    0.0,
    0.0
  ],
  "vector_dim": 83,
  "tempo": {
    "bpm_mean": 118.5,
    "bpm_std": 37.1,
    "bpm_min": 66.3,
    "bpm_max": 198.8,
    "bpm_median": 117.5
  },
  "key": {
    "top_key": "D# minor",
    "distribution": {
      "D# minor": 0.3,
      "G major": 0.1,
      "F minor": 0.1,
      "D# major": 0.1,
      "E minor": 0.1,
      "G# minor": 0.1,
      "D major": 0.1,
      "C# minor": 0.1
    }
  },
  "signature_tags": [
    {
      "tag": "lo-fi hip hop with warm textures",
      "avg_score": 0.6388,
      "frequency": 1.0
    },
    {
      "tag": "minimalist sparse production",
      "avg_score": 0.6118,
      "frequency": 1.0
    }
  ],
  "tag_averages": {
    "lo-fi hip hop with warm textures": 0.6388,
    "soul sample with vinyl warmth": 0.5842,
    "afrobeat rhythmic percussion": 0.5884,
    "R&B smooth instrumental": 0.5799,
    "drill beat with sliding 808s": 0.5988,
    "minimalist sparse production": 0.6118,
    "trap beat with rolling hi-hats": 0.5879,
    "hype and energetic mood": 0.5907,
    "pluggnb melodic beat": 0.5949,
    "triplet hi-hat flow": 0.5679,
    "uplifting and triumphant feel": 0.574,
    "choir and vocal chops": 0.5636,
    "chill and relaxed vibes": 0.5629,
    "rage beat with distorted synths": 0.5831,
    "mid-tempo groove": 0.5607,
    "jersey club with fast kicks": 0.5495,
    "acoustic drum kit": 0.5436,
    "synth pad atmosphere": 0.5706,
    "ethereal and dreamy atmosphere": 0.5499,
    "mysterious and suspenseful mood": 0.5427,
    "melodic and emotional feel": 0.5385,
    "orchestral strings": 0.5356,
    "lo-fi dusty texture": 0.5705
  },
  "spectral": {
    "centroid_mean": 2280.9,
    "centroid_std": 254.0,
    "flatness_mean": 0.049976
  },
  "energy": {
    "rms_mean": 0.159425,
    "rms_std": 0.066531
  },
  "rhythm": {
    "onset_density_mean": 3.25,
    "onset_density_std": 0.58
  },
  "stems": null,
  "created_at": "2026-03-26T01:34:46Z",
  "meta": {
    "processing_time_sec": 54.8,
    "tracks_profiled": 10,
    "tracks_attempted": 10
  }
}