{
  "artist": "Lil Baby",
  "track_count": 20,
  "centroid_vector": [
    0.05366934463381767,
    0.052439916878938675,
    0.04787357524037361,
    0.050049789249897,
    0.05148226022720337,
    0.05027879402041435,
    0.051624711602926254,
    0.05440283939242363,
    0.051332421600818634,
    0.050897013396024704,
    0.0480930469930172,
    0.053779877722263336,
    0.04992632195353508,
    0.045875731855630875,
    0.05498200282454491,
    0.05027030035853386,
    0.04793637618422508,
    0.049419429153203964,
    0.051350634545087814,
    0.052375178784132004,
    0.05202719196677208,
    0.05444970726966858,
    0.05834591016173363,
    0.05239114910364151,
    0.04980122670531273,
    0.05672803521156311,
    0.05399642512202263,
    0.05253029987215996,
    0.05905885249376297,
    0.05204690620303154,
    0.0598079077899456,
    0.06492085009813309,
    0.0584695041179657,
    0.058382678776979446,
    0.054533328860998154,
    0.058068033307790756,
    0.05871031805872917,
    0.05914774537086487,
    0.05301700159907341,
    0.056003399193286896,
    0.052150923758745193,
    0.04839898273348808,
    0.04953508451581001,
    0.05662285163998604,
    0.06123587489128113,
    0.051619019359350204,
    0.050049927085638046,
    0.05133866146206856,
    0.04923238977789879,
    0.05366159602999687,
    0.05111699923872948,
    0.0506269596517086,
    4.402750492095947,
    3.4367752075195312,
    1.1603124141693115,
    0.14594699442386627,
    -6.635823726654053,
    5.047533988952637,
    0.6270440816879272,
    0.692844033241272,
    0.5249279737472534,
    0.726015567779541,
    -0.24430349469184875,
    0.49639201164245605,
    0.19886216521263123,
    0.1946205049753189,
    -0.08664000034332275,
    0.4560471177101135,
    0.02518080547451973,
    0.24589531123638153,
    0.08004839718341827,
    0.24045270681381226,
    0.010350603610277176,
    0.20007361471652985,
    -0.05791860446333885,
    0.18937920033931732,
    1.3676838874816895,
    2.4860997200012207,
    1.8078056573867798,
    0.0,
    0.0,
    0.0,
    0.0
  ],
  "spread_vector": [
    0.0019305351888760924,
    0.002581818262115121,
    0.001804176950827241,
    0.002108246786519885,
    0.001916268840432167,
    0.0012148498790338635,
    0.002268430544063449,
    0.0018906857585534453,
    0.0012485076440498233,
    0.002353708492591977,
    0.0016920891357585788,
    0.003468083683401346,
    0.0015646236715838313,
    0.00229252758435905,
    0.002271305536851287,
    0.0019448458915576339,
    0.0025103508960455656,
    0.0023855448234826326,
    0.001735552097670734,
    0.003017571521922946,
    0.002386252162978053,
    0.0023010913282632828,
    0.0022994771134108305,
    0.0021043354645371437,
    0.001971535151824355,
    0.001400240114890039,
    0.0020381768699735403,
    0.0019563399255275726,
    0.003561460180208087,
    0.003432807046920061,
    0.002568563213571906,
    0.0034037698060274124,
    0.002689442364498973,
    0.002796752145513892,
    0.0031943877693265676,
    0.0019909199327230453,
    0.002406791551038623,
    0.003574796486645937,
    0.002907207002863288,
    0.002182466210797429,
    0.0025918518658727407,
    0.003125938354060054,
    0.002729967003688216,
    0.0029002667870372534,
    0.0029810939449816942,
    0.0022611371241509914,
    0.001888291910290718,
    0.0027694159653037786,
    0.0025739294942468405,
    0.0021233386360108852,
    0.003051177365705371,
    0.0022616127971559763,
    0.8828200101852417,
    0.7592023015022278,
    0.13398054242134094,
    0.11585436016321182,
    1.5535309314727783,
    0.7614922523498535,
    0.655954122543335,
    0.33973410725593567,
    0.3690555691719055,
    0.4556448459625244,
    0.2653806507587433,
    0.2945978343486786,
    0.4022347331047058,
    0.21811017394065857,
    0.2430996298789978,
    0.2656539976596832,
    0.178014874458313,
    0.14403308928012848,
    0.17523154616355896,
    0.17311830818653107,
    0.1541839838027954,
    0.16944538056850433,
    0.1669897586107254,
    0.19288292527198792,
    0.4033614993095398,
    0.32708683609962463,
    0.5356810688972473,
    0.0,
    0.0,
    0.0,
    0.0
  ],
  "vector_dim": 83,
  "tempo": {
    "bpm_mean": 128.1,
    "bpm_std": 17.7,
    "bpm_min": 89.1,
    "bpm_max": 152.0,
    "bpm_median": 129.2
  },
  "key": {
    "top_key": "D# minor",
    "distribution": {
      "D# minor": 0.2,
      "F# minor": 0.15,
      "D# major": 0.1,
      "C# minor": 0.1,
      "C major": 0.1,
      "F minor": 0.1,
      "D major": 0.05,
      "G major": 0.05,
      "D minor": 0.05,
      "C minor": 0.05,
      "B major": 0.05
    }
  },
  "signature_tags": [
    {
      "tag": "lo-fi hip hop with warm textures",
      "avg_score": 0.6531,
      "frequency": 1.0
    },
    {
      "tag": "minimalist sparse production",
      "avg_score": 0.6205,
      "frequency": 1.0
    },
    {
      "tag": "drill beat with sliding 808s",
      "avg_score": 0.6027,
      "frequency": 0.95
    },
    {
      "tag": "soul sample with vinyl warmth",
      "avg_score": 0.6009,
      "frequency": 1.0
    }
  ],
  "tag_averages": {
    "lo-fi hip hop with warm textures": 0.6531,
    "minimalist sparse production": 0.6205,
    "drill beat with sliding 808s": 0.6027,
    "pluggnb melodic beat": 0.5947,
    "R&B smooth instrumental": 0.5935,
    "afrobeat rhythmic percussion": 0.588,
    "trap beat with rolling hi-hats": 0.5925,
    "hype and energetic mood": 0.5929,
    "rage beat with distorted synths": 0.5832,
    "soul sample with vinyl warmth": 0.6009,
    "uplifting and triumphant feel": 0.5817,
    "triplet hi-hat flow": 0.5675,
    "mid-tempo groove": 0.561,
    "choir and vocal chops": 0.5773,
    "chill and relaxed vibes": 0.5658,
    "synth pad atmosphere": 0.5726,
    "mysterious and suspenseful mood": 0.5769,
    "808 bass with heavy sub frequencies": 0.5352,
    "jersey club with fast kicks": 0.5782,
    "lo-fi dusty texture": 0.5934,
    "acoustic drum kit": 0.5487,
    "boom bap with chopped samples": 0.5819,
    "punchy and compressed drums": 0.5613,
    "synthesizer lead melody": 0.6034,
    "ethereal and dreamy atmosphere": 0.6095,
    "flute melody": 0.5792,
    "dark and ominous mood": 0.6125,
    "orchestral strings": 0.5971,
    "acoustic guitar": 0.6013,
    "sound effects and risers": 0.6828,
    "layered and dense arrangement": 0.6758,
    "slow tempo beat": 0.6006
  },
  "spectral": {
    "centroid_mean": 2320.6,
    "centroid_std": 268.0,
    "flatness_mean": 0.036487
  },
  "energy": {
    "rms_mean": 0.273537,
    "rms_std": 0.080672
  },
  "rhythm": {
    "onset_density_mean": 4.14,
    "onset_density_std": 0.55
  },
  "stems": null,
  "created_at": "2026-03-25T23:54:27Z",
  "meta": {
    "processing_time_sec": 82.8,
    "tracks_profiled": 20,
    "tracks_attempted": 20
  }
}