{
  "artist": "Lil Yachty",
  "track_count": 10,
  "centroid_vector": [
    0.05327602103352547,
    0.05306223779916763,
    0.048013728111982346,
    0.05109196528792381,
    0.05160032585263252,
    0.05064864084124565,
    0.05221158266067505,
    0.053659021854400635,
    0.05144713073968887,
    0.05161210894584656,
    0.04873959347605705,
    0.05473098158836365,
    0.050027377903461456,
    0.046218838542699814,
    0.054601039737463,
    0.051798999309539795,
    0.049202706664800644,
    0.04995454475283623,
    0.05122067406773567,
    0.05259140953421593,
    0.05256024748086929,
    0.05442816764116287,
    0.05851135775446892,
    0.052434276789426804,
    0.050315435975790024,
    0.05627492815256119,
    0.05427936837077141,
    0.052688248455524445,
    0.05891123414039612,
    0.053050000220537186,
    0.059635985642671585,
    0.0656551644206047,
    0.05847412347793579,
    0.058144111186265945,
    0.05478174239397049,
    0.05851689726114273,
    0.05891650542616844,
    0.06056619808077812,
    0.05307164788246155,
    0.0559544563293457,
    0.05236809328198433,
    0.049593906849622726,
    0.05028058961033821,
    0.056763362139463425,
    0.0607057623565197,
    0.05220171436667442,
    0.05094799026846886,
    0.05198770388960838,
    0.04877454414963722,
    0.05411830544471741,
    0.052126895636320114,
    0.051196206361055374,
    4.509999752044678,
    3.4447500705718994,
    1.2510534524917603,
    0.1673468053340912,
    -7.405933380126953,
    4.649696350097656,
    0.25985944271087646,
    0.39648717641830444,
    0.1633206009864807,
    0.1940826177597046,
    -0.15589681267738342,
    0.20519700646400452,
    -0.18668636679649353,
    0.1772855818271637,
    -0.2959727942943573,
    0.15330779552459717,
    0.025381803512573242,
    -0.022783201187849045,
    -0.161916583776474,
    0.17832300066947937,
    -0.1815347969532013,
    0.0704634040594101,
    -0.036014996469020844,
    0.03475680202245712,
    1.0626790523529053,
    2.363999843597412,
    1.8491438627243042,
    0.0,
    0.0,
    0.0,
    0.0
  ],
  "spread_vector": [
    0.001489598653279245,
    0.0025331219658255577,
    0.0016153644537553191,
    0.0018134083366021514,
    0.0019650759641081095,
    0.0016094213351607323,
    0.0026759894099086523,
    0.0018890030914917588,
    0.0018697044579312205,
    0.0026658966671675444,
    0.0014832400484010577,
    0.0037312470376491547,
    0.0019033253192901611,
    0.001882439712062478,
    0.0026689597871154547,
    0.002059138612821698,
    0.00312656513415277,
    0.002075373660773039,
    0.0022052887361496687,
    0.0026333534624427557,
    0.002640977269038558,
    0.002419054973870516,
    0.0028275332879275084,
    0.002361937891691923,
    0.0015775999054312706,
    0.002379780635237694,
    0.0024685536045581102,
    0.0013934675371274352,
    0.003780930070206523,
    0.003775813849642873,
    0.003742627566680312,
    0.004363745450973511,
    0.003124985611066222,
    0.004230109509080648,
    0.0033067252952605486,
    0.002654333831742406,
    0.0034702722914516926,
    0.004351375158876181,
    0.003167710965499282,
    0.002711177570745349,
    0.002571673598140478,
    0.003051935462281108,
    0.002797874389216304,
    0.0034543373622000217,
    0.0033914651721715927,
    0.003541061654686928,
    0.0012949251104146242,
    0.003040358191356063,
    0.0025685171131044626,
    0.002134524518623948,
    0.00365501013584435,
    0.0016089025884866714,
    1.1183134317398071,
    0.8074554204940796,
    0.1767285168170929,
    0.09093446284532547,
    1.7747418880462646,
    0.9263861775398254,
    1.0645755529403687,
    0.4677279591560364,
    0.4867352247238159,
    0.39584943652153015,
    0.4371831715106964,
    0.4253086447715759,
    0.2662031650543213,
    0.29660657048225403,
    0.3195151686668396,
    0.31807631254196167,
    0.30180275440216064,
    0.22294563055038452,
    0.21237072348594666,
    0.07543090730905533,
    0.1913050264120102,
    0.17564386129379272,
    0.174918994307518,
    0.24674883484840393,
    0.30230993032455444,
    0.2794351577758789,
    0.4621526002883911,
    0.0,
    0.0,
    0.0,
    0.0
  ],
  "vector_dim": 83,
  "tempo": {
    "bpm_mean": 130.2,
    "bpm_std": 22.4,
    "bpm_min": 95.7,
    "bpm_max": 161.5,
    "bpm_median": 132.6
  },
  "key": {
    "top_key": "D minor",
    "distribution": {
      "D minor": 0.2,
      "C minor": 0.2,
      "G minor": 0.1,
      "D major": 0.1,
      "A# major": 0.1,
      "D# major": 0.1,
      "C major": 0.1,
      "F minor": 0.1
    }
  },
  "signature_tags": [
    {
      "tag": "lo-fi hip hop with warm textures",
      "avg_score": 0.6461,
      "frequency": 1.0
    },
    {
      "tag": "minimalist sparse production",
      "avg_score": 0.6125,
      "frequency": 1.0
    }
  ],
  "tag_averages": {
    "lo-fi hip hop with warm textures": 0.6461,
    "minimalist sparse production": 0.6125,
    "drill beat with sliding 808s": 0.5893,
    "soul sample with vinyl warmth": 0.5954,
    "R&B smooth instrumental": 0.583,
    "trap beat with rolling hi-hats": 0.5835,
    "afrobeat rhythmic percussion": 0.5775,
    "pluggnb melodic beat": 0.5867,
    "hype and energetic mood": 0.5827,
    "rage beat with distorted synths": 0.5756,
    "triplet hi-hat flow": 0.5713,
    "mid-tempo groove": 0.5516,
    "acoustic drum kit": 0.556,
    "uplifting and triumphant feel": 0.5729,
    "jersey club with fast kicks": 0.5398,
    "synth pad atmosphere": 0.5711,
    "ethereal and dreamy atmosphere": 0.5875,
    "mysterious and suspenseful mood": 0.5848,
    "chill and relaxed vibes": 0.5603,
    "orchestral strings": 0.5726,
    "boom bap with chopped samples": 0.5269,
    "synthesizer lead melody": 0.5822,
    "flute melody": 0.5713,
    "lo-fi dusty texture": 0.5535,
    "playful and bouncy energy": 0.5534,
    "808 bass with heavy sub frequencies": 0.537
  },
  "spectral": {
    "centroid_mean": 2502.1,
    "centroid_std": 353.5,
    "flatness_mean": 0.041837
  },
  "energy": {
    "rms_mean": 0.212536,
    "rms_std": 0.060462
  },
  "rhythm": {
    "onset_density_mean": 3.94,
    "onset_density_std": 0.47
  },
  "stems": null,
  "created_at": "2026-03-26T01:35:53Z",
  "meta": {
    "processing_time_sec": 46.5,
    "tracks_profiled": 10,
    "tracks_attempted": 10
  }
}