{
  "artist": "Lil Tjay",
  "track_count": 10,
  "centroid_vector": [
    0.05356086418032646,
    0.05139234662055969,
    0.046706896275281906,
    0.05093100294470787,
    0.05198920518159866,
    0.0499231331050396,
    0.051883138716220856,
    0.0556567907333374,
    0.051487792283296585,
    0.051374852657318115,
    0.04948953166604042,
    0.052724868059158325,
    0.04860555753111839,
    0.047733526676893234,
    0.05430392548441887,
    0.049885835498571396,
    0.047341909259557724,
    0.04822933301329613,
    0.05165372043848038,
    0.04981342330574989,
    0.052180010825395584,
    0.05524052307009697,
    0.05774463340640068,
    0.053332358598709106,
    0.05066005140542984,
    0.05661185458302498,
    0.05409491807222366,
    0.05173550918698311,
    0.057733453810214996,
    0.05011211708188057,
    0.05930408462882042,
    0.06525032967329025,
    0.05910078436136246,
    0.057488203048706055,
    0.05238436535000801,
    0.057338882237672806,
    0.059178292751312256,
    0.05873218923807144,
    0.0522414855659008,
    0.055423177778720856,
    0.05077766254544258,
    0.04692806676030159,
    0.048500727862119675,
    0.056701790541410446,
    0.06312919408082962,
    0.05113401636481285,
    0.04910575971007347,
    0.05051185563206673,
    0.048722025007009506,
    0.05431943014264107,
    0.049334656447172165,
    0.04974406585097313,
    3.929499864578247,
    3.391500473022461,
    1.1518850326538086,
    0.14299079775810242,
    -7.510271072387695,
    5.2964324951171875,
    1.1431463956832886,
    0.9120827913284302,
    0.3366786241531372,
    0.2886695861816406,
    -0.10606739670038223,
    0.30297720432281494,
    -0.2009856104850769,
    0.2666051983833313,
    -0.13702920079231262,
    0.23245921730995178,
    -0.09637320041656494,
    0.06750600039958954,
    -0.08336219191551208,
    0.07861500978469849,
    -0.1470377892255783,
    0.11543402075767517,
    -0.12405480444431305,
    0.154911607503891,
    1.1502876281738281,
    2.214600086212158,
    1.7580925226211548,
    0.0,
    0.0,
    0.0,
    0.0
  ],
  "spread_vector": [
    0.001317590824328363,
    0.0012243649689480662,
    0.0009987752418965101,
    0.0034800462890416384,
    0.003247765591368079,
    0.0022836809512227774,
    0.003809132380411029,
    0.0028129916172474623,
    0.002051528310403228,
    0.0031070716213434935,
    0.0023568517062813044,
    0.0013520818902179599,
    0.0008186435443349183,
    0.004095766227692366,
    0.0025016088038682938,
    0.001436076476238668,
    0.0016562370583415031,
    0.0006269384757615626,
    0.0026310847606509924,
    0.0015570687828585505,
    0.0036086130421608686,
    0.003012806875631213,
    0.0032265782356262207,
    0.0031724118161946535,
    0.002602329710498452,
    0.0032627470791339874,
    0.0028873172122985125,
    0.0013381006428971887,
    0.0015884276945143938,
    0.0010969553841277957,
    0.0023622140288352966,
    0.002765163080766797,
    0.002812275430187583,
    0.0019186594290658832,
    0.0015990892425179482,
    0.001913570100441575,
    0.0032168130856007338,
    0.002922923071309924,
    0.0019397800788283348,
    0.0017658260185271502,
    0.0014488155720755458,
    0.0012016039108857512,
    0.0013804895570501685,
    0.0020120462868362665,
    0.0025925568770617247,
    0.002206176985055208,
    0.0014447629218921065,
    0.001690183999016881,
    0.0018592274282127619,
    0.002284296555444598,
    0.001991112483665347,
    0.0013865417568013072,
    1.5933743715286255,
    0.6493957042694092,
    0.10851096361875534,
    0.06653178483247757,
    1.968827247619629,
    0.5262526273727417,
    0.5092488527297974,
    0.28789380192756653,
    0.24467608332633972,
    0.4604090452194214,
    0.4066876173019409,
    0.30232319235801697,
    0.37390565872192383,
    0.28557562828063965,
    0.25691771507263184,
    0.28219732642173767,
    0.18198859691619873,
    0.16838158667087555,
    0.17686240375041962,
    0.19420811533927917,
    0.1569635570049286,
    0.19228805601596832,
    0.1814858317375183,
    0.12896984815597534,
    0.3150809109210968,
    0.3626745939254761,
    0.5754480361938477,
    0.0,
    0.0,
    0.0,
    0.0
  ],
  "vector_dim": 83,
  "tempo": {
    "bpm_mean": 118.6,
    "bpm_std": 31.9,
    "bpm_min": 83.4,
    "bpm_max": 198.8,
    "bpm_median": 112.6
  },
  "key": {
    "top_key": "D# minor",
    "distribution": {
      "D# minor": 0.3,
      "C# minor": 0.1,
      "F# minor": 0.1,
      "D major": 0.1,
      "D# major": 0.1,
      "E minor": 0.1,
      "A# minor": 0.1,
      "G# major": 0.1
    }
  },
  "signature_tags": [
    {
      "tag": "lo-fi hip hop with warm textures",
      "avg_score": 0.6435,
      "frequency": 1.0
    },
    {
      "tag": "minimalist sparse production",
      "avg_score": 0.6157,
      "frequency": 1.0
    }
  ],
  "tag_averages": {
    "lo-fi hip hop with warm textures": 0.6435,
    "minimalist sparse production": 0.6157,
    "drill beat with sliding 808s": 0.5915,
    "pluggnb melodic beat": 0.5961,
    "hype and energetic mood": 0.583,
    "rage beat with distorted synths": 0.5757,
    "uplifting and triumphant feel": 0.5747,
    "afrobeat rhythmic percussion": 0.5803,
    "trap beat with rolling hi-hats": 0.5784,
    "R&B smooth instrumental": 0.5889,
    "triplet hi-hat flow": 0.5687,
    "soul sample with vinyl warmth": 0.5929,
    "synth pad atmosphere": 0.5593,
    "mid-tempo groove": 0.5534,
    "synthesizer lead melody": 0.5477,
    "chill and relaxed vibes": 0.5607,
    "mysterious and suspenseful mood": 0.5659,
    "acoustic drum kit": 0.5737,
    "choir and vocal chops": 0.577,
    "ethereal and dreamy atmosphere": 0.559,
    "sound effects and risers": 0.5713,
    "playful and bouncy energy": 0.565,
    "clean and polished mix": 0.5625,
    "808 bass with heavy sub frequencies": 0.5417,
    "layered and dense arrangement": 0.5403,
    "distorted and saturated sound": 0.5375
  },
  "spectral": {
    "centroid_mean": 2303.8,
    "centroid_std": 217.0,
    "flatness_mean": 0.035748
  },
  "energy": {
    "rms_mean": 0.230057,
    "rms_std": 0.063016
  },
  "rhythm": {
    "onset_density_mean": 3.69,
    "onset_density_std": 0.6
  },
  "stems": null,
  "created_at": "2026-03-26T01:33:29Z",
  "meta": {
    "processing_time_sec": 42.5,
    "tracks_profiled": 10,
    "tracks_attempted": 10
  }
}