{
  "artist": "Lucki",
  "track_count": 10,
  "centroid_vector": [
    0.054580140858888626,
    0.05132452771067619,
    0.04660988971590996,
    0.04945870861411095,
    0.05166512727737427,
    0.0501432828605175,
    0.0508328452706337,
    0.055107392370700836,
    0.051528867334127426,
    0.050550807267427444,
    0.04896966740489006,
    0.053520381450653076,
    0.04952157661318779,
    0.04619930312037468,
    0.053976405411958694,
    0.05000169947743416,
    0.04853668436408043,
    0.04953767731785774,
    0.052780695259571075,
    0.05205286666750908,
    0.0522443950176239,
    0.05469534546136856,
    0.05810100585222244,
    0.05333992838859558,
    0.050747405737638474,
    0.056226592510938644,
    0.054658085107803345,
    0.052523862570524216,
    0.05701056867837906,
    0.05068376660346985,
    0.058033525943756104,
    0.0647726058959961,
    0.05835117772221565,
    0.057055916637182236,
    0.053260594606399536,
    0.057205330580472946,
    0.05810819938778877,
    0.05943647772073746,
    0.05222586914896965,
    0.054991692304611206,
    0.051056742668151855,
    0.048036228865385056,
    0.047878365963697433,
    0.05526662990450859,
    0.06129185110330582,
    0.05203608423471451,
    0.050202835351228714,
    0.050460945814847946,
    0.04888078197836876,
    0.054380178451538086,
    0.049869585782289505,
    0.050084300339221954,
    4.508499622344971,
    2.5737500190734863,
    0.9739214777946472,
    0.07023319602012634,
    -8.048019409179688,
    6.109491348266602,
    0.8116434216499329,
    1.0117278099060059,
    0.7681894898414612,
    0.3017207980155945,
    -0.01764719933271408,
    0.4906572103500366,
    -0.17586961388587952,
    0.44073837995529175,
    0.03482460230588913,
    0.36310863494873047,
    0.10899421572685242,
    0.1392180174589157,
    0.1689263880252838,
    0.25048500299453735,
    -0.11841119080781937,
    0.2645142078399658,
    0.04672259837388992,
    0.2492309957742691,
    1.3845770359039307,
    2.560800075531006,
    1.6058752536773682,
    0.0,
    0.0,
    0.0,
    0.0
  ],
  "spread_vector": [
    0.0017307170201092958,
    0.0025935503654181957,
    0.0021306995768100023,
    0.002401909325271845,
    0.0022229563910514116,
    0.0014769512927159667,
    0.0025654954370111227,
    0.0027709153946489096,
    0.0021853914950042963,
    0.002325673820450902,
    0.0017523628193885088,
    0.0029675790574401617,
    0.0014485412975773215,
    0.0022025208454579115,
    0.0024559958837926388,
    0.0011226966744288802,
    0.0021470922511070967,
    0.0022322400473058224,
    0.0018561416072770953,
    0.0014454541960731149,
    0.0029304029885679483,
    0.003434301121160388,
    0.0022631927859038115,
    0.002893471857532859,
    0.002238448243588209,
    0.002070796675980091,
    0.0017960378900170326,
    0.001289617270231247,
    0.0037153486628085375,
    0.001454234472475946,
    0.003441793145611882,
    0.004020024556666613,
    0.0031887837685644627,
    0.0023871478624641895,
    0.001377286040224135,
    0.002803013427183032,
    0.003521938342601061,
    0.0047529940493404865,
    0.0025949894916266203,
    0.0028702111449092627,
    0.002028948161751032,
    0.0018582119373604655,
    0.0030145428609102964,
    0.0035018417984247208,
    0.0039727031253278255,
    0.00377618963830173,
    0.001338907633908093,
    0.002680735429748893,
    0.0019456249428912997,
    0.0023913474287837744,
    0.002274747472256422,
    0.002048759488388896,
    0.9649948477745056,
    0.6131899952888489,
    0.18801411986351013,
    0.060097627341747284,
    2.931570053100586,
    0.8748645782470703,
    1.543700933456421,
    0.42030036449432373,
    0.8592414855957031,
    0.6560419201850891,
    0.4163161516189575,
    0.4874694347381592,
    0.3370186984539032,
    0.3587402105331421,
    0.22819280624389648,
    0.22172260284423828,
    0.2642614543437958,
    0.2776789665222168,
    0.20676574110984802,
    0.1727110594511032,
    0.1987263262271881,
    0.2502157688140869,
    0.15135346353054047,
    0.18835711479187012,
    0.44386547803878784,
    0.49805641174316406,
    0.6241050958633423,
    0.0,
    0.0,
    0.0,
    0.0
  ],
  "vector_dim": 83,
  "tempo": {
    "bpm_mean": 130.2,
    "bpm_std": 19.3,
    "bpm_min": 103.4,
    "bpm_max": 161.5,
    "bpm_median": 129.2
  },
  "key": {
    "top_key": "F# minor",
    "distribution": {
      "F# minor": 0.2,
      "F minor": 0.1,
      "D minor": 0.1,
      "D major": 0.1,
      "B minor": 0.1,
      "C major": 0.1,
      "C# major": 0.1,
      "C minor": 0.1,
      "E minor": 0.1
    }
  },
  "signature_tags": [
    {
      "tag": "lo-fi hip hop with warm textures",
      "avg_score": 0.6413,
      "frequency": 1.0
    },
    {
      "tag": "minimalist sparse production",
      "avg_score": 0.623,
      "frequency": 0.9
    }
  ],
  "tag_averages": {
    "minimalist sparse production": 0.623,
    "lo-fi hip hop with warm textures": 0.6413,
    "pluggnb melodic beat": 0.5996,
    "R&B smooth instrumental": 0.5927,
    "uplifting and triumphant feel": 0.576,
    "hype and energetic mood": 0.586,
    "drill beat with sliding 808s": 0.5907,
    "mid-tempo groove": 0.5676,
    "synth pad atmosphere": 0.5571,
    "triplet hi-hat flow": 0.571,
    "soul sample with vinyl warmth": 0.5965,
    "afrobeat rhythmic percussion": 0.5717,
    "trap beat with rolling hi-hats": 0.587,
    "synthesizer lead melody": 0.5996,
    "rage beat with distorted synths": 0.5813,
    "orchestral strings": 0.5439,
    "lo-fi dusty texture": 0.557,
    "flute melody": 0.5403,
    "808 bass with heavy sub frequencies": 0.5559,
    "jersey club with fast kicks": 0.5466,
    "mysterious and suspenseful mood": 0.5585,
    "acoustic drum kit": 0.589,
    "playful and bouncy energy": 0.553,
    "ethereal and dreamy atmosphere": 0.5752,
    "chill and relaxed vibes": 0.572,
    "finger snaps and claps": 0.5512,
    "brass horns": 0.5465,
    "aggressive and hard-hitting energy": 0.5463,
    "sound effects and risers": 0.5302,
    "choir and vocal chops": 0.5285,
    "dark and ominous mood": 0.5142,
    "heavy reverb and spacious": 0.5105
  },
  "spectral": {
    "centroid_mean": 1947.8,
    "centroid_std": 376.0,
    "flatness_mean": 0.017558
  },
  "energy": {
    "rms_mean": 0.276915,
    "rms_std": 0.088773
  },
  "rhythm": {
    "onset_density_mean": 4.27,
    "onset_density_std": 0.83
  },
  "stems": null,
  "created_at": "2026-03-26T01:36:40Z",
  "meta": {
    "processing_time_sec": 30.2,
    "tracks_profiled": 10,
    "tracks_attempted": 10
  }
}