{
  "artist": "Maluma",
  "track_count": 9,
  "centroid_vector": [
    0.052379459142684937,
    0.05052361637353897,
    0.04621266946196556,
    0.05148446559906006,
    0.05377092957496643,
    0.047468166798353195,
    0.053052254021167755,
    0.05491302162408829,
    0.05325114354491234,
    0.05461360141634941,
    0.04889262840151787,
    0.054918140172958374,
    0.04905840381979942,
    0.04843949154019356,
    0.056188713759183884,
    0.05009892210364342,
    0.047825735062360764,
    0.05042383074760437,
    0.05126553773880005,
    0.05186518654227257,
    0.053298939019441605,
    0.055379439145326614,
    0.05997232347726822,
    0.05360183119773865,
    0.04993511363863945,
    0.0585380382835865,
    0.05529356002807617,
    0.05393717810511589,
    0.05897077918052673,
    0.05079394206404686,
    0.0606529675424099,
    0.06283501535654068,
    0.058328837156295776,
    0.06258242577314377,
    0.055319398641586304,
    0.05690845847129822,
    0.060491740703582764,
    0.05956104397773743,
    0.05417892336845398,
    0.058157432824373245,
    0.05385124683380127,
    0.04914867505431175,
    0.04929373785853386,
    0.05577903985977173,
    0.06173237785696983,
    0.05410797521471977,
    0.050740428268909454,
    0.05362240597605705,
    0.048897530883550644,
    0.053666453808546066,
    0.05074768885970116,
    0.051017578691244125,
    5.351110458374023,
    3.3064448833465576,
    1.1424989700317383,
    0.146598219871521,
    -5.793704509735107,
    5.036992073059082,
    -0.12513063848018646,
    0.7166852951049805,
    0.2680039703845978,
    0.2870447039604187,
    -0.1370353400707245,
    0.15874598920345306,
    -0.21158066391944885,
    0.16372665762901306,
    0.004629997070878744,
    0.0884353443980217,
    -0.05369066074490547,
    0.07710733264684677,
    -0.1721486747264862,
    0.06657133251428604,
    -0.2771579623222351,
    0.11171667277812958,
    -0.15952199697494507,
    0.07033199816942215,
    1.1701221466064453,
    2.4140002727508545,
    1.4630075693130493,
    0.0,
    0.0,
    0.0,
    0.0
  ],
  "spread_vector": [
    0.003914839122444391,
    0.00207228004001081,
    0.0014635160332545638,
    0.0022711437195539474,
    0.0041253454983234406,
    0.0022196786012500525,
    0.0022760166320949793,
    0.003521271515637636,
    0.0035413845907896757,
    0.002592698438093066,
    0.0034128420520573854,
    0.0022361676674336195,
    0.0020469981245696545,
    0.004109823610633612,
    0.002897919388487935,
    0.0006953520351089537,
    0.002421999117359519,
    0.004873672034591436,
    0.005352024454623461,
    0.0037835685070604086,
    0.002066910732537508,
    0.0022320891730487347,
    0.0034007045906037092,
    0.0031023963820189238,
    0.00246233562938869,
    0.0030362119432538748,
    0.004527616780251265,
    0.0025856955908238888,
    0.003600274445489049,
    0.003685004310682416,
    0.00424738647416234,
    0.002688265172764659,
    0.002190280705690384,
    0.0037091306876391172,
    0.0036974677350372076,
    0.004139145836234093,
    0.003929378464818001,
    0.0030085823964327574,
    0.004644834902137518,
    0.002673540962859988,
    0.00409959489479661,
    0.004188280086964369,
    0.0028808049391955137,
    0.0024916627444326878,
    0.003066406352445483,
    0.0038228542543947697,
    0.0020700145978480577,
    0.0027028757613152266,
    0.003312371438369155,
    0.0032683045137673616,
    0.0032655184622853994,
    0.001695438171736896,
    1.8651552200317383,
    0.6430395841598511,
    0.1436181217432022,
    0.05257397145032883,
    1.2758769989013672,
    0.7090095281600952,
    0.7926412224769592,
    0.3690212368965149,
    0.34339141845703125,
    0.2912970781326294,
    0.2307293713092804,
    0.3303624093532562,
    0.2703262269496918,
    0.2582298517227173,
    0.23715752363204956,
    0.15496975183486938,
    0.1974743753671646,
    0.15631626546382904,
    0.10342471301555634,
    0.2547485828399658,
    0.206058531999588,
    0.0927853137254715,
    0.15672211349010468,
    0.17412376403808594,
    0.1934829205274582,
    0.2688196301460266,
    0.741225004196167,
    0.0,
    0.0,
    0.0,
    0.0
  ],
  "vector_dim": 83,
  "tempo": {
    "bpm_mean": 147.0,
    "bpm_std": 37.3,
    "bpm_min": 89.1,
    "bpm_max": 198.8,
    "bpm_median": 136.0
  },
  "key": {
    "top_key": "C# minor",
    "distribution": {
      "C# minor": 0.222,
      "F# minor": 0.222,
      "D major": 0.111,
      "D# minor": 0.111,
      "C major": 0.111,
      "A major": 0.111,
      "A minor": 0.111
    }
  },
  "signature_tags": [
    {
      "tag": "afrobeat rhythmic percussion",
      "avg_score": 0.6392,
      "frequency": 1.0
    },
    {
      "tag": "lo-fi hip hop with warm textures",
      "avg_score": 0.6351,
      "frequency": 1.0
    },
    {
      "tag": "minimalist sparse production",
      "avg_score": 0.6214,
      "frequency": 1.0
    },
    {
      "tag": "drill beat with sliding 808s",
      "avg_score": 0.614,
      "frequency": 1.0
    },
    {
      "tag": "pluggnb melodic beat",
      "avg_score": 0.6111,
      "frequency": 1.0
    },
    {
      "tag": "hype and energetic mood",
      "avg_score": 0.601,
      "frequency": 1.0
    }
  ],
  "tag_averages": {
    "afrobeat rhythmic percussion": 0.6392,
    "minimalist sparse production": 0.6214,
    "lo-fi hip hop with warm textures": 0.6351,
    "drill beat with sliding 808s": 0.614,
    "pluggnb melodic beat": 0.6111,
    "trap beat with rolling hi-hats": 0.5979,
    "hype and energetic mood": 0.601,
    "uplifting and triumphant feel": 0.5825,
    "mid-tempo groove": 0.5859,
    "rage beat with distorted synths": 0.5819,
    "jersey club with fast kicks": 0.5666,
    "R&B smooth instrumental": 0.5905,
    "soul sample with vinyl warmth": 0.5881,
    "triplet hi-hat flow": 0.5652,
    "synth pad atmosphere": 0.5357,
    "choir and vocal chops": 0.5743,
    "acoustic drum kit": 0.5711,
    "flute melody": 0.5696,
    "synthesizer lead melody": 0.5777,
    "acoustic guitar": 0.5698,
    "layered and dense arrangement": 0.5696,
    "chill and relaxed vibes": 0.5542
  },
  "spectral": {
    "centroid_mean": 2285.0,
    "centroid_std": 287.2,
    "flatness_mean": 0.03665
  },
  "energy": {
    "rms_mean": 0.234024,
    "rms_std": 0.038697
  },
  "rhythm": {
    "onset_density_mean": 4.02,
    "onset_density_std": 0.45
  },
  "stems": null,
  "created_at": "2026-03-26T01:37:44Z",
  "meta": {
    "processing_time_sec": 45.0,
    "tracks_profiled": 9,
    "tracks_attempted": 9
  }
}