{
  "artist": "Megan Thee Stallion",
  "track_count": 10,
  "centroid_vector": [
    0.052982598543167114,
    0.05375633388757706,
    0.04811021313071251,
    0.050561245530843735,
    0.051143284887075424,
    0.048264723271131516,
    0.05024624615907669,
    0.05319968983530998,
    0.05113149806857109,
    0.051434218883514404,
    0.04758637771010399,
    0.057196300476789474,
    0.048329468816518784,
    0.0456349216401577,
    0.05540810152888298,
    0.052815068513154984,
    0.050333406776189804,
    0.049779344350099564,
    0.051212161779403687,
    0.05362143740057945,
    0.0535358190536499,
    0.05448039248585701,
    0.05879494547843933,
    0.052486564964056015,
    0.050144072622060776,
    0.05532235652208328,
    0.05423296242952347,
    0.05288068577647209,
    0.060707032680511475,
    0.05394262075424194,
    0.059589363634586334,
    0.06714089214801788,
    0.05861424282193184,
    0.06029032543301582,
    0.05622124671936035,
    0.058417629450559616,
    0.059198349714279175,
    0.06185439974069595,
    0.05387190729379654,
    0.05747910961508751,
    0.0531984381377697,
    0.05080646276473999,
    0.05178186297416687,
    0.05817117169499397,
    0.061431556940078735,
    0.05325007438659668,
    0.05078945308923721,
    0.05305386334657669,
    0.0498947910964489,
    0.05411892011761665,
    0.05381826311349869,
    0.051893580704927444,
    4.3379998207092285,
    2.3187501430511475,
    1.2984083890914917,
    0.13532400131225586,
    -7.212245464324951,
    4.240602970123291,
    0.6457362174987793,
    1.165344476699829,
    0.48270660638809204,
    0.5318639874458313,
    0.3004380464553833,
    0.5180231928825378,
    0.030484803020954132,
    0.2513082027435303,
    0.04534679651260376,
    0.2792057991027832,
    0.0153636010363698,
    0.3762936294078827,
    0.03283979743719101,
    0.0962153971195221,
    -0.029649600386619568,
    0.08852940797805786,
    -0.18490919470787048,
    0.15234658122062683,
    1.1686861515045166,
    2.3957996368408203,
    1.7048660516738892,
    0.0,
    0.0,
    0.0,
    0.0
  ],
  "spread_vector": [
    0.0012643892550840974,
    0.002809840952977538,
    0.00149469671305269,
    0.0018257786286994815,
    0.001982299843803048,
    0.0015087878564372659,
    0.002470536855980754,
    0.0015615782467648387,
    0.0013160243397578597,
    0.0017434832407161593,
    0.00157417100854218,
    0.003568533807992935,
    0.0009037060081027448,
    0.000922256731428206,
    0.002279731212183833,
    0.002256940118968487,
    0.0029534471686929464,
    0.001785112894140184,
    0.0022058296017348766,
    0.002478190464898944,
    0.002503647468984127,
    0.0013571568997576833,
    0.002139391377568245,
    0.0017079374520108104,
    0.0020615507382899523,
    0.001939428853802383,
    0.00208093854598701,
    0.0014299139147624373,
    0.003107907949015498,
    0.004181685857474804,
    0.001879615942016244,
    0.0046272254548966885,
    0.0020729550160467625,
    0.0018902759766206145,
    0.0021429217886179686,
    0.0026489130686968565,
    0.002289979485794902,
    0.004288988187909126,
    0.002662734827026725,
    0.0025258620735257864,
    0.0025162987876683474,
    0.0037201251834630966,
    0.002803546143695712,
    0.0026794092264026403,
    0.002456377726048231,
    0.002336700912564993,
    0.0016132201999425888,
    0.0022657860536128283,
    0.00288348994217813,
    0.0022921240888535976,
    0.004091898910701275,
    0.0015521481400355697,
    1.3841174840927124,
    1.0543614625930786,
    0.11284250020980835,
    0.05959754437208176,
    3.2564873695373535,
    0.4039502441883087,
    0.35231813788414,
    0.17261575162410736,
    0.3628847002983093,
    0.26815205812454224,
    0.306554913520813,
    0.23077069222927094,
    0.20791718363761902,
    0.2814968228340149,
    0.10107692331075668,
    0.12138821184635162,
    0.1313457190990448,
    0.10934621840715408,
    0.13619060814380646,
    0.0934716984629631,
    0.15668770670890808,
    0.1744297742843628,
    0.17187796533107758,
    0.14037512242794037,
    0.4012305736541748,
    0.3827139437198639,
    0.4589671790599823,
    0.0,
    0.0,
    0.0,
    0.0
  ],
  "vector_dim": 83,
  "tempo": {
    "bpm_mean": 126.8,
    "bpm_std": 27.7,
    "bpm_min": 95.7,
    "bpm_max": 184.6,
    "bpm_median": 129.2
  },
  "key": {
    "top_key": "F# major",
    "distribution": {
      "F# major": 0.4,
      "C# major": 0.1,
      "A minor": 0.1,
      "B major": 0.1,
      "A# major": 0.1,
      "D# minor": 0.1,
      "G minor": 0.1
    }
  },
  "signature_tags": [
    {
      "tag": "lo-fi hip hop with warm textures",
      "avg_score": 0.6537,
      "frequency": 1.0
    },
    {
      "tag": "minimalist sparse production",
      "avg_score": 0.6209,
      "frequency": 1.0
    },
    {
      "tag": "drill beat with sliding 808s",
      "avg_score": 0.6119,
      "frequency": 0.9
    },
    {
      "tag": "trap beat with rolling hi-hats",
      "avg_score": 0.601,
      "frequency": 1.0
    }
  ],
  "tag_averages": {
    "lo-fi hip hop with warm textures": 0.6537,
    "minimalist sparse production": 0.6209,
    "drill beat with sliding 808s": 0.6119,
    "pluggnb melodic beat": 0.5947,
    "rage beat with distorted synths": 0.5905,
    "R&B smooth instrumental": 0.5829,
    "trap beat with rolling hi-hats": 0.601,
    "afrobeat rhythmic percussion": 0.5985,
    "triplet hi-hat flow": 0.5813,
    "hype and energetic mood": 0.5829,
    "soul sample with vinyl warmth": 0.5977,
    "mid-tempo groove": 0.5759,
    "uplifting and triumphant feel": 0.5575,
    "synth pad atmosphere": 0.5477,
    "chill and relaxed vibes": 0.5394,
    "choir and vocal chops": 0.5549,
    "jersey club with fast kicks": 0.555,
    "punchy and compressed drums": 0.5534,
    "boom bap with chopped samples": 0.5445,
    "808 bass with heavy sub frequencies": 0.5308,
    "slow tempo beat": 0.6513,
    "fast tempo beat": 0.626,
    "half-time drum pattern": 0.6247,
    "playful and bouncy energy": 0.5662,
    "synthesizer lead melody": 0.5371,
    "crisp hi-hat patterns": 0.5554
  },
  "spectral": {
    "centroid_mean": 2596.8,
    "centroid_std": 225.7,
    "flatness_mean": 0.033831
  },
  "energy": {
    "rms_mean": 0.233737,
    "rms_std": 0.080246
  },
  "rhythm": {
    "onset_density_mean": 3.99,
    "onset_density_std": 0.64
  },
  "stems": null,
  "created_at": "2026-03-26T01:38:45Z",
  "meta": {
    "processing_time_sec": 41.2,
    "tracks_profiled": 10,
    "tracks_attempted": 10
  }
}