{
  "artist": "Metro Boomin",
  "track_count": 19,
  "centroid_vector": [
    0.054462261497974396,
    0.05258297547698021,
    0.04792703315615654,
    0.053087133914232254,
    0.053579963743686676,
    0.05067935213446617,
    0.05321800336241722,
    0.057645656168460846,
    0.05368628725409508,
    0.053158003836870193,
    0.05094100907444954,
    0.055615294724702835,
    0.05064006522297859,
    0.04837388917803764,
    0.05578708276152611,
    0.051251865923404694,
    0.04988003894686699,
    0.05041306093335152,
    0.054517991840839386,
    0.052880655974149704,
    0.054987769573926926,
    0.0572655014693737,
    0.06032363697886467,
    0.05580763891339302,
    0.0528196357190609,
    0.05918830260634422,
    0.05699387192726135,
    0.053468383848667145,
    0.05877416953444481,
    0.052063919603824615,
    0.060015588998794556,
    0.06697610020637512,
    0.06095154955983162,
    0.05809229239821434,
    0.05479555204510689,
    0.05890023708343506,
    0.06073451787233353,
    0.062135495245456696,
    0.05450344830751419,
    0.056855060160160065,
    0.05284629017114639,
    0.049518074840307236,
    0.049761559814214706,
    0.05733945965766907,
    0.06344160437583923,
    0.054412055760622025,
    0.05106256529688835,
    0.05316611006855965,
    0.05129671096801758,
    0.05627478286623955,
    0.05157577618956566,
    0.0516737699508667,
    4.13447380065918,
    3.407947063446045,
    0.9371025562286377,
    0.089800626039505,
    -7.4306488037109375,
    6.26622200012207,
    1.135930061340332,
    1.1305052042007446,
    0.5862912535667419,
    0.5333980917930603,
    0.053288839757442474,
    0.49278759956359863,
    -0.30033791065216064,
    0.48513317108154297,
    0.04584284871816635,
    0.31933361291885376,
    0.16159704327583313,
    0.2577739357948303,
    0.015929371118545532,
    0.3135284185409546,
    -0.030002212151885033,
    0.20652253925800323,
    0.07066483795642853,
    0.20307250320911407,
    1.3927147388458252,
    2.2458949089050293,
    1.9180773496627808,
    0.0,
    0.0,
    0.0,
    0.0
  ],
  "spread_vector": [
    0.0017941755941137671,
    0.0019253792706876993,
    0.0014199070865288377,
    0.003998857457190752,
    0.0031400590669363737,
    0.001833861111663282,
    0.003906481433659792,
    0.002967532491311431,
    0.002688458887860179,
    0.003351889317855239,
    0.0025297394022345543,
    0.003976347390562296,
    0.0018080378649756312,
    0.0036228427197784185,
    0.0022564141545444727,
    0.0018643575021997094,
    0.0021937808487564325,
    0.0017996184760704637,
    0.0024587346706539392,
    0.0025074330624192953,
    0.0034602954983711243,
    0.002934681950137019,
    0.0028399068396538496,
    0.002993726870045066,
    0.0028176752384752035,
    0.002983866026625037,
    0.002911372808739543,
    0.0017899892991408706,
    0.0024196291342377663,
    0.0028252245392650366,
    0.0023199624847620726,
    0.0033900984562933445,
    0.00301107089035213,
    0.0017801134381443262,
    0.0024125820491462946,
    0.0021958041470497847,
    0.0028157306369394064,
    0.004013767000287771,
    0.0024931037332862616,
    0.0018770911265164614,
    0.00190695037599653,
    0.002172628417611122,
    0.0018932275706902146,
    0.0020127082243561745,
    0.0028963906224817038,
    0.003311163280159235,
    0.0020748148672282696,
    0.002626968314871192,
    0.002874058438464999,
    0.002650568960234523,
    0.0025990859139710665,
    0.002065327251330018,
    1.3326150178909302,
    0.6709536910057068,
    0.18906578421592712,
    0.07626834511756897,
    3.3399202823638916,
    0.8538210391998291,
    0.5600048899650574,
    0.4377402067184448,
    0.34540295600891113,
    0.39691078662872314,
    0.23124346137046814,
    0.28149664402008057,
    0.3175743520259857,
    0.2392951250076294,
    0.19311676919460297,
    0.218242347240448,
    0.1630541980266571,
    0.12679705023765564,
    0.1652456521987915,
    0.15955284237861633,
    0.15306618809700012,
    0.12596575915813446,
    0.13598443567752838,
    0.10304347425699234,
    0.35956886410713196,
    0.36300358176231384,
    0.4476146101951599,
    0.0,
    0.0,
    0.0,
    0.0
  ],
  "vector_dim": 83,
  "tempo": {
    "bpm_mean": 122.7,
    "bpm_std": 26.7,
    "bpm_min": 80.7,
    "bpm_max": 172.3,
    "bpm_median": 123.0
  },
  "key": {
    "top_key": "D minor",
    "distribution": {
      "D minor": 0.158,
      "C# minor": 0.158,
      "F minor": 0.105,
      "G major": 0.105,
      "G# minor": 0.053,
      "A major": 0.053,
      "C# major": 0.053,
      "E minor": 0.053,
      "D# major": 0.053,
      "D# minor": 0.053,
      "F# minor": 0.053,
      "A minor": 0.053,
      "B minor": 0.053
    }
  },
  "signature_tags": [
    {
      "tag": "lo-fi hip hop with warm textures",
      "avg_score": 0.6614,
      "frequency": 1.0
    },
    {
      "tag": "minimalist sparse production",
      "avg_score": 0.6293,
      "frequency": 0.95
    },
    {
      "tag": "soul sample with vinyl warmth",
      "avg_score": 0.6164,
      "frequency": 1.0
    },
    {
      "tag": "R&B smooth instrumental",
      "avg_score": 0.6057,
      "frequency": 0.95
    },
    {
      "tag": "pluggnb melodic beat",
      "avg_score": 0.6031,
      "frequency": 1.0
    },
    {
      "tag": "hype and energetic mood",
      "avg_score": 0.6009,
      "frequency": 1.0
    }
  ],
  "tag_averages": {
    "lo-fi hip hop with warm textures": 0.6614,
    "minimalist sparse production": 0.6293,
    "soul sample with vinyl warmth": 0.6164,
    "R&B smooth instrumental": 0.6057,
    "drill beat with sliding 808s": 0.5988,
    "pluggnb melodic beat": 0.6031,
    "trap beat with rolling hi-hats": 0.5941,
    "uplifting and triumphant feel": 0.5982,
    "afrobeat rhythmic percussion": 0.5823,
    "hype and energetic mood": 0.6009,
    "triplet hi-hat flow": 0.5747,
    "flute melody": 0.6017,
    "lo-fi dusty texture": 0.5772,
    "rage beat with distorted synths": 0.5887,
    "synth pad atmosphere": 0.5898,
    "808 bass with heavy sub frequencies": 0.5578,
    "mid-tempo groove": 0.5652,
    "chill and relaxed vibes": 0.5756,
    "mysterious and suspenseful mood": 0.5828,
    "ethereal and dreamy atmosphere": 0.5952,
    "dark and ominous mood": 0.5909,
    "melodic and emotional feel": 0.5798,
    "orchestral strings": 0.6032,
    "acoustic drum kit": 0.5766,
    "jersey club with fast kicks": 0.5704,
    "layered and dense arrangement": 0.6042,
    "brass horns": 0.5935,
    "choir and vocal chops": 0.6014,
    "synthesizer lead melody": 0.5863,
    "acoustic guitar": 0.6012,
    "piano melody": 0.5989,
    "boom bap with chopped samples": 0.5928
  },
  "spectral": {
    "centroid_mean": 1874.2,
    "centroid_std": 378.1,
    "flatness_mean": 0.02245
  },
  "energy": {
    "rms_mean": 0.278543,
    "rms_std": 0.071914
  },
  "rhythm": {
    "onset_density_mean": 3.74,
    "onset_density_std": 0.61
  },
  "stems": null,
  "created_at": "2026-03-25T23:45:09Z",
  "meta": {
    "processing_time_sec": 92.8,
    "tracks_profiled": 19,
    "tracks_attempted": 19
  }
}