{
  "artist": "Migos",
  "track_count": 10,
  "centroid_vector": [
    0.05292363092303276,
    0.051108218729496,
    0.04728515073657036,
    0.04993252083659172,
    0.05056663975119591,
    0.049770887941122055,
    0.050752487033605576,
    0.054092444479465485,
    0.05076506361365318,
    0.04993340000510216,
    0.04851333424448967,
    0.052456535398960114,
    0.04799164459109306,
    0.04606860503554344,
    0.052966535091400146,
    0.05036533996462822,
    0.047275956720113754,
    0.04845714196562767,
    0.051131974905729294,
    0.05079718306660652,
    0.051385194063186646,
    0.05355619266629219,
    0.05723303556442261,
    0.05210631713271141,
    0.049762677401304245,
    0.055771421641111374,
    0.053410887718200684,
    0.051345277577638626,
    0.056936729699373245,
    0.05031503364443779,
    0.05803149938583374,
    0.06296761333942413,
    0.05701478198170662,
    0.05677534267306328,
    0.05286005139350891,
    0.05688761547207832,
    0.057479895651340485,
    0.0569675974547863,
    0.05141991376876831,
    0.054253727197647095,
    0.050708282738924026,
    0.04700073227286339,
    0.04834076389670372,
    0.05536775663495064,
    0.06006733328104019,
    0.05040353164076805,
    0.049115266650915146,
    0.049807023257017136,
    0.04796494171023369,
    0.0525011382997036,
    0.04966459795832634,
    0.04954015836119652,
    4.811999320983887,
    3.2998499870300293,
    1.1094249486923218,
    0.1387587934732437,
    -7.4957990646362305,
    5.588838577270508,
    1.2289679050445557,
    1.052835464477539,
    0.5860403776168823,
    0.3600786328315735,
    -0.011646594852209091,
    0.4253423810005188,
    -0.08136600255966187,
    0.342665433883667,
    -0.08456400036811829,
    0.2740374207496643,
    0.13018560409545898,
    0.20185860991477966,
    0.06791159510612488,
    0.25740480422973633,
    -0.16071060299873352,
    0.2481876015663147,
    -0.058354198932647705,
    0.12800519168376923,
    1.1712291240692139,
    2.3153998851776123,
    1.8835079669952393,
    0.0,
    0.0,
    0.0,
    0.0
  ],
  "spread_vector": [
    0.001365894335322082,
    0.0023265357594937086,
    0.0016432184493169188,
    0.0014950776239857078,
    0.0015294862678274512,
    0.0015021710423752666,
    0.00256363139487803,
    0.0019849708769470453,
    0.00119110441301018,
    0.0017726895166561007,
    0.0010572823230177164,
    0.002892953110858798,
    0.001267789164558053,
    0.001557641546241939,
    0.0012991282856091857,
    0.0017587443580850959,
    0.002508712699636817,
    0.001497474848292768,
    0.00210051448084414,
    0.0027477608527988195,
    0.0014527131570503116,
    0.0014081242261454463,
    0.0008392148884013295,
    0.0014608356868848205,
    0.001817020820453763,
    0.0017466966528445482,
    0.0015543316258117557,
    0.0007999792578630149,
    0.001900574192404747,
    0.0031011987011879683,
    0.001636071945540607,
    0.003905294230207801,
    0.0023544011637568474,
    0.001156906015239656,
    0.002296705497428775,
    0.0013584744883701205,
    0.0015491157537326217,
    0.003541819052770734,
    0.0019495416199788451,
    0.0014843466924503446,
    0.0011329716071486473,
    0.0024024962913244963,
    0.0019446302903816104,
    0.001471552881412208,
    0.002356466371566057,
    0.002211055252701044,
    0.0012674009194597602,
    0.0021583500783890486,
    0.0022036139853298664,
    0.002212602412328124,
    0.0033514336682856083,
    0.0014793166192248464,
    0.8377057313919067,
    0.672165036201477,
    0.19256918132305145,
    0.0913555920124054,
    2.046212673187256,
    0.8430880308151245,
    0.6064075231552124,
    0.5490767359733582,
    0.3171537518501282,
    0.2564942538738251,
    0.39841362833976746,
    0.18377560377120972,
    0.2527039051055908,
    0.2653261125087738,
    0.23470860719680786,
    0.20279502868652344,
    0.18650475144386292,
    0.19184836745262146,
    0.17187091708183289,
    0.19326992332935333,
    0.1430419534444809,
    0.17258788645267487,
    0.19837702810764313,
    0.10866525769233704,
    0.333999365568161,
    0.4242848753929138,
    0.4695969521999359,
    0.0,
    0.0,
    0.0,
    0.0
  ],
  "vector_dim": 83,
  "tempo": {
    "bpm_mean": 136.2,
    "bpm_std": 16.8,
    "bpm_min": 99.4,
    "bpm_max": 161.5,
    "bpm_median": 139.8
  },
  "key": {
    "top_key": "E minor",
    "distribution": {
      "E minor": 0.2,
      "D# major": 0.2,
      "F minor": 0.1,
      "F# major": 0.1,
      "D# minor": 0.1,
      "A major": 0.1,
      "A# minor": 0.1,
      "D major": 0.1
    }
  },
  "signature_tags": [
    {
      "tag": "lo-fi hip hop with warm textures",
      "avg_score": 0.6432,
      "frequency": 1.0
    },
    {
      "tag": "minimalist sparse production",
      "avg_score": 0.6203,
      "frequency": 1.0
    }
  ],
  "tag_averages": {
    "lo-fi hip hop with warm textures": 0.6432,
    "minimalist sparse production": 0.6203,
    "afrobeat rhythmic percussion": 0.5754,
    "drill beat with sliding 808s": 0.5877,
    "R&B smooth instrumental": 0.5861,
    "trap beat with rolling hi-hats": 0.5815,
    "soul sample with vinyl warmth": 0.5899,
    "pluggnb melodic beat": 0.5902,
    "triplet hi-hat flow": 0.5699,
    "rage beat with distorted synths": 0.5764,
    "hype and energetic mood": 0.585,
    "uplifting and triumphant feel": 0.5775,
    "chill and relaxed vibes": 0.5561,
    "mysterious and suspenseful mood": 0.5572,
    "808 bass with heavy sub frequencies": 0.5448,
    "mid-tempo groove": 0.5594,
    "jersey club with fast kicks": 0.5532,
    "synth pad atmosphere": 0.5768,
    "ethereal and dreamy atmosphere": 0.6031,
    "lo-fi dusty texture": 0.5782,
    "layered and dense arrangement": 0.5795,
    "choir and vocal chops": 0.5708,
    "crisp hi-hat patterns": 0.562,
    "acoustic guitar": 0.5859,
    "acoustic drum kit": 0.5664
  },
  "spectral": {
    "centroid_mean": 2218.8,
    "centroid_std": 385.1,
    "flatness_mean": 0.03469
  },
  "energy": {
    "rms_mean": 0.234246,
    "rms_std": 0.0668
  },
  "rhythm": {
    "onset_density_mean": 3.86,
    "onset_density_std": 0.71
  },
  "stems": null,
  "created_at": "2026-03-26T01:40:04Z",
  "meta": {
    "processing_time_sec": 50.7,
    "tracks_profiled": 10,
    "tracks_attempted": 10
  }
}