{
  "artist": "missy elliot",
  "track_count": 10,
  "centroid_vector": [
    0.05233048275113106,
    0.05273684486746788,
    0.04666292294859886,
    0.04931515082716942,
    0.05093981698155403,
    0.04881684109568596,
    0.051385700702667236,
    0.054400961846113205,
    0.05107169970870018,
    0.05130479484796524,
    0.04745064303278923,
    0.054243303835392,
    0.04852594807744026,
    0.04610249027609825,
    0.055275291204452515,
    0.050715185701847076,
    0.04923294112086296,
    0.0499412976205349,
    0.05085746571421623,
    0.05187210068106651,
    0.051371969282627106,
    0.05370762571692467,
    0.058604516088962555,
    0.0526118278503418,
    0.047987084835767746,
    0.05569742992520332,
    0.05347798019647598,
    0.053103625774383545,
    0.06050523743033409,
    0.05153730511665344,
    0.061149805784225464,
    0.06605329364538193,
    0.058076161891222,
    0.05955987796187401,
    0.05487976595759392,
    0.059909529983997345,
    0.05979141220450401,
    0.05951249599456787,
    0.053263165056705475,
    0.0586758628487587,
    0.0532681904733181,
    0.04919811710715294,
    0.05045062303543091,
    0.056231845170259476,
    0.062529556453228,
    0.05340670421719551,
    0.050287652760744095,
    0.051742833107709885,
    0.04854501411318779,
    0.054341088980436325,
    0.052358537912368774,
    0.05015319585800171,
    4.046000003814697,
    2.4476499557495117,
    1.205559492111206,
    0.13550999760627747,
    -10.987245559692383,
    5.02522087097168,
    0.018244795501232147,
    1.20481276512146,
    0.04776900261640549,
    0.5894376635551453,
    0.1021152064204216,
    0.3660504221916199,
    -0.11894039064645767,
    0.4560941755771637,
    -0.06752940267324448,
    0.24433079361915588,
    0.09709018468856812,
    0.19494780898094177,
    -0.09262199699878693,
    0.11029741168022156,
    -0.09343020617961884,
    0.05681519955396652,
    -0.11762937903404236,
    0.12144480645656586,
    0.42538654804229736,
    2.3003997802734375,
    1.708695650100708,
    0.0,
    0.0,
    0.0,
    0.0
  ],
  "spread_vector": [
    0.0016566908452659845,
    0.003028240753337741,
    0.0021590765099972486,
    0.0022575852926820517,
    0.0020159140694886446,
    0.0013308798661455512,
    0.0016226362204179168,
    0.0024725799448788166,
    0.002761206356808543,
    0.002255491679534316,
    0.002216249704360962,
    0.0034990806598216295,
    0.0020374010782688856,
    0.001920917653478682,
    0.0027658704202622175,
    0.0021553565748035908,
    0.002542953472584486,
    0.002935374854132533,
    0.0023615099489688873,
    0.002463050652295351,
    0.001706436276435852,
    0.001912968815304339,
    0.0019312475342303514,
    0.0024549674708396196,
    0.0020144940353929996,
    0.0021133990958333015,
    0.002300524152815342,
    0.0018551629036664963,
    0.0032986209262162447,
    0.00316651351749897,
    0.002591104945167899,
    0.0028788249474018812,
    0.002285325201228261,
    0.002801507478579879,
    0.002622695406898856,
    0.0029391141142696142,
    0.0021004630252718925,
    0.0028733403887599707,
    0.0034032221883535385,
    0.002630413742735982,
    0.003174735698848963,
    0.003323768964037299,
    0.002924086758866906,
    0.002443658420816064,
    0.002478660549968481,
    0.003273458918556571,
    0.0024918471463024616,
    0.0033277913462370634,
    0.002954840427264571,
    0.0020883313845843077,
    0.0036230701953172684,
    0.002349643036723137,
    1.143039345741272,
    0.28288593888282776,
    0.09775196015834808,
    0.05509570986032486,
    1.8369108438491821,
    0.5800524950027466,
    0.8298661708831787,
    0.47584158182144165,
    0.21578457951545715,
    0.2776144742965698,
    0.21091939508914948,
    0.20575034618377686,
    0.22504332661628723,
    0.1284051537513733,
    0.16324561834335327,
    0.09962330758571625,
    0.1394096165895462,
    0.11769235879182816,
    0.1544034630060196,
    0.15263283252716064,
    0.10080651193857193,
    0.1713777631521225,
    0.10309881716966629,
    0.1821766346693039,
    0.0909821018576622,
    0.21875250339508057,
    0.6321130990982056,
    0.0,
    0.0,
    0.0,
    0.0
  ],
  "vector_dim": 83,
  "tempo": {
    "bpm_mean": 120.9,
    "bpm_std": 22.9,
    "bpm_min": 86.1,
    "bpm_max": 161.5,
    "bpm_median": 117.5
  },
  "key": {
    "top_key": "C major",
    "distribution": {
      "C major": 0.2,
      "D# minor": 0.2,
      "G minor": 0.2,
      "F# minor": 0.1,
      "F minor": 0.1,
      "B minor": 0.1,
      "G# minor": 0.1
    }
  },
  "signature_tags": [
    {
      "tag": "lo-fi hip hop with warm textures",
      "avg_score": 0.6552,
      "frequency": 1.0
    },
    {
      "tag": "minimalist sparse production",
      "avg_score": 0.624,
      "frequency": 1.0
    },
    {
      "tag": "drill beat with sliding 808s",
      "avg_score": 0.6047,
      "frequency": 1.0
    },
    {
      "tag": "trap beat with rolling hi-hats",
      "avg_score": 0.603,
      "frequency": 1.0
    },
    {
      "tag": "soul sample with vinyl warmth",
      "avg_score": 0.6003,
      "frequency": 1.0
    }
  ],
  "tag_averages": {
    "lo-fi hip hop with warm textures": 0.6552,
    "minimalist sparse production": 0.624,
    "soul sample with vinyl warmth": 0.6003,
    "pluggnb melodic beat": 0.5996,
    "hype and energetic mood": 0.5873,
    "drill beat with sliding 808s": 0.6047,
    "rage beat with distorted synths": 0.5902,
    "trap beat with rolling hi-hats": 0.603,
    "afrobeat rhythmic percussion": 0.5968,
    "R&B smooth instrumental": 0.5843,
    "mid-tempo groove": 0.5839,
    "triplet hi-hat flow": 0.5716,
    "uplifting and triumphant feel": 0.5645,
    "flute melody": 0.5753,
    "synthesizer lead melody": 0.5751,
    "synth pad atmosphere": 0.5462,
    "jersey club with fast kicks": 0.5597,
    "acoustic drum kit": 0.5572,
    "fast tempo beat": 0.5437,
    "choir and vocal chops": 0.5651,
    "chill and relaxed vibes": 0.5599,
    "crisp hi-hat patterns": 0.5576,
    "lo-fi dusty texture": 0.5507
  },
  "spectral": {
    "centroid_mean": 2411.1,
    "centroid_std": 195.5,
    "flatness_mean": 0.033878
  },
  "energy": {
    "rms_mean": 0.085077,
    "rms_std": 0.018196
  },
  "rhythm": {
    "onset_density_mean": 3.83,
    "onset_density_std": 0.36
  },
  "stems": null,
  "created_at": "2026-03-26T02:05:50Z",
  "meta": {
    "processing_time_sec": 46.5,
    "tracks_profiled": 10,
    "tracks_attempted": 10
  }
}