{
  "artist": "Moneybagg Yo",
  "track_count": 8,
  "centroid_vector": [
    0.053610432893037796,
    0.05263997241854668,
    0.047739457339048386,
    0.049157168716192245,
    0.049797337502241135,
    0.04933236911892891,
    0.04997261241078377,
    0.05346379429101944,
    0.050529371947050095,
    0.050077807158231735,
    0.047600727528333664,
    0.052677471190690994,
    0.04891336336731911,
    0.04426896199584007,
    0.053126752376556396,
    0.05033314228057861,
    0.0484396331012249,
    0.04878426715731621,
    0.05099803954362869,
    0.05148391053080559,
    0.05103309080004692,
    0.0532168410718441,
    0.056810151785612106,
    0.051714420318603516,
    0.04954175278544426,
    0.0552063062787056,
    0.05285084247589111,
    0.05126424506306648,
    0.05805317685008049,
    0.051813025027513504,
    0.05860879644751549,
    0.06529828161001205,
    0.057247307151556015,
    0.05747581645846367,
    0.053504105657339096,
    0.057364411652088165,
    0.057198166847229004,
    0.0584893599152565,
    0.05207958444952965,
    0.05462459474802017,
    0.05098647624254227,
    0.04796290770173073,
    0.048964615911245346,
    0.05645911023020744,
    0.06128375604748726,
    0.05023258551955223,
    0.04927806183695793,
    0.05038414150476456,
    0.048464249819517136,
    0.05334169790148735,
    0.0505724661052227,
    0.050474103540182114,
    3.9993748664855957,
    3.151625156402588,
    1.2337100505828857,
    0.14444300532341003,
    -6.973925590515137,
    4.730410099029541,
    0.8529637455940247,
    0.9669479727745056,
    0.7554112672805786,
    0.7540425062179565,
    -0.12693524360656738,
    0.7695368528366089,
    -0.01658100262284279,
    0.2504962682723999,
    0.1725112497806549,
    0.4201665222644806,
    0.09716849029064178,
    0.3573337495326996,
    0.04731075465679169,
    0.4516087770462036,
    0.06214874982833862,
    0.1122795045375824,
    0.1215757429599762,
    0.4002090096473694,
    1.196303129196167,
    2.744999885559082,
    1.723921537399292,
    0.0,
    0.0,
    0.0,
    0.0
  ],
  "spread_vector": [
    0.0009771189652383327,
    0.0014395370380952954,
    0.0010728795314207673,
    0.0012827836908400059,
    0.0010790021624416113,
    0.0011103650322183967,
    0.001418189494870603,
    0.001206311397254467,
    0.0010145449778065085,
    0.0010962359374389052,
    0.0008608894422650337,
    0.002481695031747222,
    0.0010289427591487765,
    0.0009483075118623674,
    0.0017375032184645534,
    0.0014551639324054122,
    0.0014968829927965999,
    0.001544913393445313,
    0.0009028087370097637,
    0.0016132965683937073,
    0.0015428393380716443,
    0.001384833944030106,
    0.0013499228516593575,
    0.000982967671006918,
    0.0012215671595185995,
    0.0012184263905510306,
    0.0014656035928055644,
    0.0008812470478005707,
    0.002461775206029415,
    0.001918851281516254,
    0.0018172342097386718,
    0.002324010943993926,
    0.001857215422205627,
    0.0018279623473063111,
    0.001795926014892757,
    0.0012326010037213564,
    0.0016745614120736718,
    0.0032371783163398504,
    0.0015552107943221927,
    0.0012383856810629368,
    0.0012540380703285336,
    0.0018298173090443015,
    0.0015410081250593066,
    0.0017027165740728378,
    0.0011904322309419513,
    0.0016581871313974261,
    0.0010977399069815874,
    0.002039107261225581,
    0.0013333129463717341,
    0.0010739242425188422,
    0.0018480740254744887,
    0.0013669704785570502,
    0.996423065662384,
    0.6530511975288391,
    0.09661906957626343,
    0.08275043964385986,
    2.315103530883789,
    0.5553488731384277,
    0.4829452633857727,
    0.485601007938385,
    0.4318486452102661,
    0.37609291076660156,
    0.27493590116500854,
    0.222609281539917,
    0.27799585461616516,
    0.2801471948623657,
    0.2624354660511017,
    0.22425399720668793,
    0.23404136300086975,
    0.1747571974992752,
    0.18407917022705078,
    0.11634702980518341,
    0.10827121138572693,
    0.18023522198200226,
    0.14884397387504578,
    0.16204187273979187,
    0.3621216416358948,
    0.34356218576431274,
    0.44042131304740906,
    0.0,
    0.0,
    0.0,
    0.0
  ],
  "vector_dim": 83,
  "tempo": {
    "bpm_mean": 120.0,
    "bpm_std": 19.9,
    "bpm_min": 86.1,
    "bpm_max": 143.6,
    "bpm_median": 129.2
  },
  "key": {
    "top_key": "D# minor",
    "distribution": {
      "D# minor": 0.25,
      "F# minor": 0.125,
      "C# major": 0.125,
      "G minor": 0.125,
      "C# minor": 0.125,
      "D major": 0.125,
      "F major": 0.125
    }
  },
  "signature_tags": [
    {
      "tag": "lo-fi hip hop with warm textures",
      "avg_score": 0.6489,
      "frequency": 1.0
    },
    {
      "tag": "minimalist sparse production",
      "avg_score": 0.6162,
      "frequency": 1.0
    }
  ],
  "tag_averages": {
    "lo-fi hip hop with warm textures": 0.6489,
    "minimalist sparse production": 0.6162,
    "drill beat with sliding 808s": 0.5787,
    "R&B smooth instrumental": 0.5741,
    "rage beat with distorted synths": 0.5759,
    "uplifting and triumphant feel": 0.571,
    "hype and energetic mood": 0.5727,
    "afrobeat rhythmic percussion": 0.5736,
    "trap beat with rolling hi-hats": 0.5761,
    "pluggnb melodic beat": 0.5745,
    "triplet hi-hat flow": 0.5623,
    "soul sample with vinyl warmth": 0.5989,
    "808 bass with heavy sub frequencies": 0.5424,
    "synth pad atmosphere": 0.5685,
    "chill and relaxed vibes": 0.5282,
    "orchestral strings": 0.5795,
    "mysterious and suspenseful mood": 0.5782,
    "jersey club with fast kicks": 0.5464,
    "mid-tempo groove": 0.5546,
    "lo-fi dusty texture": 0.5813,
    "layered and dense arrangement": 0.5995,
    "vinyl crackle and texture": 0.6127,
    "ethereal and dreamy atmosphere": 0.58,
    "dark and ominous mood": 0.5826,
    "bell sounds and chimes": 0.5662,
    "clean and polished mix": 0.5807,
    "heavy reverb and spacious": 0.5731,
    "sound effects and risers": 0.5838
  },
  "spectral": {
    "centroid_mean": 2467.4,
    "centroid_std": 193.2,
    "flatness_mean": 0.036111
  },
  "energy": {
    "rms_mean": 0.239261,
    "rms_std": 0.072424
  },
  "rhythm": {
    "onset_density_mean": 4.58,
    "onset_density_std": 0.57
  },
  "stems": null,
  "created_at": "2026-03-26T01:40:49Z",
  "meta": {
    "processing_time_sec": 29.1,
    "tracks_profiled": 8,
    "tracks_attempted": 8
  }
}