{
  "artist": "Myke Towers",
  "track_count": 6,
  "centroid_vector": [
    0.053092557936906815,
    0.050138890743255615,
    0.045503880828619,
    0.05206155404448509,
    0.053018759936094284,
    0.04851657524704933,
    0.05471115931868553,
    0.05619775876402855,
    0.052713483572006226,
    0.05508950352668762,
    0.04838093742728233,
    0.05339508131146431,
    0.048786092549562454,
    0.04829588904976845,
    0.055484261363744736,
    0.04897370561957359,
    0.046496402472257614,
    0.049281131476163864,
    0.05199909210205078,
    0.05061483010649681,
    0.053243037313222885,
    0.055771369487047195,
    0.06030730530619621,
    0.05400955304503441,
    0.050076454877853394,
    0.05905285105109215,
    0.05557543784379959,
    0.05325106903910637,
    0.058891505002975464,
    0.05048217251896858,
    0.061212241649627686,
    0.06354478746652603,
    0.059295058250427246,
    0.06226302310824394,
    0.05390441417694092,
    0.057701826095581055,
    0.061798881739377975,
    0.058726705610752106,
    0.054640550166368484,
    0.05802249535918236,
    0.05381683632731438,
    0.048359062522649765,
    0.04905156418681145,
    0.056510478258132935,
    0.06368295848369598,
    0.052924688905477524,
    0.049773674458265305,
    0.05172454193234444,
    0.04832028970122337,
    0.05378379300236702,
    0.04951507970690727,
    0.04997704550623894,
    4.4066667556762695,
    3.4945833683013916,
    1.0556284189224243,
    0.10981732606887817,
    -5.490455627441406,
    5.855698108673096,
    -0.04928700625896454,
    0.6757339835166931,
    0.37209799885749817,
    -0.11340300738811493,
    -0.005432000383734703,
    0.21429601311683655,
    -0.557360053062439,
    0.3847990036010742,
    -0.055278003215789795,
    0.013159997761249542,
    -0.15641099214553833,
    0.08387500047683716,
    -0.10810399055480957,
    0.09535200893878937,
    -0.21414998173713684,
    0.1419450044631958,
    -0.16856199502944946,
    0.05625800043344498,
    1.3308333158493042,
    2.244999885559082,
    2.0638740062713623,
    0.0,
    0.0,
    0.0,
    0.0
  ],
  "spread_vector": [
    0.0020075980573892593,
    0.0010569703299552202,
    0.0009163113427348435,
    0.0020527394954115152,
    0.002699818229302764,
    0.0016561838565394282,
    0.0019305205205455422,
    0.002441913355141878,
    0.0017861782107502222,
    0.002105862367898226,
    0.0023569967597723007,
    0.002067975467070937,
    0.0006511220126412809,
    0.0033011578489094973,
    0.002214613603428006,
    0.0015712324529886246,
    0.0007739024586044252,
    0.001290936372242868,
    0.001709304633550346,
    0.0012661953223869205,
    0.002248432021588087,
    0.0025564730167388916,
    0.0019441565964370966,
    0.0022934151347726583,
    0.0018838885007426143,
    0.0016992356395348907,
    0.002381733385846019,
    0.0011017126962542534,
    0.0016930334968492389,
    0.0010817393194884062,
    0.002210465958341956,
    0.0023607879411429167,
    0.002191344043239951,
    0.0026080466341227293,
    0.0016356342239305377,
    0.0025755860842764378,
    0.0026857105549424887,
    0.0033302013762295246,
    0.001547388848848641,
    0.002486367942765355,
    0.001480627222917974,
    0.0015637429896742105,
    0.0009461873560212553,
    0.0016006063669919968,
    0.0029247517231851816,
    0.002634623786434531,
    0.001094984938390553,
    0.0016191567992791533,
    0.0013949418207630515,
    0.002039159880951047,
    0.0011296261800453067,
    0.0010661596897989511,
    1.8750413656234741,
    0.7817268967628479,
    0.1159379780292511,
    0.0989290326833725,
    1.4755367040634155,
    0.9684672355651855,
    0.29825690388679504,
    0.4604007601737976,
    0.24274469912052155,
    0.4325368404388428,
    0.23405559360980988,
    0.41787803173065186,
    0.22824110090732574,
    0.16952712833881378,
    0.2774535119533539,
    0.197739839553833,
    0.18696215748786926,
    0.15474443137645721,
    0.148575559258461,
    0.3054744303226471,
    0.10190031677484512,
    0.20290638506412506,
    0.11549147963523865,
    0.15639328956604004,
    0.3171297311782837,
    0.14909391105175018,
    0.6867539286613464,
    0.0,
    0.0,
    0.0,
    0.0
  ],
  "vector_dim": 83,
  "tempo": {
    "bpm_mean": 128.1,
    "bpm_std": 37.5,
    "bpm_min": 83.4,
    "bpm_max": 184.6,
    "bpm_median": 123.5
  },
  "key": {
    "top_key": "A major",
    "distribution": {
      "A major": 0.167,
      "F minor": 0.167,
      "F# major": 0.167,
      "A minor": 0.167,
      "F# minor": 0.167,
      "D# major": 0.167
    }
  },
  "signature_tags": [
    {
      "tag": "minimalist sparse production",
      "avg_score": 0.628,
      "frequency": 1.0
    },
    {
      "tag": "lo-fi hip hop with warm textures",
      "avg_score": 0.625,
      "frequency": 1.0
    },
    {
      "tag": "afrobeat rhythmic percussion",
      "avg_score": 0.6202,
      "frequency": 1.0
    },
    {
      "tag": "pluggnb melodic beat",
      "avg_score": 0.6139,
      "frequency": 1.0
    },
    {
      "tag": "drill beat with sliding 808s",
      "avg_score": 0.6093,
      "frequency": 1.0
    },
    {
      "tag": "hype and energetic mood",
      "avg_score": 0.6053,
      "frequency": 1.0
    }
  ],
  "tag_averages": {
    "afrobeat rhythmic percussion": 0.6202,
    "lo-fi hip hop with warm textures": 0.625,
    "minimalist sparse production": 0.628,
    "drill beat with sliding 808s": 0.6093,
    "pluggnb melodic beat": 0.6139,
    "hype and energetic mood": 0.6053,
    "trap beat with rolling hi-hats": 0.5861,
    "uplifting and triumphant feel": 0.5968,
    "rage beat with distorted synths": 0.5747,
    "R&B smooth instrumental": 0.5878,
    "mid-tempo groove": 0.5917,
    "soul sample with vinyl warmth": 0.5708,
    "triplet hi-hat flow": 0.5657,
    "synthesizer lead melody": 0.542,
    "synth pad atmosphere": 0.5526,
    "flute melody": 0.5832,
    "fast tempo beat": 0.5809,
    "acoustic drum kit": 0.5552,
    "jersey club with fast kicks": 0.5789,
    "choir and vocal chops": 0.6178,
    "chill and relaxed vibes": 0.5523
  },
  "spectral": {
    "centroid_mean": 2111.3,
    "centroid_std": 231.9,
    "flatness_mean": 0.027454
  },
  "energy": {
    "rms_mean": 0.266167,
    "rms_std": 0.063426
  },
  "rhythm": {
    "onset_density_mean": 3.74,
    "onset_density_std": 0.25
  },
  "stems": null,
  "created_at": "2026-03-26T01:41:27Z",
  "meta": {
    "processing_time_sec": 24.6,
    "tracks_profiled": 6,
    "tracks_attempted": 6
  }
}