{
  "artist": "Nicki Minaj",
  "track_count": 10,
  "centroid_vector": [
    0.05100527033209801,
    0.05112650617957115,
    0.04681779071688652,
    0.050213683396577835,
    0.05119458585977554,
    0.04871349409222603,
    0.05288626626133919,
    0.054556455463171005,
    0.05199691280722618,
    0.051556337624788284,
    0.04791475459933281,
    0.05499257519841194,
    0.04821006581187248,
    0.04584839567542076,
    0.05469980835914612,
    0.05061070993542671,
    0.047496940940618515,
    0.05026603490114212,
    0.04951901361346245,
    0.05224522575736046,
    0.052856672555208206,
    0.05452999100089073,
    0.059764523059129715,
    0.05256586894392967,
    0.048901017755270004,
    0.058346785604953766,
    0.053814083337783813,
    0.053782857954502106,
    0.05868224427103996,
    0.05128933861851692,
    0.059346504509449005,
    0.06236686930060387,
    0.05767357349395752,
    0.05827636271715164,
    0.05531659349799156,
    0.05845899507403374,
    0.059602558612823486,
    0.058284904807806015,
    0.05162641406059265,
    0.05652064085006714,
    0.052267540246248245,
    0.047660600394010544,
    0.0488101951777935,
    0.05563321337103844,
    0.05991425737738609,
    0.053482115268707275,
    0.050091780722141266,
    0.05220586061477661,
    0.048429738730192184,
    0.05211310461163521,
    0.0508001409471035,
    0.05104159191250801,
    4.8389997482299805,
    3.2026000022888184,
    1.245768427848816,
    0.23730520904064178,
    -6.558254241943359,
    4.6428985595703125,
    0.15178200602531433,
    0.9339407682418823,
    0.1547051966190338,
    0.3214331865310669,
    0.3058013916015625,
    0.17003339529037476,
    0.18414238095283508,
    0.3255882263183594,
    -0.1016237884759903,
    0.2635403871536255,
    -0.03646859526634216,
    0.2302727997303009,
    -0.04745159670710564,
    0.0929843932390213,
    -0.01587960124015808,
    0.0706217959523201,
    -0.01871519908308983,
    0.28067219257354736,
    0.9582146406173706,
    2.103599786758423,
    1.9160847663879395,
    0.0,
    0.0,
    0.0,
    0.0
  ],
  "spread_vector": [
    0.001771787996403873,
    0.001756091951392591,
    0.000963439408224076,
    0.0011177409905940294,
    0.0014942222042009234,
    0.0013140904484316707,
    0.002303481800481677,
    0.0016847224906086922,
    0.001257875352166593,
    0.0013136182678863406,
    0.0012727113207802176,
    0.002582643646746874,
    0.0013068210100755095,
    0.00134160032030195,
    0.002370606642216444,
    0.0013551757438108325,
    0.001955291023477912,
    0.0027081461157649755,
    0.0015120519092306495,
    0.002398272743448615,
    0.0018000880954787135,
    0.002141704550012946,
    0.002094560768455267,
    0.0017148612532764673,
    0.0020900615490972996,
    0.002007356146350503,
    0.0013581466628238559,
    0.0026385586243122816,
    0.0032764957286417484,
    0.0028293414507061243,
    0.002886420814320445,
    0.003970011603087187,
    0.0026469386648386717,
    0.002520466223359108,
    0.002674640389159322,
    0.0024966716300696135,
    0.002112351590767503,
    0.0036073976662009954,
    0.002125648781657219,
    0.002699111355468631,
    0.0027873606886714697,
    0.0025804133620113134,
    0.0023242183960974216,
    0.0016482766950502992,
    0.0018871010979637504,
    0.0030979725997895002,
    0.0020142225548624992,
    0.0023759573232382536,
    0.0017571598291397095,
    0.0017334476578980684,
    0.0027517543639987707,
    0.0014710902469232678,
    0.9829973578453064,
    0.5864892601966858,
    0.16061264276504517,
    0.09339044988155365,
    1.8585104942321777,
    0.8679845333099365,
    1.1305826902389526,
    0.28651803731918335,
    0.3342362642288208,
    0.1676580011844635,
    0.19993074238300323,
    0.26600873470306396,
    0.17876850068569183,
    0.06529170274734497,
    0.24620983004570007,
    0.11614541709423065,
    0.0979108214378357,
    0.1450474113225937,
    0.1343780755996704,
    0.14788438379764557,
    0.1199091374874115,
    0.1405481994152069,
    0.15724977850914001,
    0.18007425963878632,
    0.34717607498168945,
    0.41377556324005127,
    0.5193411111831665,
    0.0,
    0.0,
    0.0,
    0.0
  ],
  "vector_dim": 83,
  "tempo": {
    "bpm_mean": 136.8,
    "bpm_std": 19.7,
    "bpm_min": 99.4,
    "bpm_max": 172.3,
    "bpm_median": 132.6
  },
  "key": {
    "top_key": "D major",
    "distribution": {
      "D major": 0.2,
      "F# minor": 0.1,
      "C minor": 0.1,
      "C# major": 0.1,
      "E minor": 0.1,
      "G major": 0.1,
      "C# minor": 0.1,
      "D# minor": 0.1,
      "B major": 0.1
    }
  },
  "signature_tags": [
    {
      "tag": "lo-fi hip hop with warm textures",
      "avg_score": 0.6237,
      "frequency": 1.0
    },
    {
      "tag": "pluggnb melodic beat",
      "avg_score": 0.6075,
      "frequency": 1.0
    },
    {
      "tag": "hype and energetic mood",
      "avg_score": 0.6034,
      "frequency": 1.0
    },
    {
      "tag": "minimalist sparse production",
      "avg_score": 0.6016,
      "frequency": 1.0
    }
  ],
  "tag_averages": {
    "lo-fi hip hop with warm textures": 0.6237,
    "drill beat with sliding 808s": 0.5987,
    "hype and energetic mood": 0.6034,
    "pluggnb melodic beat": 0.6075,
    "rage beat with distorted synths": 0.59,
    "minimalist sparse production": 0.6016,
    "afrobeat rhythmic percussion": 0.5943,
    "trap beat with rolling hi-hats": 0.5933,
    "uplifting and triumphant feel": 0.5809,
    "R&B smooth instrumental": 0.5761,
    "mid-tempo groove": 0.5763,
    "triplet hi-hat flow": 0.5667,
    "soul sample with vinyl warmth": 0.5885,
    "synth pad atmosphere": 0.5638,
    "chill and relaxed vibes": 0.5468,
    "choir and vocal chops": 0.5719,
    "acoustic drum kit": 0.5519,
    "jersey club with fast kicks": 0.5594,
    "melodic and emotional feel": 0.5564,
    "synthesizer lead melody": 0.5789,
    "fast tempo beat": 0.5712,
    "layered and dense arrangement": 0.5576,
    "lo-fi dusty texture": 0.5691
  },
  "spectral": {
    "centroid_mean": 2491.5,
    "centroid_std": 321.2,
    "flatness_mean": 0.059326
  },
  "energy": {
    "rms_mean": 0.191643,
    "rms_std": 0.069435
  },
  "rhythm": {
    "onset_density_mean": 3.51,
    "onset_density_std": 0.69
  },
  "stems": null,
  "created_at": "2026-03-26T01:43:26Z",
  "meta": {
    "processing_time_sec": 46.4,
    "tracks_profiled": 10,
    "tracks_attempted": 10
  }
}