{
  "artist": "NLE Choppa",
  "track_count": 9,
  "centroid_vector": [
    0.05201234295964241,
    0.051931049674749374,
    0.047617848962545395,
    0.05047038942575455,
    0.05100436881184578,
    0.049644049257040024,
    0.05094685032963753,
    0.05343339964747429,
    0.05175617337226868,
    0.050418514758348465,
    0.04831415042281151,
    0.053080786019563675,
    0.0488160066306591,
    0.0458301343023777,
    0.053725577890872955,
    0.050793666392564774,
    0.04749053344130516,
    0.04931008443236351,
    0.05091587454080582,
    0.05160660296678543,
    0.051476169377565384,
    0.05313670635223389,
    0.05759603902697563,
    0.05157412216067314,
    0.04903287813067436,
    0.05647146329283714,
    0.05360912159085274,
    0.051627498120069504,
    0.05754672363400459,
    0.0512799434363842,
    0.058412324637174606,
    0.0634821429848671,
    0.056513529270887375,
    0.057505052536726,
    0.053537528961896896,
    0.05754515156149864,
    0.05750907212495804,
    0.057198550552129745,
    0.05184686928987503,
    0.05507180094718933,
    0.05116913467645645,
    0.047494467347860336,
    0.048843007534742355,
    0.055704135447740555,
    0.05990033969283104,
    0.0509713776409626,
    0.049059297889471054,
    0.05056455358862877,
    0.0480937622487545,
    0.052229102700948715,
    0.050948865711688995,
    0.0496152825653553,
    5.462778091430664,
    2.7078332901000977,
    1.1315816640853882,
    0.1610310971736908,
    -5.285227298736572,
    4.873554229736328,
    0.16678933799266815,
    1.0681499242782593,
    0.5949093103408813,
    0.23228797316551208,
    -0.015000667423009872,
    0.5330660343170166,
    -0.31476595997810364,
    0.45537400245666504,
    0.0019999979995191097,
    0.24400466680526733,
    0.21000200510025024,
    0.2458246648311615,
    0.12826400995254517,
    0.2800646424293518,
    -0.1930653154850006,
    0.21718266606330872,
    -0.07591132819652557,
    0.07237733155488968,
    1.6869850158691406,
    2.6466665267944336,
    1.8015779256820679,
    0.0,
    0.0,
    0.0,
    0.0
  ],
  "spread_vector": [
    0.0017575741512700915,
    0.0018208979163318872,
    0.0012270461302250624,
    0.002012266544625163,
    0.0016553954919800162,
    0.0010258336551487446,
    0.00209067203104496,
    0.0022866548970341682,
    0.0014693596167489886,
    0.0025061785709112883,
    0.0013412589905783534,
    0.0017954603536054492,
    0.000695696275215596,
    0.0019597462378442287,
    0.001353403669781983,
    0.0014082236448302865,
    0.0016485408414155245,
    0.001564471866004169,
    0.0015648420667275786,
    0.00227819150313735,
    0.0022412200924009085,
    0.0017261393368244171,
    0.0014247646322473884,
    0.0024433929938822985,
    0.001919848844408989,
    0.0018446374451741576,
    0.0017927391454577446,
    0.0011545125162228942,
    0.0022986591793596745,
    0.003221989842131734,
    0.001781271188519895,
    0.0022709015756845474,
    0.0018245087703689933,
    0.0019044997170567513,
    0.002364173298701644,
    0.0012175102019682527,
    0.001356293330900371,
    0.0023992916103452444,
    0.0017913952469825745,
    0.0011609209468588233,
    0.001599818468093872,
    0.0021197698079049587,
    0.002045063069090247,
    0.0016719996929168701,
    0.001016978989355266,
    0.0014443419640883803,
    0.0008903744746930897,
    0.0021434894297271967,
    0.0013701707357540727,
    0.0010272952495142817,
    0.002702242461964488,
    0.001546288258396089,
    0.8590274453163147,
    0.5409558415412903,
    0.11634381860494614,
    0.13177390396595,
    1.9295364618301392,
    0.6649875044822693,
    0.7839465141296387,
    0.32350730895996094,
    0.3106513023376465,
    0.2938300371170044,
    0.21064430475234985,
    0.23362889885902405,
    0.21904656291007996,
    0.2313157618045807,
    0.22666007280349731,
    0.1629353165626526,
    0.19905070960521698,
    0.14445176720619202,
    0.11620399355888367,
    0.10437551140785217,
    0.06093805283308029,
    0.0900060161948204,
    0.09371670335531235,
    0.10480870306491852,
    0.4097294807434082,
    0.2488444745540619,
    0.4027653932571411,
    0.0,
    0.0,
    0.0,
    0.0
  ],
  "vector_dim": 83,
  "tempo": {
    "bpm_mean": 149.3,
    "bpm_std": 17.2,
    "bpm_min": 123.0,
    "bpm_max": 172.3,
    "bpm_median": 161.5
  },
  "key": {
    "top_key": "D minor",
    "distribution": {
      "D minor": 0.222,
      "C minor": 0.222,
      "C major": 0.222,
      "D# minor": 0.111,
      "C# major": 0.111,
      "G# minor": 0.111
    }
  },
  "signature_tags": [
    {
      "tag": "lo-fi hip hop with warm textures",
      "avg_score": 0.6386,
      "frequency": 1.0
    },
    {
      "tag": "minimalist sparse production",
      "avg_score": 0.6039,
      "frequency": 1.0
    }
  ],
  "tag_averages": {
    "lo-fi hip hop with warm textures": 0.6386,
    "minimalist sparse production": 0.6039,
    "drill beat with sliding 808s": 0.5944,
    "R&B smooth instrumental": 0.5657,
    "pluggnb melodic beat": 0.5733,
    "afrobeat rhythmic percussion": 0.5785,
    "trap beat with rolling hi-hats": 0.5828,
    "soul sample with vinyl warmth": 0.567,
    "hype and energetic mood": 0.5683,
    "rage beat with distorted synths": 0.5801,
    "triplet hi-hat flow": 0.5604,
    "uplifting and triumphant feel": 0.5557,
    "mid-tempo groove": 0.5475,
    "chill and relaxed vibes": 0.5409,
    "acoustic drum kit": 0.54,
    "synth pad atmosphere": 0.5305,
    "jersey club with fast kicks": 0.5492,
    "mysterious and suspenseful mood": 0.5331,
    "808 bass with heavy sub frequencies": 0.5335,
    "boom bap with chopped samples": 0.5946,
    "choir and vocal chops": 0.5916,
    "punchy and compressed drums": 0.5752
  },
  "spectral": {
    "centroid_mean": 2263.2,
    "centroid_std": 232.7,
    "flatness_mean": 0.040258
  },
  "energy": {
    "rms_mean": 0.337397,
    "rms_std": 0.081946
  },
  "rhythm": {
    "onset_density_mean": 4.41,
    "onset_density_std": 0.41
  },
  "stems": null,
  "created_at": "2026-03-26T01:42:19Z",
  "meta": {
    "processing_time_sec": 34.5,
    "tracks_profiled": 9,
    "tracks_attempted": 9
  }
}