{
  "artist": "Offset",
  "track_count": 10,
  "centroid_vector": [
    0.053354568779468536,
    0.052312593907117844,
    0.04784980043768883,
    0.05079507827758789,
    0.05150657519698143,
    0.04988349601626396,
    0.05135870724916458,
    0.05487281084060669,
    0.05187315493822098,
    0.05160636454820633,
    0.04917430505156517,
    0.053395163267850876,
    0.049626778811216354,
    0.04684057459235191,
    0.054986488074064255,
    0.050396066159009933,
    0.048108335584402084,
    0.04954264685511589,
    0.05232946202158928,
    0.051608629524707794,
    0.05223747715353966,
    0.05496720224618912,
    0.0581236369907856,
    0.05307933688163757,
    0.05035899952054024,
    0.057672299444675446,
    0.05460000038146973,
    0.05270770192146301,
    0.05869222804903984,
    0.051615942269563675,
    0.059701621532440186,
    0.06571602076292038,
    0.0592920184135437,
    0.05805075913667679,
    0.053699370473623276,
    0.05798167735338211,
    0.05849577113986015,
    0.05922523885965347,
    0.05313726142048836,
    0.05584319308400154,
    0.051963843405246735,
    0.04801381751894951,
    0.0491783432662487,
    0.05678947642445564,
    0.06267932802438736,
    0.05135279893875122,
    0.049411121755838394,
    0.05119478330016136,
    0.049517903476953506,
    0.054121483117341995,
    0.05053035542368889,
    0.050228871405124664,
    4.2885003089904785,
    3.1870999336242676,
    1.0893980264663696,
    0.11050520092248917,
    -7.267732620239258,
    5.53285026550293,
    0.9490722417831421,
    0.9607919454574585,
    0.37414437532424927,
    0.4741751551628113,
    -0.09526140242815018,
    0.4637826383113861,
    -0.029926195740699768,
    0.3706247806549072,
    0.0906359851360321,
    0.36961257457733154,
    0.14873158931732178,
    0.32001179456710815,
    0.11511239409446716,
    0.3127487897872925,
    -0.026340002194046974,
    0.26272499561309814,
    0.07096199691295624,
    0.17106959223747253,
    1.323411464691162,
    2.3754000663757324,
    1.6761271953582764,
    0.0,
    0.0,
    0.0,
    0.0
  ],
  "spread_vector": [
    0.00412872526794672,
    0.0025115790776908398,
    0.001292413449846208,
    0.003518285695463419,
    0.0018785905558615923,
    0.001432868535630405,
    0.003528403118252754,
    0.004331701435148716,
    0.0018429886549711227,
    0.0027812316548079252,
    0.002037473488599062,
    0.002735591260716319,
    0.0014940107939764857,
    0.0030112711247056723,
    0.0022322104778140783,
    0.0014796379255130887,
    0.0031571038998663425,
    0.0016358422581106424,
    0.0042359428480267525,
    0.0018426753813400865,
    0.0030124762561172247,
    0.0035122805275022984,
    0.0032278820872306824,
    0.003918190952390432,
    0.003699725493788719,
    0.0026930540334433317,
    0.003530851798132062,
    0.001632613013498485,
    0.0032521456014364958,
    0.0023904654663056135,
    0.004258052445948124,
    0.005238161887973547,
    0.003987966105341911,
    0.0026367956306785345,
    0.0018148437375202775,
    0.003289745422080159,
    0.004944580141454935,
    0.004814136307686567,
    0.0042805857956409454,
    0.0027497902046889067,
    0.0027304671239107847,
    0.0035229676868766546,
    0.0028515325393527746,
    0.0035045649856328964,
    0.005462195258587599,
    0.002878273604437709,
    0.0028372721280902624,
    0.0031332664657384157,
    0.002732900669798255,
    0.004038860555738211,
    0.003084571799263358,
    0.0016545571852475405,
    0.9834734201431274,
    0.602756917476654,
    0.26332032680511475,
    0.06637117266654968,
    1.908808708190918,
    0.9722148180007935,
    0.497289776802063,
    0.5549253821372986,
    0.431892454624176,
    0.41471540927886963,
    0.36779502034187317,
    0.21568433940410614,
    0.28611594438552856,
    0.28734466433525085,
    0.31177040934562683,
    0.24027025699615479,
    0.26944655179977417,
    0.15327292680740356,
    0.18199904263019562,
    0.08681310713291168,
    0.13064713776111603,
    0.1911456137895584,
    0.1267234981060028,
    0.1282348930835724,
    0.29116398096084595,
    0.29713571071624756,
    0.35093846917152405,
    0.0,
    0.0,
    0.0,
    0.0
  ],
  "vector_dim": 83,
  "tempo": {
    "bpm_mean": 125.8,
    "bpm_std": 19.7,
    "bpm_min": 99.4,
    "bpm_max": 143.6,
    "bpm_median": 136.4
  },
  "key": {
    "top_key": "D# minor",
    "distribution": {
      "D# minor": 0.2,
      "C major": 0.2,
      "E minor": 0.1,
      "F minor": 0.1,
      "C minor": 0.1,
      "G# minor": 0.1,
      "D minor": 0.1,
      "G# major": 0.1
    }
  },
  "signature_tags": [
    {
      "tag": "lo-fi hip hop with warm textures",
      "avg_score": 0.6664,
      "frequency": 1.0
    },
    {
      "tag": "minimalist sparse production",
      "avg_score": 0.6295,
      "frequency": 0.9
    },
    {
      "tag": "soul sample with vinyl warmth",
      "avg_score": 0.6079,
      "frequency": 1.0
    }
  ],
  "tag_averages": {
    "lo-fi hip hop with warm textures": 0.6664,
    "minimalist sparse production": 0.6295,
    "drill beat with sliding 808s": 0.5995,
    "trap beat with rolling hi-hats": 0.5909,
    "R&B smooth instrumental": 0.5917,
    "soul sample with vinyl warmth": 0.6079,
    "triplet hi-hat flow": 0.5716,
    "afrobeat rhythmic percussion": 0.5878,
    "hype and energetic mood": 0.5873,
    "pluggnb melodic beat": 0.5916,
    "rage beat with distorted synths": 0.5848,
    "uplifting and triumphant feel": 0.5835,
    "mid-tempo groove": 0.5608,
    "chill and relaxed vibes": 0.5495,
    "mysterious and suspenseful mood": 0.5705,
    "808 bass with heavy sub frequencies": 0.5449,
    "jersey club with fast kicks": 0.5774,
    "choir and vocal chops": 0.5833,
    "acoustic drum kit": 0.5826,
    "synth pad atmosphere": 0.5803,
    "lo-fi dusty texture": 0.5731,
    "ethereal and dreamy atmosphere": 0.6183,
    "synthesizer lead melody": 0.618,
    "layered and dense arrangement": 0.6179,
    "finger snaps and claps": 0.6001,
    "boom bap with chopped samples": 0.5824
  },
  "spectral": {
    "centroid_mean": 2178.8,
    "centroid_std": 526.6,
    "flatness_mean": 0.027626
  },
  "energy": {
    "rms_mean": 0.264682,
    "rms_std": 0.058233
  },
  "rhythm": {
    "onset_density_mean": 3.96,
    "onset_density_std": 0.5
  },
  "stems": null,
  "created_at": "2026-03-26T01:44:39Z",
  "meta": {
    "processing_time_sec": 52.3,
    "tracks_profiled": 10,
    "tracks_attempted": 10
  }
}