{
  "artist": "Olivia Rodrigo",
  "track_count": 9,
  "centroid_vector": [
    0.049676623195409775,
    0.05156909301877022,
    0.0480816476047039,
    0.05521240457892418,
    0.05808541178703308,
    0.05106475576758385,
    0.0543888621032238,
    0.05780878663063049,
    0.05738888308405876,
    0.055204130709171295,
    0.05202796682715416,
    0.05904913693666458,
    0.04995620623230934,
    0.05041731521487236,
    0.05936555191874504,
    0.05238606408238411,
    0.05021503195166588,
    0.05120852217078209,
    0.053372979164123535,
    0.05260700732469559,
    0.058261897414922714,
    0.059114839881658554,
    0.062159206718206406,
    0.0578046552836895,
    0.05428032949566841,
    0.061883594840765,
    0.058874305337667465,
    0.055147308856248856,
    0.05888667702674866,
    0.04970387741923332,
    0.057745467871427536,
    0.062093883752822876,
    0.05987942963838577,
    0.05550675466656685,
    0.05436737462878227,
    0.05698440223932266,
    0.06045815348625183,
    0.06423252075910568,
    0.05370137840509415,
    0.05645553022623062,
    0.05272962525486946,
    0.049339886754751205,
    0.05008520558476448,
    0.05602267384529114,
    0.05939500406384468,
    0.05749405175447464,
    0.051191773265600204,
    0.05504699423909187,
    0.05239354446530342,
    0.05516965314745903,
    0.05218922719359398,
    0.05259175971150398,
    3.965555429458618,
    4.101444244384766,
    0.9556005001068115,
    0.09762177616357803,
    -8.051440238952637,
    6.45357084274292,
    0.13720066845417023,
    1.0514459609985352,
    0.17023468017578125,
    0.08304399996995926,
    0.2541179955005646,
    -0.136628657579422,
    -0.06869198381900787,
    0.19576598703861237,
    -0.3681393563747406,
    -0.01695466786623001,
    -0.23824065923690796,
    0.23471863567829132,
    -0.18501202762126923,
    0.12947867810726166,
    -0.1277773380279541,
    0.07642599940299988,
    -0.18012601137161255,
    0.010941335931420326,
    0.9069761633872986,
    1.4799997806549072,
    1.448986291885376,
    0.0,
    0.0,
    0.0,
    0.0
  ],
  "spread_vector": [
    0.001636108965612948,
    0.0014052515616640449,
    0.0009438985143788159,
    0.00237616547383368,
    0.0018815556541085243,
    0.001644871779717505,
    0.0025407972279936075,
    0.0031430234666913748,
    0.0023727344814687967,
    0.0024161275941878557,
    0.002179111819714308,
    0.0022121050860732794,
    0.0012744800187647343,
    0.0019475329900160432,
    0.0025917338207364082,
    0.0011594704119488597,
    0.0015892422525212169,
    0.0016546000260859728,
    0.003045863239094615,
    0.002621805528178811,
    0.0025339953135699034,
    0.002189097460359335,
    0.00262389681302011,
    0.0028888459783047438,
    0.0022347166668623686,
    0.002653371309861541,
    0.002606106223538518,
    0.002071252092719078,
    0.0029289748053997755,
    0.0018715379992499948,
    0.002753279870375991,
    0.0027000976260751486,
    0.002651843009516597,
    0.0031129082199186087,
    0.0016926362877711654,
    0.0021682872902601957,
    0.0028798177372664213,
    0.002603285713121295,
    0.0025736228562891483,
    0.0025726722087711096,
    0.0025263363495469093,
    0.0021653310395777225,
    0.0017289031529799104,
    0.0017037481302395463,
    0.003991307690739632,
    0.0025048700626939535,
    0.0020282769110053778,
    0.0016246609156951308,
    0.0019626112189143896,
    0.0021768533624708652,
    0.001849007443524897,
    0.0014472733018919826,
    1.612807035446167,
    0.4789276123046875,
    0.14068229496479034,
    0.04566220939159393,
    1.6152353286743164,
    0.8251585364341736,
    0.3578581213951111,
    0.3689461648464203,
    0.2845548987388611,
    0.2874462604522705,
    0.2912762463092804,
    0.27289533615112305,
    0.1817074567079544,
    0.14527559280395508,
    0.24950715899467468,
    0.11319246888160706,
    0.21597886085510254,
    0.09364322572946548,
    0.16852012276649475,
    0.1914566457271576,
    0.12095385789871216,
    0.14428609609603882,
    0.15135160088539124,
    0.07322505116462708,
    0.20292341709136963,
    0.26383328437805176,
    0.49824973940849304,
    0.0,
    0.0,
    0.0,
    0.0
  ],
  "vector_dim": 83,
  "tempo": {
    "bpm_mean": 119.3,
    "bpm_std": 32.3,
    "bpm_min": 83.4,
    "bpm_max": 172.3,
    "bpm_median": 99.4
  },
  "key": {
    "top_key": "A major",
    "distribution": {
      "A major": 0.222,
      "D# major": 0.222,
      "A# major": 0.111,
      "E major": 0.111,
      "C# major": 0.111,
      "F major": 0.111,
      "G# major": 0.111
    }
  },
  "signature_tags": [
    {
      "tag": "minimalist sparse production",
      "avg_score": 0.6425,
      "frequency": 0.56
    },
    {
      "tag": "hype and energetic mood",
      "avg_score": 0.6402,
      "frequency": 0.78
    },
    {
      "tag": "soul sample with vinyl warmth",
      "avg_score": 0.6374,
      "frequency": 1.0
    },
    {
      "tag": "uplifting and triumphant feel",
      "avg_score": 0.6326,
      "frequency": 1.0
    },
    {
      "tag": "melodic and emotional feel",
      "avg_score": 0.6309,
      "frequency": 0.56
    },
    {
      "tag": "R&B smooth instrumental",
      "avg_score": 0.627,
      "frequency": 0.56
    },
    {
      "tag": "synth pad atmosphere",
      "avg_score": 0.625,
      "frequency": 0.78
    },
    {
      "tag": "chill and relaxed vibes",
      "avg_score": 0.6214,
      "frequency": 0.56
    },
    {
      "tag": "lo-fi hip hop with warm textures",
      "avg_score": 0.6199,
      "frequency": 1.0
    },
    {
      "tag": "pluggnb melodic beat",
      "avg_score": 0.6197,
      "frequency": 1.0
    },
    {
      "tag": "ethereal and dreamy atmosphere",
      "avg_score": 0.6159,
      "frequency": 0.67
    },
    {
      "tag": "mysterious and suspenseful mood",
      "avg_score": 0.6154,
      "frequency": 0.67
    },
    {
      "tag": "rage beat with distorted synths",
      "avg_score": 0.6082,
      "frequency": 0.56
    },
    {
      "tag": "layered and dense arrangement",
      "avg_score": 0.6049,
      "frequency": 0.56
    }
  ],
  "tag_averages": {
    "bell sounds and chimes": 0.5877,
    "soul sample with vinyl warmth": 0.6374,
    "mysterious and suspenseful mood": 0.6154,
    "uplifting and triumphant feel": 0.6326,
    "piano melody": 0.5657,
    "dark and ominous mood": 0.5653,
    "synth pad atmosphere": 0.625,
    "lo-fi dusty texture": 0.6122,
    "layered and dense arrangement": 0.6049,
    "lo-fi hip hop with warm textures": 0.6199,
    "sound effects and risers": 0.5577,
    "pluggnb melodic beat": 0.6197,
    "ethereal and dreamy atmosphere": 0.6159,
    "vinyl crackle and texture": 0.5445,
    "plucked harp or kalimba": 0.5441,
    "hype and energetic mood": 0.6402,
    "minimalist sparse production": 0.6425,
    "melodic and emotional feel": 0.6309,
    "R&B smooth instrumental": 0.627,
    "chill and relaxed vibes": 0.6214,
    "drill beat with sliding 808s": 0.5986,
    "rage beat with distorted synths": 0.6082,
    "acoustic drum kit": 0.6048,
    "mid-tempo groove": 0.5883,
    "trap beat with rolling hi-hats": 0.6078,
    "acoustic guitar": 0.5859,
    "afrobeat rhythmic percussion": 0.5747,
    "electric guitar with distortion": 0.5504,
    "playful and bouncy energy": 0.5486,
    "orchestral strings": 0.6018,
    "choir and vocal chops": 0.6305,
    "triplet hi-hat flow": 0.6596,
    "flute melody": 0.6523,
    "fast tempo beat": 0.6145,
    "jersey club with fast kicks": 0.5519,
    "finger snaps and claps": 0.5461
  },
  "spectral": {
    "centroid_mean": 1911.2,
    "centroid_std": 281.4,
    "flatness_mean": 0.024405
  },
  "energy": {
    "rms_mean": 0.181395,
    "rms_std": 0.040585
  },
  "rhythm": {
    "onset_density_mean": 2.47,
    "onset_density_std": 0.44
  },
  "stems": null,
  "created_at": "2026-03-26T01:45:38Z",
  "meta": {
    "processing_time_sec": 38.5,
    "tracks_profiled": 9,
    "tracks_attempted": 9
  }
}