{
  "artist": "Ozuna",
  "track_count": 8,
  "centroid_vector": [
    0.052983690053224564,
    0.0500694178044796,
    0.04681646451354027,
    0.05381323769688606,
    0.05452604219317436,
    0.048110898584127426,
    0.05437714606523514,
    0.057851310819387436,
    0.054811395704746246,
    0.05476827174425125,
    0.05091312155127525,
    0.0553601048886776,
    0.04913828894495964,
    0.05033859610557556,
    0.056415874511003494,
    0.04958459362387657,
    0.04974305257201195,
    0.051619481295347214,
    0.05395524576306343,
    0.05215618759393692,
    0.05590968206524849,
    0.056907832622528076,
    0.0611867792904377,
    0.056484710425138474,
    0.0520368330180645,
    0.060759562999010086,
    0.05756998062133789,
    0.05426151305437088,
    0.057762470096349716,
    0.05104422569274902,
    0.059809572994709015,
    0.06203814968466759,
    0.05863524600863457,
    0.05975803732872009,
    0.054250072687864304,
    0.05711514502763748,
    0.06081698462367058,
    0.060211580246686935,
    0.054258979856967926,
    0.05766775831580162,
    0.0530710406601429,
    0.049052637070417404,
    0.04871230944991112,
    0.05541607737541199,
    0.06083455681800842,
    0.05675118789076805,
    0.05096757039427757,
    0.0534665547311306,
    0.05071648582816124,
    0.0543520450592041,
    0.05111279711127281,
    0.05237128958106041,
    5.457499980926514,
    3.2218124866485596,
    1.1213630437850952,
    0.10592249780893326,
    -5.549554347991943,
    5.375022888183594,
    0.2606250047683716,
    1.0842974185943604,
    0.23358750343322754,
    0.27107852697372437,
    0.03349199891090393,
    0.33790123462677,
    -0.0290677510201931,
    0.35584497451782227,
    0.07643774896860123,
    0.1988932490348816,
    -0.0005812507588416338,
    0.16657352447509766,
    -0.1636507511138916,
    0.006776247639209032,
    -0.20392651855945587,
    -0.001546497456729412,
    -0.15069074928760529,
    0.19207051396369934,
    1.2121543884277344,
    2.228250026702881,
    2.1799376010894775,
    0.0,
    0.0,
    0.0,
    0.0
  ],
  "spread_vector": [
    0.0031323060393333435,
    0.0026987658347934484,
    0.001845097984187305,
    0.005645120982080698,
    0.0036135748960077763,
    0.002254097256809473,
    0.003092312952503562,
    0.005627068225294352,
    0.004884533118456602,
    0.0032724880147725344,
    0.005685294512659311,
    0.0033049124758690596,
    0.002386992797255516,
    0.004931270610541105,
    0.0035208126064389944,
    0.001667166710831225,
    0.005256922449916601,
    0.006075776647776365,
    0.007277520839124918,
    0.0033708412665873766,
    0.00530327158048749,
    0.0035996397491544485,
    0.003526721615344286,
    0.006413784809410572,
    0.005393433850258589,
    0.004886286333203316,
    0.006528730969876051,
    0.003149463329464197,
    0.003983102273195982,
    0.0036727089900523424,
    0.0029697928112000227,
    0.0037163475062698126,
    0.0032743008341640234,
    0.004518265835940838,
    0.0031512603163719177,
    0.0028748733457177877,
    0.0033508327323943377,
    0.004388600122183561,
    0.003386229043826461,
    0.0023899981752038,
    0.0022277485113590956,
    0.003753198077902198,
    0.001837868127040565,
    0.003535126568749547,
    0.002825671574100852,
    0.006580938585102558,
    0.00296672317199409,
    0.003322840901091695,
    0.004975185263901949,
    0.0044122966937720776,
    0.0032540541142225266,
    0.004314022604376078,
    1.1472820043563843,
    0.8039498925209045,
    0.05996489152312279,
    0.04068514704704285,
    0.9760981798171997,
    0.6006698608398438,
    0.6496854424476624,
    0.29431718587875366,
    0.29704612493515015,
    0.18150684237480164,
    0.09531654417514801,
    0.31755638122558594,
    0.15926745533943176,
    0.18238911032676697,
    0.16252823173999786,
    0.14809514582157135,
    0.14779594540596008,
    0.09962348639965057,
    0.09282156080007553,
    0.10393038392066956,
    0.09841574728488922,
    0.11131416261196136,
    0.12450776249170303,
    0.1962307095527649,
    0.22230350971221924,
    0.31986159086227417,
    1.0564149618148804,
    0.0,
    0.0,
    0.0,
    0.0
  ],
  "vector_dim": 83,
  "tempo": {
    "bpm_mean": 149.2,
    "bpm_std": 22.9,
    "bpm_min": 117.5,
    "bpm_max": 184.6,
    "bpm_median": 152.6
  },
  "key": {
    "top_key": "D minor",
    "distribution": {
      "D minor": 0.25,
      "C# minor": 0.125,
      "D# major": 0.125,
      "C# major": 0.125,
      "F minor": 0.125,
      "C minor": 0.125,
      "D major": 0.125
    }
  },
  "signature_tags": [
    {
      "tag": "afrobeat rhythmic percussion",
      "avg_score": 0.6401,
      "frequency": 1.0
    },
    {
      "tag": "lo-fi hip hop with warm textures",
      "avg_score": 0.6244,
      "frequency": 1.0
    },
    {
      "tag": "drill beat with sliding 808s",
      "avg_score": 0.6099,
      "frequency": 1.0
    },
    {
      "tag": "minimalist sparse production",
      "avg_score": 0.6085,
      "frequency": 1.0
    },
    {
      "tag": "pluggnb melodic beat",
      "avg_score": 0.604,
      "frequency": 1.0
    }
  ],
  "tag_averages": {
    "afrobeat rhythmic percussion": 0.6401,
    "lo-fi hip hop with warm textures": 0.6244,
    "minimalist sparse production": 0.6085,
    "drill beat with sliding 808s": 0.6099,
    "pluggnb melodic beat": 0.604,
    "trap beat with rolling hi-hats": 0.5967,
    "hype and energetic mood": 0.5941,
    "mid-tempo groove": 0.586,
    "uplifting and triumphant feel": 0.5742,
    "rage beat with distorted synths": 0.5672,
    "soul sample with vinyl warmth": 0.5761,
    "R&B smooth instrumental": 0.5869,
    "triplet hi-hat flow": 0.5522,
    "jersey club with fast kicks": 0.5518,
    "fast tempo beat": 0.5561,
    "choir and vocal chops": 0.5776,
    "flute melody": 0.5757,
    "acoustic drum kit": 0.5644,
    "synthesizer lead melody": 0.5705,
    "synth pad atmosphere": 0.5596,
    "808 bass with heavy sub frequencies": 0.5139,
    "chill and relaxed vibes": 0.5395
  },
  "spectral": {
    "centroid_mean": 2242.7,
    "centroid_std": 119.9,
    "flatness_mean": 0.026481
  },
  "energy": {
    "rms_mean": 0.242431,
    "rms_std": 0.044461
  },
  "rhythm": {
    "onset_density_mean": 3.71,
    "onset_density_std": 0.53
  },
  "stems": null,
  "created_at": "2026-03-26T01:46:38Z",
  "meta": {
    "processing_time_sec": 42.5,
    "tracks_profiled": 8,
    "tracks_attempted": 8
  }
}