{
  "artist": "Peso Pluma",
  "track_count": 9,
  "centroid_vector": [
    0.049003150314092636,
    0.04799560829997063,
    0.045826684683561325,
    0.05164749547839165,
    0.05669548735022545,
    0.04817129299044609,
    0.05131037160754204,
    0.0515112467110157,
    0.05222642421722412,
    0.05321836471557617,
    0.050201285630464554,
    0.05486961826682091,
    0.04965298995375633,
    0.05134435370564461,
    0.05799580365419388,
    0.04903043434023857,
    0.04714728519320488,
    0.04722222313284874,
    0.04810778424143791,
    0.04851615056395531,
    0.05278930068016052,
    0.055851276963949203,
    0.0573270209133625,
    0.051574330776929855,
    0.04856659099459648,
    0.05727455019950867,
    0.05292629823088646,
    0.0526990070939064,
    0.057132869958877563,
    0.04857051745057106,
    0.05581417307257652,
    0.05782541632652283,
    0.05747860670089722,
    0.05969363451004028,
    0.05150656774640083,
    0.05323955416679382,
    0.05714286118745804,
    0.0568564310669899,
    0.05216824635863304,
    0.056659895926713943,
    0.051368068903684616,
    0.046747442334890366,
    0.04771435633301735,
    0.0523853562772274,
    0.05750655010342598,
    0.054169297218322754,
    0.048364248126745224,
    0.05295386537909508,
    0.04728766158223152,
    0.05058534815907478,
    0.048352163285017014,
    0.048681069165468216,
    4.227777481079102,
    3.281277656555176,
    1.033823847770691,
    0.07815155386924744,
    -5.359493255615234,
    5.7886962890625,
    0.8802693486213684,
    1.0454926490783691,
    0.4941459894180298,
    0.4029046893119812,
    0.24185532331466675,
    0.3801959753036499,
    0.08147001266479492,
    0.3439140021800995,
    -0.04172133281826973,
    0.041711997240781784,
    -0.023353999480605125,
    0.1598566770553589,
    -0.14797133207321167,
    0.08295265585184097,
    -0.029759997501969337,
    0.28012868762016296,
    -0.11872666329145432,
    0.09740465879440308,
    1.215071678161621,
    2.2113335132598877,
    1.4889922142028809,
    0.0,
    0.0,
    0.0,
    0.0
  ],
  "spread_vector": [
    0.0027252582367509604,
    0.0019003978231921792,
    0.0015221770154312253,
    0.0015989895910024643,
    0.0034085463266819715,
    0.0018360201502218843,
    0.0027824414428323507,
    0.002044965047389269,
    0.0017141823191195726,
    0.0016872022533789277,
    0.0020688362419605255,
    0.003206773428246379,
    0.004290600307285786,
    0.0019837755244225264,
    0.0025269866455346346,
    0.0028485155198723078,
    0.00219183717854321,
    0.0015810200711712241,
    0.0020317176822572947,
    0.0025818857830017805,
    0.0023546312004327774,
    0.0022799582220613956,
    0.0027973658870905638,
    0.002532180165871978,
    0.003071896033361554,
    0.002079626079648733,
    0.001979541266337037,
    0.0014124576700851321,
    0.003491863375529647,
    0.0026394107844680548,
    0.004449513740837574,
    0.0033630356192588806,
    0.0023832442238926888,
    0.004472827073186636,
    0.0031126660760492086,
    0.0038212165236473083,
    0.00393693195655942,
    0.0034710231702774763,
    0.002995925722643733,
    0.002870360156521201,
    0.0030934165697544813,
    0.002796916523948312,
    0.002580075291916728,
    0.0026041993405669928,
    0.0024120116140693426,
    0.002743346383795142,
    0.002073870971798897,
    0.0019166067941114306,
    0.002188130049034953,
    0.0019863389898091555,
    0.003136979416012764,
    0.002013659570366144,
    1.8484183549880981,
    0.5270452499389648,
    0.05459832772612572,
    0.03346377983689308,
    1.8473868370056152,
    0.44424867630004883,
    0.6790884733200073,
    0.3702014982700348,
    0.23148220777511597,
    0.24742019176483154,
    0.21848322451114655,
    0.2860625684261322,
    0.22491386532783508,
    0.13269028067588806,
    0.20501478016376495,
    0.12797953188419342,
    0.1445341259241104,
    0.07753079384565353,
    0.10993260145187378,
    0.11683806777000427,
    0.18430887162685394,
    0.12188143283128738,
    0.08198481798171997,
    0.16404664516448975,
    0.23298487067222595,
    0.3929998576641083,
    0.4588734805583954,
    0.0,
    0.0,
    0.0,
    0.0
  ],
  "vector_dim": 83,
  "tempo": {
    "bpm_mean": 124.6,
    "bpm_std": 37.0,
    "bpm_min": 89.1,
    "bpm_max": 184.6,
    "bpm_median": 99.4
  },
  "key": {
    "top_key": "D# major",
    "distribution": {
      "D# major": 0.222,
      "G# major": 0.222,
      "E minor": 0.111,
      "C# minor": 0.111,
      "G minor": 0.111,
      "C minor": 0.111,
      "A minor": 0.111
    }
  },
  "signature_tags": [
    {
      "tag": "afrobeat rhythmic percussion",
      "avg_score": 0.6003,
      "frequency": 1.0
    }
  ],
  "tag_averages": {
    "lo-fi hip hop with warm textures": 0.5857,
    "minimalist sparse production": 0.5947,
    "pluggnb melodic beat": 0.5861,
    "soul sample with vinyl warmth": 0.5724,
    "drill beat with sliding 808s": 0.5691,
    "R&B smooth instrumental": 0.5729,
    "afrobeat rhythmic percussion": 0.6003,
    "hype and energetic mood": 0.5755,
    "trap beat with rolling hi-hats": 0.5874,
    "rage beat with distorted synths": 0.5874,
    "uplifting and triumphant feel": 0.5791,
    "mid-tempo groove": 0.5751,
    "acoustic drum kit": 0.5778,
    "chill and relaxed vibes": 0.5607,
    "choir and vocal chops": 0.5716,
    "jersey club with fast kicks": 0.5498,
    "fast tempo beat": 0.5457,
    "mysterious and suspenseful mood": 0.5795,
    "orchestral strings": 0.5555,
    "brass horns": 0.5752,
    "acoustic guitar": 0.5825,
    "layered and dense arrangement": 0.5478,
    "clean and polished mix": 0.5456,
    "plucked harp or kalimba": 0.5365,
    "flute melody": 0.5507,
    "synth pad atmosphere": 0.5457,
    "slow tempo beat": 0.5738
  },
  "spectral": {
    "centroid_mean": 2067.6,
    "centroid_std": 109.2,
    "flatness_mean": 0.019538
  },
  "energy": {
    "rms_mean": 0.243014,
    "rms_std": 0.046597
  },
  "rhythm": {
    "onset_density_mean": 3.69,
    "onset_density_std": 0.65
  },
  "stems": null,
  "created_at": "2026-03-26T01:47:34Z",
  "meta": {
    "processing_time_sec": 37.3,
    "tracks_profiled": 9,
    "tracks_attempted": 9
  }
}