{
  "artist": "Playboi Carti",
  "track_count": 20,
  "centroid_vector": [
    0.05203735828399658,
    0.0520290844142437,
    0.04768938943743706,
    0.050380904227495193,
    0.050822820514440536,
    0.048949580639600754,
    0.0512852668762207,
    0.05446819216012955,
    0.05199185013771057,
    0.051098503172397614,
    0.04871172830462456,
    0.054911594837903976,
    0.049373846501111984,
    0.04546664282679558,
    0.05431126430630684,
    0.05106499418616295,
    0.0484229139983654,
    0.05042203143239021,
    0.05118634179234505,
    0.052393555641174316,
    0.05257691815495491,
    0.05422184616327286,
    0.0590369813144207,
    0.05300459265708923,
    0.04992622509598732,
    0.057564105838537216,
    0.05456031486392021,
    0.05259261280298233,
    0.05869007110595703,
    0.05181143432855606,
    0.059016674757003784,
    0.06457125395536423,
    0.058076441287994385,
    0.05715452507138252,
    0.054719310253858566,
    0.05779184773564339,
    0.05839025601744652,
    0.05973295494914055,
    0.05207345634698868,
    0.05542639642953873,
    0.05160331353545189,
    0.04816543683409691,
    0.048696037381887436,
    0.05637947842478752,
    0.05957766994833946,
    0.052686985582113266,
    0.05022336170077324,
    0.05170188099145889,
    0.04924992844462395,
    0.053207457065582275,
    0.05095277354121208,
    0.050736017525196075,
    4.678250312805176,
    3.1140496730804443,
    1.2966821193695068,
    0.12599380314350128,
    -4.195347785949707,
    4.721924781799316,
    0.6375104188919067,
    0.8765435814857483,
    -0.10946821421384811,
    0.4653569161891937,
    -0.23071052134037018,
    0.383087158203125,
    -0.229820117354393,
    0.43945765495300293,
    0.0026409062556922436,
    0.2801637053489685,
    -0.009080702438950539,
    0.24482008814811707,
    -0.01057320088148117,
    0.17378520965576172,
    -0.06262800097465515,
    0.1438521146774292,
    -0.09749701619148254,
    0.18765631318092346,
    1.3915038108825684,
    2.326500415802002,
    2.002856731414795,
    0.0,
    0.0,
    0.0,
    0.0
  ],
  "spread_vector": [
    0.0021391233894973993,
    0.0022947522811591625,
    0.0021571312099695206,
    0.0023151065688580275,
    0.0022411078680306673,
    0.0015379403484985232,
    0.002551783574745059,
    0.0022849810775369406,
    0.0022392626851797104,
    0.0018096494022756815,
    0.002027311362326145,
    0.0035707440692931414,
    0.0017830448923632503,
    0.0018072547391057014,
    0.0023737121373414993,
    0.0023030980955809355,
    0.0028122400399297476,
    0.0018390826880931854,
    0.002246398711577058,
    0.0024624501820653677,
    0.0025619210209697485,
    0.0025821365416049957,
    0.0028305763844400644,
    0.002520348411053419,
    0.002435026690363884,
    0.0023455042392015457,
    0.002295552520081401,
    0.001266848063096404,
    0.002981332829222083,
    0.002620776416733861,
    0.0030856055673211813,
    0.0036464629229158163,
    0.0029206329490989447,
    0.002635016804561019,
    0.0026971015613526106,
    0.002824688097462058,
    0.0030961816664785147,
    0.003875583875924349,
    0.0027439568657428026,
    0.0024200398474931717,
    0.002296338090673089,
    0.0027530889492481947,
    0.0028291356284171343,
    0.0021403038408607244,
    0.003106486750766635,
    0.003251000540331006,
    0.0014984201407060027,
    0.003064861288294196,
    0.0027915288228541613,
    0.00236820662394166,
    0.0031762756407260895,
    0.002209814265370369,
    1.174334168434143,
    0.5472042560577393,
    0.16580912470817566,
    0.06004827097058296,
    2.697504997253418,
    0.8548063039779663,
    0.822439432144165,
    0.4360079765319824,
    0.4022895097732544,
    0.36472541093826294,
    0.29122042655944824,
    0.2873913049697876,
    0.29438555240631104,
    0.27987608313560486,
    0.29595181345939636,
    0.169312983751297,
    0.18106184899806976,
    0.21599796414375305,
    0.20187604427337646,
    0.168854758143425,
    0.16090993583202362,
    0.19781726598739624,
    0.174501433968544,
    0.1592080295085907,
    0.30586546659469604,
    0.4735816419124603,
    0.3391226530075073,
    0.0,
    0.0,
    0.0,
    0.0
  ],
  "vector_dim": 83,
  "tempo": {
    "bpm_mean": 133.6,
    "bpm_std": 23.5,
    "bpm_min": 73.8,
    "bpm_max": 161.5,
    "bpm_median": 143.6
  },
  "key": {
    "top_key": "F minor",
    "distribution": {
      "F minor": 0.2,
      "E minor": 0.15,
      "D major": 0.15,
      "D# minor": 0.1,
      "G major": 0.1,
      "D minor": 0.1,
      "C minor": 0.05,
      "E major": 0.05,
      "C# minor": 0.05,
      "D# major": 0.05
    }
  },
  "signature_tags": [
    {
      "tag": "lo-fi hip hop with warm textures",
      "avg_score": 0.6369,
      "frequency": 1.0
    }
  ],
  "tag_averages": {
    "lo-fi hip hop with warm textures": 0.6369,
    "soul sample with vinyl warmth": 0.5889,
    "rage beat with distorted synths": 0.5734,
    "choir and vocal chops": 0.5708,
    "jersey club with fast kicks": 0.5631,
    "layered and dense arrangement": 0.5386,
    "trap beat with rolling hi-hats": 0.5834,
    "afrobeat rhythmic percussion": 0.5773,
    "minimalist sparse production": 0.5966,
    "R&B smooth instrumental": 0.5801,
    "hype and energetic mood": 0.5828,
    "drill beat with sliding 808s": 0.5884,
    "mid-tempo groove": 0.5553,
    "aggressive and hard-hitting energy": 0.5628,
    "boom bap with chopped samples": 0.5519,
    "uplifting and triumphant feel": 0.5699,
    "pluggnb melodic beat": 0.5827,
    "triplet hi-hat flow": 0.5647,
    "synth pad atmosphere": 0.5491,
    "chill and relaxed vibes": 0.5462,
    "melodic and emotional feel": 0.5551,
    "mysterious and suspenseful mood": 0.5453,
    "acoustic drum kit": 0.5432,
    "synthesizer lead melody": 0.5543,
    "808 bass with heavy sub frequencies": 0.5249,
    "clean and polished mix": 0.5768,
    "lo-fi dusty texture": 0.531,
    "ethereal and dreamy atmosphere": 0.5237,
    "dark and ominous mood": 0.5205,
    "heavy reverb and spacious": 0.5166,
    "playful and bouncy energy": 0.5125,
    "distorted and saturated sound": 0.5054
  },
  "spectral": {
    "centroid_mean": 2593.4,
    "centroid_std": 331.6,
    "flatness_mean": 0.031498
  },
  "energy": {
    "rms_mean": 0.278301,
    "rms_std": 0.061173
  },
  "rhythm": {
    "onset_density_mean": 3.88,
    "onset_density_std": 0.79
  },
  "stems": null,
  "created_at": "2026-03-25T23:58:48Z",
  "meta": {
    "processing_time_sec": 81.2,
    "tracks_profiled": 20,
    "tracks_attempted": 20
  }
}