{
  "artist": "Polo G",
  "track_count": 9,
  "centroid_vector": [
    0.05328140780329704,
    0.052090175449848175,
    0.04772384092211723,
    0.050228435546159744,
    0.051284849643707275,
    0.05032423883676529,
    0.050842203199863434,
    0.053620364516973495,
    0.050685711205005646,
    0.050541527569293976,
    0.04824380204081535,
    0.053287725895643234,
    0.048882853239774704,
    0.04590848460793495,
    0.05405810475349426,
    0.05109916999936104,
    0.04826393350958824,
    0.049454960972070694,
    0.051233936101198196,
    0.05154523253440857,
    0.05185411125421524,
    0.054256994277238846,
    0.057549890130758286,
    0.052137818187475204,
    0.05014849826693535,
    0.05584511160850525,
    0.05368204042315483,
    0.0515737310051918,
    0.05803300067782402,
    0.05225700885057449,
    0.05922340229153633,
    0.064809150993824,
    0.058029334992170334,
    0.057575028389692307,
    0.05359404906630516,
    0.05742310360074043,
    0.05780231952667236,
    0.05863635614514351,
    0.05219484120607376,
    0.05462409183382988,
    0.05112391337752342,
    0.047799985855817795,
    0.04938974604010582,
    0.056421637535095215,
    0.061027538031339645,
    0.05064529925584793,
    0.049613770097494125,
    0.05078357458114624,
    0.04878350719809532,
    0.05317246913909912,
    0.05114596709609032,
    0.050528038293123245,
    3.8566665649414062,
    3.517833709716797,
    1.1283354759216309,
    0.11319511383771896,
    -7.240387916564941,
    5.394595146179199,
    0.9992353916168213,
    0.8290160894393921,
    0.4913473427295685,
    0.24322199821472168,
    -0.12412466108798981,
    0.5052553415298462,
    -0.3146040141582489,
    0.3679480254650116,
    0.03745933622121811,
    0.2934393286705017,
    0.1349826604127884,
    0.1487373262643814,
    0.05518666282296181,
    0.27113601565361023,
    -0.18365198373794556,
    0.1455399990081787,
    0.03933599591255188,
    0.12653864920139313,
    1.1777427196502686,
    2.6440000534057617,
    1.6883206367492676,
    0.0,
    0.0,
    0.0,
    0.0
  ],
  "spread_vector": [
    0.0008608839707449079,
    0.001803868100978434,
    0.0012820427073165774,
    0.0009430419886484742,
    0.0021315354388207197,
    0.00188675697427243,
    0.0020094483625143766,
    0.0020260789897292852,
    0.0009742476977407932,
    0.0010496008908376098,
    0.0010903185466304421,
    0.002977177267894149,
    0.0009390423074364662,
    0.0021247880067676306,
    0.0016747529152780771,
    0.001866442384198308,
    0.0026022561360150576,
    0.0015304324915632606,
    0.0010925637325271964,
    0.0022993406746536493,
    0.0016533260932192206,
    0.001862232806161046,
    0.0010272572981193662,
    0.001667013973928988,
    0.0013217752566561103,
    0.0019523371011018753,
    0.0011017482029274106,
    0.0007820691098459065,
    0.0019075850723311305,
    0.0031093384604901075,
    0.0019085053354501724,
    0.0023548926692456007,
    0.002134105423465371,
    0.0016319204587489367,
    0.002254009945318103,
    0.0017085726140066981,
    0.001485025160945952,
    0.003189181676134467,
    0.0015913135139271617,
    0.0013978752540424466,
    0.0012493093963712454,
    0.0026664629112929106,
    0.002033327706158161,
    0.0013609927846118808,
    0.0019898999016731977,
    0.0029028223361819983,
    0.001129876938648522,
    0.002626037457957864,
    0.0022420184686779976,
    0.0014732502168044448,
    0.003067746525630355,
    0.0017719820607453585,
    1.6010326147079468,
    0.6226150989532471,
    0.11747759580612183,
    0.06153949350118637,
    1.520464539527893,
    0.42205479741096497,
    0.6356157660484314,
    0.49115729331970215,
    0.4544741213321686,
    0.22355297207832336,
    0.40098267793655396,
    0.2350369095802307,
    0.1508287787437439,
    0.3660452365875244,
    0.2558913826942444,
    0.24051377177238464,
    0.21097822487354279,
    0.25558018684387207,
    0.20951810479164124,
    0.20067496597766876,
    0.15463104844093323,
    0.19332769513130188,
    0.20200830698013306,
    0.13673202693462372,
    0.2829395830631256,
    0.26779094338417053,
    0.681019127368927,
    0.0,
    0.0,
    0.0,
    0.0
  ],
  "vector_dim": 83,
  "tempo": {
    "bpm_mean": 117.1,
    "bpm_std": 32.0,
    "bpm_min": 76.0,
    "bpm_max": 161.5,
    "bpm_median": 117.5
  },
  "key": {
    "top_key": "F# minor",
    "distribution": {
      "F# minor": 0.111,
      "G# major": 0.111,
      "A# minor": 0.111,
      "D minor": 0.111,
      "D# minor": 0.111,
      "B minor": 0.111,
      "C# minor": 0.111,
      "F major": 0.111,
      "F# major": 0.111
    }
  },
  "signature_tags": [
    {
      "tag": "lo-fi hip hop with warm textures",
      "avg_score": 0.653,
      "frequency": 1.0
    },
    {
      "tag": "minimalist sparse production",
      "avg_score": 0.6073,
      "frequency": 1.0
    }
  ],
  "tag_averages": {
    "lo-fi hip hop with warm textures": 0.653,
    "minimalist sparse production": 0.6073,
    "drill beat with sliding 808s": 0.5887,
    "soul sample with vinyl warmth": 0.5898,
    "pluggnb melodic beat": 0.5781,
    "hype and energetic mood": 0.5816,
    "rage beat with distorted synths": 0.5759,
    "trap beat with rolling hi-hats": 0.5849,
    "uplifting and triumphant feel": 0.5678,
    "R&B smooth instrumental": 0.5807,
    "afrobeat rhythmic percussion": 0.5774,
    "triplet hi-hat flow": 0.5662,
    "synth pad atmosphere": 0.55,
    "mysterious and suspenseful mood": 0.5454,
    "acoustic drum kit": 0.5574,
    "chill and relaxed vibes": 0.549,
    "choir and vocal chops": 0.5719,
    "jersey club with fast kicks": 0.5466,
    "boom bap with chopped samples": 0.5495,
    "808 bass with heavy sub frequencies": 0.5384,
    "mid-tempo groove": 0.5457
  },
  "spectral": {
    "centroid_mean": 2256.7,
    "centroid_std": 235.0,
    "flatness_mean": 0.028299
  },
  "energy": {
    "rms_mean": 0.235549,
    "rms_std": 0.056588
  },
  "rhythm": {
    "onset_density_mean": 4.41,
    "onset_density_std": 0.45
  },
  "stems": null,
  "created_at": "2026-03-26T01:48:27Z",
  "meta": {
    "processing_time_sec": 35.3,
    "tracks_profiled": 9,
    "tracks_attempted": 9
  }
}