{
  "artist": "Pooh Shiesty",
  "track_count": 9,
  "centroid_vector": [
    0.053850091993808746,
    0.05460694059729576,
    0.048826705664396286,
    0.0525084026157856,
    0.05212480574846268,
    0.05035162717103958,
    0.052666690200567245,
    0.0548863410949707,
    0.05216846987605095,
    0.052410345524549484,
    0.04862062260508537,
    0.05441758781671524,
    0.05020197853446007,
    0.04651058092713356,
    0.055720072239637375,
    0.051162876188755035,
    0.049342114478349686,
    0.04961821809411049,
    0.051863379776477814,
    0.05259515717625618,
    0.05332968384027481,
    0.05525540933012962,
    0.05978412181138992,
    0.052975159138441086,
    0.05085449293255806,
    0.0576007179915905,
    0.0552983283996582,
    0.052720218896865845,
    0.06067094951868057,
    0.05336461588740349,
    0.060984283685684204,
    0.06744780391454697,
    0.06019767001271248,
    0.0596744678914547,
    0.05514385178685188,
    0.05914449319243431,
    0.06036076694726944,
    0.06124342232942581,
    0.05488920211791992,
    0.057757485657930374,
    0.053688108921051025,
    0.05048198625445366,
    0.05126683786511421,
    0.05914633348584175,
    0.06332810968160629,
    0.05205864831805229,
    0.050613123923540115,
    0.05255940183997154,
    0.04983345791697502,
    0.0549149289727211,
    0.05266491696238518,
    0.05116402730345726,
    4.510555267333984,
    3.133111000061035,
    1.1962556838989258,
    0.15999244153499603,
    -7.1367950439453125,
    4.576035022735596,
    1.3052067756652832,
    1.1880079507827759,
    0.44002068042755127,
    0.714866042137146,
    0.059431999921798706,
    0.5785233378410339,
    -0.20626200735569,
    0.5381313562393188,
    0.12076934427022934,
    0.3659306466579437,
    0.14002199470996857,
    0.29175934195518494,
    0.16892467439174652,
    0.40801864862442017,
    -0.07845200598239899,
    0.3644946813583374,
    -0.016054000705480576,
    0.14926600456237793,
    1.421159029006958,
    2.5380001068115234,
    1.5766968727111816,
    0.0,
    0.0,
    0.0,
    0.0
  ],
  "spread_vector": [
    0.001219668542034924,
    0.0019822416361421347,
    0.0011502845445647836,
    0.004844556096941233,
    0.002471947344020009,
    0.0013606947613880038,
    0.005492159631103277,
    0.0020666217897087336,
    0.0025816785637289286,
    0.004120375495404005,
    0.002129360567778349,
    0.0033358184155076742,
    0.0017395735485479236,
    0.0032187015749514103,
    0.002614908618852496,
    0.0015393852954730392,
    0.00230800430290401,
    0.002105243969708681,
    0.0008540794369764626,
    0.0028828380163758993,
    0.0023614231031388044,
    0.001999574014917016,
    0.0036955703981220722,
    0.0006866887561045587,
    0.0015345263527706265,
    0.00359700177796185,
    0.00259341555647552,
    0.0018558743176981807,
    0.0030971949454396963,
    0.003946684766560793,
    0.002656305907294154,
    0.002706575905904174,
    0.0030412927735596895,
    0.002809736644849181,
    0.002891299081966281,
    0.0017769875703379512,
    0.0041418252512812614,
    0.0037806134205311537,
    0.00394025631248951,
    0.003761779982596636,
    0.0036930274218320847,
    0.003740242449566722,
    0.0028666129801422358,
    0.0025503572542220354,
    0.0023914165794849396,
    0.002317856764420867,
    0.0016364644980058074,
    0.00274541019462049,
    0.0022573929745703936,
    0.001603076234459877,
    0.003402643371373415,
    0.0018228682456538081,
    1.4181374311447144,
    0.6916728019714355,
    0.19260428845882416,
    0.09371677786111832,
    2.708897352218628,
    0.6828480958938599,
    0.7107483148574829,
    0.5243923664093018,
    0.21114715933799744,
    0.4632795453071594,
    0.19888222217559814,
    0.30234649777412415,
    0.1691841185092926,
    0.21313467621803284,
    0.20219480991363525,
    0.16566799581050873,
    0.1477069854736328,
    0.1455085575580597,
    0.12481154501438141,
    0.16459810733795166,
    0.15983983874320984,
    0.168359637260437,
    0.12297610938549042,
    0.1867755949497223,
    0.4554705023765564,
    0.3769349455833435,
    0.35031598806381226,
    0.0,
    0.0,
    0.0,
    0.0
  ],
  "vector_dim": 83,
  "tempo": {
    "bpm_mean": 130.2,
    "bpm_std": 28.4,
    "bpm_min": 76.0,
    "bpm_max": 152.0,
    "bpm_median": 143.6
  },
  "key": {
    "top_key": "G minor",
    "distribution": {
      "G minor": 0.222,
      "C# minor": 0.222,
      "G# minor": 0.111,
      "F minor": 0.111,
      "F major": 0.111,
      "D# minor": 0.111,
      "C minor": 0.111
    }
  },
  "signature_tags": [
    {
      "tag": "lo-fi hip hop with warm textures",
      "avg_score": 0.6663,
      "frequency": 1.0
    },
    {
      "tag": "minimalist sparse production",
      "avg_score": 0.6257,
      "frequency": 1.0
    },
    {
      "tag": "soul sample with vinyl warmth",
      "avg_score": 0.6018,
      "frequency": 1.0
    }
  ],
  "tag_averages": {
    "lo-fi hip hop with warm textures": 0.6663,
    "soul sample with vinyl warmth": 0.6018,
    "minimalist sparse production": 0.6257,
    "trap beat with rolling hi-hats": 0.5967,
    "hype and energetic mood": 0.5869,
    "afrobeat rhythmic percussion": 0.5918,
    "R&B smooth instrumental": 0.5912,
    "drill beat with sliding 808s": 0.5976,
    "pluggnb melodic beat": 0.5968,
    "triplet hi-hat flow": 0.5798,
    "choir and vocal chops": 0.5812,
    "acoustic drum kit": 0.5662,
    "jersey club with fast kicks": 0.5702,
    "rage beat with distorted synths": 0.5836,
    "mid-tempo groove": 0.5685,
    "uplifting and triumphant feel": 0.5755,
    "synth pad atmosphere": 0.5606,
    "chill and relaxed vibes": 0.5607,
    "finger snaps and claps": 0.5428,
    "boom bap with chopped samples": 0.5399,
    "mysterious and suspenseful mood": 0.5661,
    "lo-fi dusty texture": 0.5358,
    "808 bass with heavy sub frequencies": 0.571
  },
  "spectral": {
    "centroid_mean": 2392.5,
    "centroid_std": 385.2,
    "flatness_mean": 0.039998
  },
  "energy": {
    "rms_mean": 0.284232,
    "rms_std": 0.091094
  },
  "rhythm": {
    "onset_density_mean": 4.23,
    "onset_density_std": 0.63
  },
  "stems": null,
  "created_at": "2026-03-26T01:49:19Z",
  "meta": {
    "processing_time_sec": 34.9,
    "tracks_profiled": 9,
    "tracks_attempted": 9
  }
}