{
  "artist": "Post Malone",
  "track_count": 10,
  "centroid_vector": [
    0.05358535051345825,
    0.05123859643936157,
    0.047961194068193436,
    0.05303487181663513,
    0.05485175922513008,
    0.05230975151062012,
    0.05409640073776245,
    0.05776544287800789,
    0.054263509809970856,
    0.05273859575390816,
    0.05008334666490555,
    0.05381614714860916,
    0.04997222498059273,
    0.048727359622716904,
    0.05617694929242134,
    0.05017322301864624,
    0.04842084273695946,
    0.04955336079001427,
    0.05349988862872124,
    0.05192742496728897,
    0.05359325557947159,
    0.05588453635573387,
    0.05902537703514099,
    0.05503612756729126,
    0.05197496339678764,
    0.059460628777742386,
    0.05581314116716385,
    0.05287053808569908,
    0.05729350075125694,
    0.05021624639630318,
    0.0592791922390461,
    0.06243553385138512,
    0.058670517057180405,
    0.056347914040088654,
    0.05370444059371948,
    0.057358600199222565,
    0.059656303375959396,
    0.05941270664334297,
    0.05341224744915962,
    0.05588195472955704,
    0.05223604664206505,
    0.048249538987874985,
    0.049022775143384933,
    0.05608779191970825,
    0.06170347332954407,
    0.053317513316869736,
    0.05060664564371109,
    0.05194041132926941,
    0.05145617946982384,
    0.055693596601486206,
    0.05083444342017174,
    0.05109548568725586,
    3.7099997997283936,
    4.063600063323975,
    0.9461945295333862,
    0.11773520708084106,
    -6.606590270996094,
    6.5096282958984375,
    0.49629539251327515,
    0.936000645160675,
    0.18517619371414185,
    0.26064056158065796,
    0.12059280276298523,
    0.11714518815279007,
    -0.22861319780349731,
    0.09923279285430908,
    -0.10337880253791809,
    0.10972079634666443,
    0.09133979678153992,
    -0.0919685959815979,
    -0.0789743959903717,
    0.20138999819755554,
    -0.49318554997444153,
    0.2792621850967407,
    -0.22350959479808807,
    0.11833919584751129,
    1.2097549438476562,
    1.708799958229065,
    2.0531105995178223,
    0.0,
    0.0,
    0.0,
    0.0
  ],
  "spread_vector": [
    0.001984852133318782,
    0.0027579700108617544,
    0.002785647986456752,
    0.0033652917481958866,
    0.004004428628832102,
    0.002287240931764245,
    0.0029646630864590406,
    0.003425637958571315,
    0.0031023689080029726,
    0.002591791795566678,
    0.0026836509350687265,
    0.0023267834912985563,
    0.002563556656241417,
    0.0036910702474415302,
    0.004157856572419405,
    0.0013277636608108878,
    0.0017965456936508417,
    0.0024691603612154722,
    0.003271307796239853,
    0.0024867968168109655,
    0.002954051597043872,
    0.0034713856875896454,
    0.0032233502715826035,
    0.0028424744959920645,
    0.0024384406860917807,
    0.0028158279601484537,
    0.0029418307822197676,
    0.0021493802778422832,
    0.0028795485850423574,
    0.002621045568957925,
    0.0019824279006570578,
    0.0018644583178684115,
    0.0031585749238729477,
    0.0016669005854055285,
    0.002870924538001418,
    0.0021573631092906,
    0.0023104960564523935,
    0.0033909522462636232,
    0.0031943030189722776,
    0.0023418660275638103,
    0.0025842408649623394,
    0.0033272956497967243,
    0.002791911130771041,
    0.0022196199279278517,
    0.0025384582113474607,
    0.002684804378077388,
    0.0015001938445493579,
    0.0031330306082963943,
    0.004697728902101517,
    0.004002263303846121,
    0.0027060022111982107,
    0.002067833673208952,
    1.181911587715149,
    0.36555343866348267,
    0.0793464258313179,
    0.08605780452489853,
    2.7940099239349365,
    0.1804915815591812,
    0.6513985395431519,
    0.16652023792266846,
    0.37602293491363525,
    0.15752902626991272,
    0.2522309124469757,
    0.15374897420406342,
    0.1799745261669159,
    0.14386790990829468,
    0.24552015960216522,
    0.1036325991153717,
    0.19832146167755127,
    0.12587709724903107,
    0.15735982358455658,
    0.1946643590927124,
    0.14922970533370972,
    0.1035359725356102,
    0.12034815549850464,
    0.0968991369009018,
    0.32306018471717834,
    0.1400405764579773,
    0.2377471923828125,
    0.0,
    0.0,
    0.0,
    0.0
  ],
  "vector_dim": 83,
  "tempo": {
    "bpm_mean": 114.2,
    "bpm_std": 23.6,
    "bpm_min": 83.4,
    "bpm_max": 161.5,
    "bpm_median": 117.5
  },
  "key": {
    "top_key": "D major",
    "distribution": {
      "D major": 0.2,
      "D# major": 0.2,
      "C major": 0.2,
      "A# minor": 0.1,
      "G major": 0.1,
      "A# major": 0.1,
      "A minor": 0.1
    }
  },
  "signature_tags": [
    {
      "tag": "lo-fi hip hop with warm textures",
      "avg_score": 0.6222,
      "frequency": 1.0
    },
    {
      "tag": "minimalist sparse production",
      "avg_score": 0.6101,
      "frequency": 1.0
    }
  ],
  "tag_averages": {
    "lo-fi hip hop with warm textures": 0.6222,
    "minimalist sparse production": 0.6101,
    "pluggnb melodic beat": 0.5955,
    "uplifting and triumphant feel": 0.5864,
    "R&B smooth instrumental": 0.5864,
    "drill beat with sliding 808s": 0.5889,
    "hype and energetic mood": 0.5923,
    "synth pad atmosphere": 0.5745,
    "soul sample with vinyl warmth": 0.5846,
    "rage beat with distorted synths": 0.5783,
    "chill and relaxed vibes": 0.5678,
    "afrobeat rhythmic percussion": 0.567,
    "trap beat with rolling hi-hats": 0.5725,
    "mid-tempo groove": 0.5526,
    "triplet hi-hat flow": 0.5507,
    "mysterious and suspenseful mood": 0.557,
    "ethereal and dreamy atmosphere": 0.5686,
    "lo-fi dusty texture": 0.561,
    "synthesizer lead melody": 0.5474,
    "acoustic drum kit": 0.5924,
    "acoustic guitar": 0.5937,
    "choir and vocal chops": 0.5746,
    "jersey club with fast kicks": 0.5813,
    "melodic and emotional feel": 0.5569
  },
  "spectral": {
    "centroid_mean": 1892.4,
    "centroid_std": 158.7,
    "flatness_mean": 0.029434
  },
  "energy": {
    "rms_mean": 0.241951,
    "rms_std": 0.064612
  },
  "rhythm": {
    "onset_density_mean": 2.85,
    "onset_density_std": 0.23
  },
  "stems": null,
  "created_at": "2026-03-26T01:50:27Z",
  "meta": {
    "processing_time_sec": 46.3,
    "tracks_profiled": 10,
    "tracks_attempted": 10
  }
}