{
  "artist": "Quavo",
  "track_count": 10,
  "centroid_vector": [
    0.052798714488744736,
    0.05178149417042732,
    0.04765027388930321,
    0.050140392035245895,
    0.05103659629821777,
    0.04926441237330437,
    0.051675986498594284,
    0.05443090200424194,
    0.05115414410829544,
    0.05124853923916817,
    0.04832291230559349,
    0.053578030318021774,
    0.04876289889216423,
    0.0461115799844265,
    0.05407975986599922,
    0.05060884356498718,
    0.04763947054743767,
    0.04879423603415489,
    0.05106113478541374,
    0.051435958594083786,
    0.052096713334321976,
    0.054299917072057724,
    0.05814433842897415,
    0.05245233327150345,
    0.049755629152059555,
    0.0566188208758831,
    0.053784217685461044,
    0.052009183913469315,
    0.05812683328986168,
    0.050994616001844406,
    0.059242524206638336,
    0.06362362951040268,
    0.05786268040537834,
    0.058584537357091904,
    0.05379771068692207,
    0.0574178472161293,
    0.05868283659219742,
    0.05789072439074516,
    0.05235999822616577,
    0.055348094552755356,
    0.05162707716226578,
    0.04787915572524071,
    0.049110155552625656,
    0.056389063596725464,
    0.0610574372112751,
    0.051266204565763474,
    0.049437593668699265,
    0.051054250448942184,
    0.048530858010053635,
    0.05298788100481033,
    0.05039794370532036,
    0.05027012899518013,
    4.435500144958496,
    3.571399688720703,
    1.120470404624939,
    0.1222175806760788,
    -6.4367594718933105,
    5.334722518920898,
    0.9340859651565552,
    1.2030277252197266,
    0.4310111999511719,
    0.5210531949996948,
    -0.003000597469508648,
    0.4309068024158478,
    0.0016806027851998806,
    0.31260424852371216,
    0.02024279534816742,
    0.2745150327682495,
    0.13448160886764526,
    0.17730000615119934,
    0.06170579791069031,
    0.24946139752864838,
    -0.10370700061321259,
    0.30070799589157104,
    -0.04819680377840996,
    0.18187859654426575,
    1.302828073501587,
    2.370000123977661,
    1.8142423629760742,
    0.0,
    0.0,
    0.0,
    0.0
  ],
  "spread_vector": [
    0.0015051093650981784,
    0.0019586151465773582,
    0.0016102048102766275,
    0.0009471061639487743,
    0.0011187813943251967,
    0.0011327018728479743,
    0.0017464597476646304,
    0.0012859124690294266,
    0.0010701854480430484,
    0.0015647461405023932,
    0.0008946931920945644,
    0.003094383282586932,
    0.0015451976796612144,
    0.0009278964134864509,
    0.0017542432760819793,
    0.0015748803270980716,
    0.002186010591685772,
    0.0016758190467953682,
    0.001765309483744204,
    0.0025236099027097225,
    0.001456230296753347,
    0.0012069924268871546,
    0.000972078472841531,
    0.0011716218432411551,
    0.0015975577989593148,
    0.0011476530926302075,
    0.0013063618680462241,
    0.0010958126513287425,
    0.002372417598962784,
    0.003312429878860712,
    0.0013986880658194423,
    0.003164394525811076,
    0.001947317854501307,
    0.0020856186747550964,
    0.0025198394432663918,
    0.00096617650706321,
    0.001007187063805759,
    0.003144234186038375,
    0.0016338566783815622,
    0.0014659793814644217,
    0.0012511658715084195,
    0.0026360859628766775,
    0.0019585564732551575,
    0.0014150695642456412,
    0.0007835053256712854,
    0.0019844621419906616,
    0.0014331688871607184,
    0.0025394277181476355,
    0.0021837966050952673,
    0.0013497098116204143,
    0.0029187954496592283,
    0.001598656759597361,
    1.0619237422943115,
    0.6258583068847656,
    0.17379213869571686,
    0.07064809650182724,
    2.1193811893463135,
    0.8799357414245605,
    0.9915727376937866,
    0.41179877519607544,
    0.34532275795936584,
    0.4091796278953552,
    0.29596662521362305,
    0.20461338758468628,
    0.25772735476493835,
    0.26402631402015686,
    0.30798834562301636,
    0.18438956141471863,
    0.17917324602603912,
    0.2426413893699646,
    0.19566568732261658,
    0.2011513113975525,
    0.18184587359428406,
    0.16597409546375275,
    0.20821955800056458,
    0.12590035796165466,
    0.3551958501338959,
    0.30709218978881836,
    0.519385814666748,
    0.0,
    0.0,
    0.0,
    0.0
  ],
  "vector_dim": 83,
  "tempo": {
    "bpm_mean": 128.7,
    "bpm_std": 21.2,
    "bpm_min": 80.7,
    "bpm_max": 152.0,
    "bpm_median": 136.0
  },
  "key": {
    "top_key": "D# minor",
    "distribution": {
      "D# minor": 0.2,
      "G major": 0.1,
      "F minor": 0.1,
      "A# minor": 0.1,
      "F# major": 0.1,
      "D# major": 0.1,
      "A major": 0.1,
      "D major": 0.1,
      "A minor": 0.1
    }
  },
  "signature_tags": [
    {
      "tag": "lo-fi hip hop with warm textures",
      "avg_score": 0.6476,
      "frequency": 1.0
    },
    {
      "tag": "minimalist sparse production",
      "avg_score": 0.6118,
      "frequency": 1.0
    },
    {
      "tag": "soul sample with vinyl warmth",
      "avg_score": 0.6012,
      "frequency": 1.0
    },
    {
      "tag": "drill beat with sliding 808s",
      "avg_score": 0.6002,
      "frequency": 0.9
    },
    {
      "tag": "pluggnb melodic beat",
      "avg_score": 0.6002,
      "frequency": 0.8
    }
  ],
  "tag_averages": {
    "lo-fi hip hop with warm textures": 0.6476,
    "drill beat with sliding 808s": 0.6002,
    "R&B smooth instrumental": 0.599,
    "soul sample with vinyl warmth": 0.6012,
    "trap beat with rolling hi-hats": 0.5913,
    "afrobeat rhythmic percussion": 0.5934,
    "hype and energetic mood": 0.5935,
    "pluggnb melodic beat": 0.6002,
    "minimalist sparse production": 0.6118,
    "triplet hi-hat flow": 0.5761,
    "uplifting and triumphant feel": 0.5852,
    "choir and vocal chops": 0.5898,
    "rage beat with distorted synths": 0.5835,
    "chill and relaxed vibes": 0.5592,
    "jersey club with fast kicks": 0.5643,
    "mid-tempo groove": 0.5642,
    "synth pad atmosphere": 0.5666,
    "mysterious and suspenseful mood": 0.5835,
    "dark and ominous mood": 0.5677,
    "acoustic drum kit": 0.5851,
    "brass horns": 0.5841,
    "orchestral strings": 0.5755,
    "bell sounds and chimes": 0.5642,
    "crisp hi-hat patterns": 0.5575,
    "lo-fi dusty texture": 0.5505,
    "boom bap with chopped samples": 0.5846,
    "clean and polished mix": 0.5683
  },
  "spectral": {
    "centroid_mean": 2240.9,
    "centroid_std": 347.6,
    "flatness_mean": 0.030554
  },
  "energy": {
    "rms_mean": 0.260566,
    "rms_std": 0.071039
  },
  "rhythm": {
    "onset_density_mean": 3.95,
    "onset_density_std": 0.51
  },
  "stems": null,
  "created_at": "2026-03-26T01:51:39Z",
  "meta": {
    "processing_time_sec": 50.5,
    "tracks_profiled": 10,
    "tracks_attempted": 10
  }
}