{
  "artist": "Rauw Alejandro",
  "track_count": 7,
  "centroid_vector": [
    0.051166266202926636,
    0.04951329156756401,
    0.04561620578169823,
    0.05196313187479973,
    0.053351741284132004,
    0.047820400446653366,
    0.05421492084860802,
    0.05586085841059685,
    0.05278001353144646,
    0.05494939908385277,
    0.04853525385260582,
    0.055226344615221024,
    0.04847870394587517,
    0.04897640272974968,
    0.055067963898181915,
    0.04985037073493004,
    0.04812876507639885,
    0.04927576705813408,
    0.05057414248585701,
    0.05015028640627861,
    0.05467376112937927,
    0.056217342615127563,
    0.05996617302298546,
    0.05424284562468529,
    0.050159163773059845,
    0.05837736278772354,
    0.054693739861249924,
    0.052981264889240265,
    0.057806868106126785,
    0.04970603808760643,
    0.0598091259598732,
    0.06272774189710617,
    0.058985985815525055,
    0.06143328547477722,
    0.053133513778448105,
    0.0565079040825367,
    0.06111661344766617,
    0.05905994772911072,
    0.05267537385225296,
    0.057180579751729965,
    0.052174460142850876,
    0.04749772325158119,
    0.04843691363930702,
    0.055336445569992065,
    0.061312612146139145,
    0.054244715720415115,
    0.050242286175489426,
    0.05259307846426964,
    0.048086073249578476,
    0.05285654217004776,
    0.04955142363905907,
    0.05075456574559212,
    5.539999961853027,
    3.431428909301758,
    1.126444935798645,
    0.10349772125482559,
    -5.7175092697143555,
    5.226083755493164,
    -0.34911689162254333,
    0.562570333480835,
    0.11299112439155579,
    -0.06183771416544914,
    0.09348172694444656,
    -0.00045170955127105117,
    -0.3807651400566101,
    0.30496370792388916,
    -0.20630313456058502,
    0.050006575882434845,
    -0.31636202335357666,
    0.08217170834541321,
    -0.1856074333190918,
    -0.07842427492141724,
    -0.08823342621326447,
    0.133337140083313,
    -0.19343827664852142,
    0.215483158826828,
    1.234684944152832,
    2.1985714435577393,
    1.4854366779327393,
    0.0,
    0.0,
    0.0,
    0.0
  ],
  "spread_vector": [
    0.001300955773331225,
    0.00257837469689548,
    0.0016573651228100061,
    0.0038115314673632383,
    0.0037264057900756598,
    0.003215315518900752,
    0.0038622624706476927,
    0.0058646234683692455,
    0.00478479964658618,
    0.003076220164075494,
    0.0026552954223006964,
    0.004272317048162222,
    0.0028223551344126463,
    0.002608348848298192,
    0.0035529721062630415,
    0.0018489087233319879,
    0.0033733085729181767,
    0.0022263764403760433,
    0.0036458929535001516,
    0.0022909455001354218,
    0.004265922587364912,
    0.003460860578343272,
    0.0034486092627048492,
    0.004729493986815214,
    0.003513041650876403,
    0.003806118620559573,
    0.0039063566364347935,
    0.0017946712905541062,
    0.0032987811136990786,
    0.003075365209951997,
    0.0029099059756845236,
    0.003943394869565964,
    0.0028484563808888197,
    0.004658121149986982,
    0.002947145840153098,
    0.003278543474152684,
    0.004212602041661739,
    0.005400524009019136,
    0.003086482873186469,
    0.0028746549505740404,
    0.002742131007835269,
    0.003555715549737215,
    0.0028680504765361547,
    0.0027752292808145285,
    0.0029494676273316145,
    0.005006247665733099,
    0.002862270688638091,
    0.0031267404556274414,
    0.0034985013771802187,
    0.004555164370685816,
    0.0035316627472639084,
    0.0021084302570670843,
    1.7612148523330688,
    0.5567704439163208,
    0.18448421359062195,
    0.05045735836029053,
    2.3650946617126465,
    0.8755092620849609,
    0.3412740230560303,
    0.255584180355072,
    0.1165904849767685,
    0.17655746638774872,
    0.22179251909255981,
    0.19466927647590637,
    0.13244511187076569,
    0.2025846242904663,
    0.08205677568912506,
    0.1328723430633545,
    0.11010120809078217,
    0.09725562483072281,
    0.11940225958824158,
    0.15880464017391205,
    0.11055095493793488,
    0.10284731537103653,
    0.1556093990802765,
    0.08692356944084167,
    0.12838588654994965,
    0.18093633651733398,
    0.529899537563324,
    0.0,
    0.0,
    0.0,
    0.0
  ],
  "vector_dim": 83,
  "tempo": {
    "bpm_mean": 150.8,
    "bpm_std": 35.2,
    "bpm_min": 83.4,
    "bpm_max": 184.6,
    "bpm_median": 172.3
  },
  "key": {
    "top_key": "D# major",
    "distribution": {
      "D# major": 0.286,
      "D# minor": 0.143,
      "D minor": 0.143,
      "C# minor": 0.143,
      "C# major": 0.143,
      "F# minor": 0.143
    }
  },
  "signature_tags": [
    {
      "tag": "lo-fi hip hop with warm textures",
      "avg_score": 0.6279,
      "frequency": 1.0
    },
    {
      "tag": "afrobeat rhythmic percussion",
      "avg_score": 0.6205,
      "frequency": 1.0
    },
    {
      "tag": "minimalist sparse production",
      "avg_score": 0.6091,
      "frequency": 1.0
    },
    {
      "tag": "pluggnb melodic beat",
      "avg_score": 0.6049,
      "frequency": 1.0
    }
  ],
  "tag_averages": {
    "minimalist sparse production": 0.6091,
    "lo-fi hip hop with warm textures": 0.6279,
    "pluggnb melodic beat": 0.6049,
    "R&B smooth instrumental": 0.5837,
    "drill beat with sliding 808s": 0.6,
    "hype and energetic mood": 0.5938,
    "synth pad atmosphere": 0.5467,
    "flute melody": 0.561,
    "uplifting and triumphant feel": 0.5763,
    "afrobeat rhythmic percussion": 0.6205,
    "synthesizer lead melody": 0.5419,
    "chill and relaxed vibes": 0.5484,
    "soul sample with vinyl warmth": 0.5898,
    "mid-tempo groove": 0.5673,
    "acoustic guitar": 0.5368,
    "trap beat with rolling hi-hats": 0.5884,
    "triplet hi-hat flow": 0.5614,
    "rage beat with distorted synths": 0.5761,
    "acoustic drum kit": 0.569,
    "choir and vocal chops": 0.574,
    "jersey club with fast kicks": 0.5703,
    "layered and dense arrangement": 0.5672,
    "mysterious and suspenseful mood": 0.5148
  },
  "spectral": {
    "centroid_mean": 2252.9,
    "centroid_std": 369.0,
    "flatness_mean": 0.025874
  },
  "energy": {
    "rms_mean": 0.246937,
    "rms_std": 0.025677
  },
  "rhythm": {
    "onset_density_mean": 3.66,
    "onset_density_std": 0.3
  },
  "stems": null,
  "created_at": "2026-03-26T01:52:26Z",
  "meta": {
    "processing_time_sec": 32.2,
    "tracks_profiled": 7,
    "tracks_attempted": 7
  }
}