{
  "artist": "rema",
  "track_count": 10,
  "centroid_vector": [
    0.05210481956601143,
    0.050263166427612305,
    0.046379175037145615,
    0.05210608243942261,
    0.05408770963549614,
    0.04717002436518669,
    0.05252360925078392,
    0.05483059212565422,
    0.05207778885960579,
    0.054001208394765854,
    0.04881734773516655,
    0.0581291988492012,
    0.04880305007100105,
    0.04889775440096855,
    0.05710786208510399,
    0.05208998918533325,
    0.04871058091521263,
    0.049662668257951736,
    0.050760138779878616,
    0.052033066749572754,
    0.05498219653964043,
    0.05661570653319359,
    0.060522522777318954,
    0.05406440421938896,
    0.05009428411722183,
    0.05837253853678703,
    0.05513525754213333,
    0.053952205926179886,
    0.059160780161619186,
    0.051954012364149094,
    0.059823185205459595,
    0.06250482052564621,
    0.05952755734324455,
    0.06279589980840683,
    0.055909764021635056,
    0.057002581655979156,
    0.06077972799539566,
    0.05991226062178612,
    0.0539192371070385,
    0.0580604188144207,
    0.0538693331182003,
    0.049717213958501816,
    0.05003131553530693,
    0.05577951669692993,
    0.06054125353693962,
    0.05511099100112915,
    0.05031391605734825,
    0.05383672937750816,
    0.049351852387189865,
    0.052243422716856,
    0.051865577697753906,
    0.05076662823557854,
    5.513000011444092,
    2.910399913787842,
    1.1206389665603638,
    0.08126799762248993,
    -6.635615348815918,
    5.664949417114258,
    0.43247517943382263,
    0.8290456533432007,
    0.05189279839396477,
    0.30432480573654175,
    -0.2176607847213745,
    0.08863499760627747,
    -0.40495920181274414,
    0.08888879418373108,
    -0.31086480617523193,
    -0.024852002039551735,
    -0.24022378027439117,
    0.025226403027772903,
    -0.08458079397678375,
    0.05290260538458824,
    -0.1967892050743103,
    0.08862839639186859,
    -0.19816021621227264,
    0.180484801530838,
    1.0399171113967896,
    2.156399726867676,
    1.5606790781021118,
    0.0,
    0.0,
    0.0,
    0.0
  ],
  "spread_vector": [
    0.0017445943085476756,
    0.0016521922079846263,
    0.0010406478540971875,
    0.0017476566135883331,
    0.0023203471209853888,
    0.002197367837652564,
    0.003061683150008321,
    0.0033719507046043873,
    0.0013021159684285522,
    0.00268286163918674,
    0.0013262346619740129,
    0.004158554133027792,
    0.001621488481760025,
    0.0013964095851406455,
    0.002468060702085495,
    0.003572538960725069,
    0.0019443308701738715,
    0.0013625737046822906,
    0.0020793331786990166,
    0.0024538440629839897,
    0.0022594246547669172,
    0.0022915916051715612,
    0.0025967934634536505,
    0.002250388730317354,
    0.0021213204599916935,
    0.0013368901563808322,
    0.001403982168994844,
    0.0013199573149904609,
    0.002156430622562766,
    0.003284905571490526,
    0.0035978888627141714,
    0.0034580142237246037,
    0.0033807482104748487,
    0.0037543002981692553,
    0.0029223698657006025,
    0.002024752786383033,
    0.003419711487367749,
    0.003822638187557459,
    0.002031787997111678,
    0.0025382977910339832,
    0.0020241907332092524,
    0.002259670989587903,
    0.0021512850653380156,
    0.002170533174648881,
    0.0036186743527650833,
    0.001845570164732635,
    0.0015496412524953485,
    0.0019189186859875917,
    0.002901229774579406,
    0.0026805594097822905,
    0.003197968006134033,
    0.0014135179808363318,
    1.7694875001907349,
    0.8420445919036865,
    0.19562065601348877,
    0.03883626312017441,
    2.2180259227752686,
    1.2430013418197632,
    1.4055969715118408,
    0.3017936944961548,
    0.5510300993919373,
    0.16921576857566833,
    0.2955988049507141,
    0.26962873339653015,
    0.22699226438999176,
    0.17280429601669312,
    0.22207067906856537,
    0.20754152536392212,
    0.15230420231819153,
    0.1416258066892624,
    0.11312378942966461,
    0.1300252079963684,
    0.2178058922290802,
    0.21002629399299622,
    0.26473358273506165,
    0.12192430347204208,
    0.3321841061115265,
    0.266823947429657,
    0.4487738609313965,
    0.0,
    0.0,
    0.0,
    0.0
  ],
  "vector_dim": 83,
  "tempo": {
    "bpm_mean": 150.3,
    "bpm_std": 35.4,
    "bpm_min": 95.7,
    "bpm_max": 198.8,
    "bpm_median": 143.6
  },
  "key": {
    "top_key": "B major",
    "distribution": {
      "B major": 0.3,
      "F# minor": 0.2,
      "D# minor": 0.1,
      "F minor": 0.1,
      "E minor": 0.1,
      "C# major": 0.1,
      "C major": 0.1
    }
  },
  "signature_tags": [
    {
      "tag": "afrobeat rhythmic percussion",
      "avg_score": 0.6347,
      "frequency": 0.8
    },
    {
      "tag": "hype and energetic mood",
      "avg_score": 0.6069,
      "frequency": 0.9
    },
    {
      "tag": "pluggnb melodic beat",
      "avg_score": 0.6065,
      "frequency": 0.8
    },
    {
      "tag": "lo-fi hip hop with warm textures",
      "avg_score": 0.6062,
      "frequency": 1.0
    },
    {
      "tag": "soul sample with vinyl warmth",
      "avg_score": 0.6015,
      "frequency": 1.0
    }
  ],
  "tag_averages": {
    "afrobeat rhythmic percussion": 0.6347,
    "hype and energetic mood": 0.6069,
    "lo-fi hip hop with warm textures": 0.6062,
    "pluggnb melodic beat": 0.6065,
    "soul sample with vinyl warmth": 0.6015,
    "choir and vocal chops": 0.5832,
    "trap beat with rolling hi-hats": 0.5948,
    "uplifting and triumphant feel": 0.5827,
    "drill beat with sliding 808s": 0.595,
    "R&B smooth instrumental": 0.594,
    "minimalist sparse production": 0.5977,
    "acoustic drum kit": 0.5807,
    "mid-tempo groove": 0.5867,
    "melodic and emotional feel": 0.5701,
    "chill and relaxed vibes": 0.5783,
    "synth pad atmosphere": 0.5623,
    "jersey club with fast kicks": 0.5791,
    "lo-fi dusty texture": 0.6064,
    "flute melody": 0.5651,
    "dark and ominous mood": 0.5648,
    "mysterious and suspenseful mood": 0.5636,
    "plucked harp or kalimba": 0.5621,
    "triplet hi-hat flow": 0.5598,
    "bell sounds and chimes": 0.5569,
    "ethereal and dreamy atmosphere": 0.5558,
    "wide stereo image": 0.5463,
    "piano melody": 0.546,
    "808 bass with heavy sub frequencies": 0.546,
    "rage beat with distorted synths": 0.5611,
    "acoustic guitar": 0.5725,
    "heavy reverb and spacious": 0.5507,
    "orchestral strings": 0.549,
    "layered and dense arrangement": 0.5332
  },
  "spectral": {
    "centroid_mean": 2241.3,
    "centroid_std": 391.2,
    "flatness_mean": 0.020317
  },
  "energy": {
    "rms_mean": 0.207983,
    "rms_std": 0.066437
  },
  "rhythm": {
    "onset_density_mean": 3.59,
    "onset_density_std": 0.44
  },
  "stems": null,
  "created_at": "2026-03-26T00:57:53Z",
  "meta": {
    "processing_time_sec": 39.5,
    "tracks_profiled": 10,
    "tracks_attempted": 10
  }
}