{
  "artist": "Rio Da Yung OG",
  "track_count": 10,
  "centroid_vector": [
    0.05369424447417259,
    0.05336683988571167,
    0.04828498885035515,
    0.04935218021273613,
    0.05123790726065636,
    0.05026482418179512,
    0.04903891310095787,
    0.054087668657302856,
    0.050717826932668686,
    0.048886384814977646,
    0.04849296435713768,
    0.05376075580716133,
    0.049221646040678024,
    0.04498464986681938,
    0.054848261177539825,
    0.05114985629916191,
    0.049413543194532394,
    0.0485306940972805,
    0.051490701735019684,
    0.05232393741607666,
    0.05113173648715019,
    0.05343861132860184,
    0.057161152362823486,
    0.0524073950946331,
    0.04955084249377251,
    0.055277835577726364,
    0.05303564667701721,
    0.05160120874643326,
    0.05877280235290527,
    0.052482154220342636,
    0.05881000682711601,
    0.06579931825399399,
    0.057199876755476,
    0.05726874992251396,
    0.05414363741874695,
    0.05841745063662529,
    0.05740087106823921,
    0.05949295684695244,
    0.052016664296388626,
    0.055510103702545166,
    0.05121826007962227,
    0.04787638410925865,
    0.04905448481440544,
    0.0569620244204998,
    0.06120042875409126,
    0.05179469659924507,
    0.04978280887007713,
    0.05050903558731079,
    0.049651164561510086,
    0.05386778712272644,
    0.05176697298884392,
    0.05030704289674759,
    3.130500078201294,
    2.5340499877929688,
    1.164605975151062,
    0.16616441309452057,
    -6.815807819366455,
    5.1496477127075195,
    1.3735566139221191,
    1.1884770393371582,
    0.5977253913879395,
    0.3638423681259155,
    0.11606939882040024,
    0.2913162112236023,
    -0.316910982131958,
    0.4038797914981842,
    -0.058615803718566895,
    0.3120731711387634,
    0.09013620018959045,
    0.1555841863155365,
    0.019006799906492233,
    0.39517316222190857,
    -0.14630338549613953,
    0.22810739278793335,
    0.07063320279121399,
    0.16761299967765808,
    1.4276139736175537,
    2.810999870300293,
    1.1771519184112549,
    0.0,
    0.0,
    0.0,
    0.0
  ],
  "spread_vector": [
    0.0009909074287861586,
    0.0012865306343883276,
    0.0012003405718132854,
    0.001922271796502173,
    0.0021198608446866274,
    0.0011671822285279632,
    0.0019214211497455835,
    0.0027298603672534227,
    0.0023547662422060966,
    0.002010063035413623,
    0.001738020800985396,
    0.0015273465542122722,
    0.0009462605230510235,
    0.0019962394144386053,
    0.0011893587652593851,
    0.0011100558331236243,
    0.0015979716554284096,
    0.001207501976750791,
    0.0020901099778711796,
    0.0017616633558645844,
    0.002415125025436282,
    0.002337812213227153,
    0.0013795566046610475,
    0.0025817672722041607,
    0.0023770537227392197,
    0.001998632214963436,
    0.0022753914818167686,
    0.0008950252085924149,
    0.0017911974573507905,
    0.0022516807075589895,
    0.0010251832427456975,
    0.0024376853834837675,
    0.0022776657715439796,
    0.0010904718656092882,
    0.0016881996998563409,
    0.0008905280265025795,
    0.001758362166583538,
    0.0027305481489747763,
    0.0013420063769444823,
    0.0012871333165094256,
    0.0009014180977828801,
    0.0014954571379348636,
    0.001326206955127418,
    0.0016980404034256935,
    0.0020726353395730257,
    0.00196750252507627,
    0.0010780140291899443,
    0.0017372947186231613,
    0.0017484519630670547,
    0.0020816519390791655,
    0.001798161305487156,
    0.0011514391517266631,
    0.5014152526855469,
    0.6953039765357971,
    0.18020522594451904,
    0.10965973883867264,
    2.0651485919952393,
    0.9525601863861084,
    0.4681122303009033,
    0.4610392451286316,
    0.49667567014694214,
    0.3145570456981659,
    0.2734752595424652,
    0.27633747458457947,
    0.2966073751449585,
    0.23345601558685303,
    0.24836817383766174,
    0.19071771204471588,
    0.17103508114814758,
    0.1707921028137207,
    0.1731168031692505,
    0.1708701103925705,
    0.1832115799188614,
    0.15445834398269653,
    0.18721458315849304,
    0.16627122461795807,
    0.4630495309829712,
    0.32668057084083557,
    0.2761509418487549,
    0.0,
    0.0,
    0.0,
    0.0
  ],
  "vector_dim": 83,
  "tempo": {
    "bpm_mean": 102.6,
    "bpm_std": 10.0,
    "bpm_min": 89.1,
    "bpm_max": 129.2,
    "bpm_median": 99.4
  },
  "key": {
    "top_key": "E minor",
    "distribution": {
      "E minor": 0.3,
      "G minor": 0.1,
      "F minor": 0.1,
      "D minor": 0.1,
      "A minor": 0.1,
      "G# minor": 0.1,
      "A# minor": 0.1,
      "F# minor": 0.1
    }
  },
  "signature_tags": [
    {
      "tag": "lo-fi hip hop with warm textures",
      "avg_score": 0.6602,
      "frequency": 1.0
    },
    {
      "tag": "minimalist sparse production",
      "avg_score": 0.6179,
      "frequency": 1.0
    },
    {
      "tag": "soul sample with vinyl warmth",
      "avg_score": 0.6028,
      "frequency": 1.0
    }
  ],
  "tag_averages": {
    "lo-fi hip hop with warm textures": 0.6602,
    "soul sample with vinyl warmth": 0.6028,
    "minimalist sparse production": 0.6179,
    "trap beat with rolling hi-hats": 0.5929,
    "afrobeat rhythmic percussion": 0.5827,
    "R&B smooth instrumental": 0.5729,
    "drill beat with sliding 808s": 0.5929,
    "hype and energetic mood": 0.5819,
    "triplet hi-hat flow": 0.5794,
    "rage beat with distorted synths": 0.5842,
    "pluggnb melodic beat": 0.5815,
    "jersey club with fast kicks": 0.5517,
    "mid-tempo groove": 0.5669,
    "acoustic drum kit": 0.5519,
    "choir and vocal chops": 0.5605,
    "lo-fi dusty texture": 0.5974,
    "boom bap with chopped samples": 0.5535,
    "uplifting and triumphant feel": 0.5775,
    "synth pad atmosphere": 0.5855,
    "sound effects and risers": 0.634,
    "orchestral strings": 0.6313,
    "mysterious and suspenseful mood": 0.6273,
    "playful and bouncy energy": 0.6265,
    "808 bass with heavy sub frequencies": 0.5523
  },
  "spectral": {
    "centroid_mean": 2329.2,
    "centroid_std": 360.4,
    "flatness_mean": 0.041541
  },
  "energy": {
    "rms_mean": 0.285523,
    "rms_std": 0.09261
  },
  "rhythm": {
    "onset_density_mean": 4.69,
    "onset_density_std": 0.54
  },
  "stems": null,
  "created_at": "2026-03-26T01:53:31Z",
  "meta": {
    "processing_time_sec": 45.0,
    "tracks_profiled": 10,
    "tracks_attempted": 10
  }
}