{
  "artist": "Roddy Ricch",
  "track_count": 10,
  "centroid_vector": [
    0.05265120416879654,
    0.05217600613832474,
    0.04791265353560448,
    0.052112650126218796,
    0.05342075228691101,
    0.04978862777352333,
    0.051252495497465134,
    0.0547524057328701,
    0.052778180688619614,
    0.052191782742738724,
    0.049680981785058975,
    0.0550655834376812,
    0.049321483820676804,
    0.04842032119631767,
    0.05565522983670235,
    0.051159560680389404,
    0.04834706708788872,
    0.049154359847307205,
    0.05226865038275719,
    0.05211443826556206,
    0.05416835471987724,
    0.05602020025253296,
    0.05878331884741783,
    0.054036058485507965,
    0.05185217782855034,
    0.05740848928689957,
    0.0556362047791481,
    0.05262076482176781,
    0.05842050537467003,
    0.051823653280735016,
    0.05835673213005066,
    0.06562118232250214,
    0.05930563434958458,
    0.058546751737594604,
    0.053517408668994904,
    0.056165363639593124,
    0.058647334575653076,
    0.06065524369478226,
    0.05318044498562813,
    0.05556298419833183,
    0.05152415856719017,
    0.048717398196458817,
    0.04950399324297905,
    0.05710338428616524,
    0.061389338225126266,
    0.05230691656470299,
    0.05007294565439224,
    0.05245570093393326,
    0.050447024405002594,
    0.05427354574203491,
    0.05135113000869751,
    0.05113194137811661,
    3.613999843597412,
    3.54664945602417,
    1.0927164554595947,
    0.07523240149021149,
    -6.825232028961182,
    5.693902969360352,
    0.5745072364807129,
    0.6510989665985107,
    0.240759015083313,
    0.07766158878803253,
    -0.27072179317474365,
    0.2948465943336487,
    -0.4445579946041107,
    0.25876739621162415,
    -0.3102695941925049,
    0.11253240704536438,
    0.047669995576143265,
    0.03514919430017471,
    0.14907720685005188,
    0.2929728031158447,
    -0.2950613796710968,
    0.14397180080413818,
    -0.15299758315086365,
    0.025579797104001045,
    1.255995512008667,
    2.5644001960754395,
    1.864152431488037,
    0.0,
    0.0,
    0.0,
    0.0
  ],
  "spread_vector": [
    0.0010971211595460773,
    0.002330949530005455,
    0.0014562556752935052,
    0.0036611706018447876,
    0.003929391968995333,
    0.0008640665910206735,
    0.0029831475112587214,
    0.002034235280007124,
    0.0024154719430953264,
    0.0030311557929962873,
    0.0036535628605633974,
    0.0034509238321334124,
    0.0011389965657144785,
    0.006407740991562605,
    0.002120124874636531,
    0.002025538356974721,
    0.0024470407515764236,
    0.0017379876226186752,
    0.0015227514086291194,
    0.0023094655480235815,
    0.0029114268254488707,
    0.0021097331773489714,
    0.0017021941021084785,
    0.0025589605793356895,
    0.002232461469247937,
    0.0016849370440468192,
    0.00239476072601974,
    0.0017226001946255565,
    0.0028265395667403936,
    0.003886859631165862,
    0.003173575270920992,
    0.0038594019133597612,
    0.002267471281811595,
    0.0020071675535291433,
    0.0034046934451907873,
    0.0027530353982001543,
    0.0015591514529660344,
    0.0037895299028605223,
    0.0021611792035400867,
    0.0019800870213657618,
    0.0015258084749802947,
    0.002483413554728031,
    0.0015143499476835132,
    0.0019669767934828997,
    0.001299165771342814,
    0.003141165943816304,
    0.0012581475311890244,
    0.0025811956729739904,
    0.002339229453355074,
    0.0017444378463551402,
    0.0029374805744737387,
    0.0015251151053234935,
    1.1859042644500732,
    0.6395101547241211,
    0.08806967735290527,
    0.024500295519828796,
    1.552473783493042,
    0.4603166878223419,
    0.47915196418762207,
    0.262144535779953,
    0.25887250900268555,
    0.2794363796710968,
    0.18699422478675842,
    0.20427173376083374,
    0.2308419644832611,
    0.16961920261383057,
    0.22102345526218414,
    0.1521371603012085,
    0.21337375044822693,
    0.19637170433998108,
    0.17916804552078247,
    0.1141798198223114,
    0.13657212257385254,
    0.15006476640701294,
    0.1370014250278473,
    0.1517481803894043,
    0.1615392416715622,
    0.25599971413612366,
    0.5534115433692932,
    0.0,
    0.0,
    0.0,
    0.0
  ],
  "vector_dim": 83,
  "tempo": {
    "bpm_mean": 112.3,
    "bpm_std": 23.7,
    "bpm_min": 89.1,
    "bpm_max": 172.3,
    "bpm_median": 117.5
  },
  "key": {
    "top_key": "A# minor",
    "distribution": {
      "A# minor": 0.3,
      "B major": 0.3,
      "D# minor": 0.1,
      "A minor": 0.1,
      "D minor": 0.1,
      "E minor": 0.1
    }
  },
  "signature_tags": [
    {
      "tag": "lo-fi hip hop with warm textures",
      "avg_score": 0.6661,
      "frequency": 1.0
    },
    {
      "tag": "minimalist sparse production",
      "avg_score": 0.6262,
      "frequency": 1.0
    },
    {
      "tag": "soul sample with vinyl warmth",
      "avg_score": 0.6073,
      "frequency": 1.0
    },
    {
      "tag": "drill beat with sliding 808s",
      "avg_score": 0.6068,
      "frequency": 1.0
    },
    {
      "tag": "R&B smooth instrumental",
      "avg_score": 0.6046,
      "frequency": 1.0
    }
  ],
  "tag_averages": {
    "lo-fi hip hop with warm textures": 0.6661,
    "minimalist sparse production": 0.6262,
    "drill beat with sliding 808s": 0.6068,
    "pluggnb melodic beat": 0.5964,
    "hype and energetic mood": 0.5929,
    "R&B smooth instrumental": 0.6046,
    "uplifting and triumphant feel": 0.5815,
    "afrobeat rhythmic percussion": 0.5925,
    "rage beat with distorted synths": 0.5812,
    "trap beat with rolling hi-hats": 0.5963,
    "triplet hi-hat flow": 0.5803,
    "soul sample with vinyl warmth": 0.6073,
    "mysterious and suspenseful mood": 0.5541,
    "synth pad atmosphere": 0.5647,
    "chill and relaxed vibes": 0.5613,
    "mid-tempo groove": 0.5627,
    "acoustic drum kit": 0.5946,
    "choir and vocal chops": 0.5929,
    "jersey club with fast kicks": 0.5772
  },
  "spectral": {
    "centroid_mean": 2185.4,
    "centroid_std": 176.1,
    "flatness_mean": 0.018808
  },
  "energy": {
    "rms_mean": 0.251199,
    "rms_std": 0.032308
  },
  "rhythm": {
    "onset_density_mean": 4.27,
    "onset_density_std": 0.43
  },
  "stems": null,
  "created_at": "2026-03-26T01:54:31Z",
  "meta": {
    "processing_time_sec": 40.4,
    "tracks_profiled": 10,
    "tracks_attempted": 10
  }
}