{
  "artist": "sabrina carpenter",
  "track_count": 10,
  "centroid_vector": [
    0.049220334738492966,
    0.049157317727804184,
    0.04600350186228752,
    0.05170779302716255,
    0.0539734847843647,
    0.04876368120312691,
    0.05173870921134949,
    0.054497938603162766,
    0.05239277705550194,
    0.05191698670387268,
    0.04899270460009575,
    0.055198848247528076,
    0.04667317494750023,
    0.04759320244193077,
    0.056091781705617905,
    0.0511113777756691,
    0.04704432561993599,
    0.04873884841799736,
    0.04910479113459587,
    0.050126802176237106,
    0.05411176010966301,
    0.05602533742785454,
    0.0589853934943676,
    0.05389297753572464,
    0.050858039408922195,
    0.057982247322797775,
    0.05414549261331558,
    0.05336731672286987,
    0.057386379688978195,
    0.04840930923819542,
    0.05626248940825462,
    0.05946200713515282,
    0.05834724381566048,
    0.05486379936337471,
    0.05329401046037674,
    0.055174268782138824,
    0.05760505422949791,
    0.059368859976530075,
    0.05006681755185127,
    0.05512867122888565,
    0.050295740365982056,
    0.046182211488485336,
    0.04786127433180809,
    0.05393602326512337,
    0.05744422599673271,
    0.05366399884223938,
    0.04897833988070488,
    0.05248957872390747,
    0.04909571632742882,
    0.05178716406226158,
    0.04955248907208443,
    0.05121703818440437,
    4.109499931335449,
    3.7604498863220215,
    1.1958321332931519,
    0.1404723972082138,
    -5.513646125793457,
    5.222921371459961,
    0.38856956362724304,
    1.2736525535583496,
    0.3517500162124634,
    0.3269910216331482,
    0.21398641169071198,
    -0.06185640022158623,
    0.2763078212738037,
    0.13884299993515015,
    -0.2332913875579834,
    0.11048159748315811,
    -0.07394639402627945,
    0.14413678646087646,
    -0.14830799400806427,
    0.07103519886732101,
    -0.10650119930505753,
    0.07721459865570068,
    -0.1181807890534401,
    0.010852199047803879,
    1.0645339488983154,
    1.6469998359680176,
    2.2258195877075195,
    0.0,
    0.0,
    0.0,
    0.0
  ],
  "spread_vector": [
    0.0020053358748555183,
    0.0017076205695047975,
    0.0015187467215582728,
    0.002877570455893874,
    0.0026782050263136625,
    0.0022647902369499207,
    0.0031654469203203917,
    0.0034837410785257816,
    0.0020093009807169437,
    0.00269044260494411,
    0.0017971190391108394,
    0.002495667664334178,
    0.0014785894891247153,
    0.0029393353033810854,
    0.002913230797275901,
    0.0018916316330432892,
    0.00203908933326602,
    0.0014690043171867728,
    0.002296770690008998,
    0.002258717780932784,
    0.003223337233066559,
    0.003101157722994685,
    0.0022418322041630745,
    0.0028720141854137182,
    0.0023911569733172655,
    0.002537907101213932,
    0.002142140408977866,
    0.0019047701498493552,
    0.002287146868184209,
    0.0025039075408130884,
    0.0026335136499255896,
    0.004142910707741976,
    0.003310092957690358,
    0.0019883415661752224,
    0.0026036861818283796,
    0.002385027939453721,
    0.0033518129494041204,
    0.0037116333842277527,
    0.0023134779185056686,
    0.0021415911614894867,
    0.0018755600322037935,
    0.002531882142648101,
    0.001943614217452705,
    0.0021208415273576975,
    0.0041008139960467815,
    0.0025345419999212027,
    0.0021546005737036467,
    0.0023651495575904846,
    0.0016291600186377764,
    0.0033172310795634985,
    0.002318616723641753,
    0.0010649098549038172,
    0.6872243285179138,
    0.4971759021282196,
    0.09933529049158096,
    0.07198072969913483,
    2.7354793548583984,
    0.5088692903518677,
    0.40309837460517883,
    0.23640064895153046,
    0.21331849694252014,
    0.19640281796455383,
    0.2095201015472412,
    0.10336451232433319,
    0.16897226870059967,
    0.14548203349113464,
    0.0744793713092804,
    0.13333195447921753,
    0.08525015413761139,
    0.09881403297185898,
    0.14485013484954834,
    0.10522563755512238,
    0.10054175555706024,
    0.09562717378139496,
    0.0851857140660286,
    0.07995623350143433,
    0.3180418908596039,
    0.3155367076396942,
    0.8372295498847961,
    0.0,
    0.0,
    0.0,
    0.0
  ],
  "vector_dim": 83,
  "tempo": {
    "bpm_mean": 122.2,
    "bpm_std": 13.7,
    "bpm_min": 103.4,
    "bpm_max": 152.0,
    "bpm_median": 123.0
  },
  "key": {
    "top_key": "G major",
    "distribution": {
      "G major": 0.2,
      "E major": 0.2,
      "A major": 0.2,
      "D# major": 0.1,
      "F# minor": 0.1,
      "G# major": 0.1,
      "D minor": 0.1
    }
  },
  "signature_tags": [
    {
      "tag": "lo-fi hip hop with warm textures",
      "avg_score": 0.6064,
      "frequency": 0.9
    }
  ],
  "tag_averages": {
    "lo-fi hip hop with warm textures": 0.6064,
    "soul sample with vinyl warmth": 0.5962,
    "hype and energetic mood": 0.592,
    "pluggnb melodic beat": 0.5848,
    "R&B smooth instrumental": 0.583,
    "minimalist sparse production": 0.5923,
    "uplifting and triumphant feel": 0.5804,
    "choir and vocal chops": 0.5666,
    "trap beat with rolling hi-hats": 0.5686,
    "rage beat with distorted synths": 0.5687,
    "chill and relaxed vibes": 0.5654,
    "drill beat with sliding 808s": 0.5748,
    "triplet hi-hat flow": 0.5482,
    "melodic and emotional feel": 0.5582,
    "afrobeat rhythmic percussion": 0.5588,
    "synth pad atmosphere": 0.5725,
    "mid-tempo groove": 0.558,
    "ethereal and dreamy atmosphere": 0.563,
    "acoustic drum kit": 0.5758,
    "mysterious and suspenseful mood": 0.5809,
    "layered and dense arrangement": 0.5797,
    "acoustic guitar": 0.5605,
    "sound effects and risers": 0.6025,
    "jersey club with fast kicks": 0.5664,
    "playful and bouncy energy": 0.5749,
    "orchestral strings": 0.5671,
    "clean and polished mix": 0.5569,
    "lo-fi dusty texture": 0.5644,
    "aggressive and hard-hitting energy": 0.546,
    "finger snaps and claps": 0.5484
  },
  "spectral": {
    "centroid_mean": 2391.7,
    "centroid_std": 198.7,
    "flatness_mean": 0.035118
  },
  "energy": {
    "rms_mean": 0.212907,
    "rms_std": 0.063608
  },
  "rhythm": {
    "onset_density_mean": 2.75,
    "onset_density_std": 0.53
  },
  "stems": null,
  "created_at": "2026-03-26T02:06:53Z",
  "meta": {
    "processing_time_sec": 42.4,
    "tracks_profiled": 10,
    "tracks_attempted": 10
  }
}