{
  "artist": "Sada Baby",
  "track_count": 10,
  "centroid_vector": [
    0.05390959978103638,
    0.05309882387518883,
    0.04827623441815376,
    0.04834459349513054,
    0.04955316707491875,
    0.05001424625515938,
    0.0491633377969265,
    0.05297273024916649,
    0.049959879368543625,
    0.04879092797636986,
    0.04744553193449974,
    0.05332294851541519,
    0.04864315316081047,
    0.04432104155421257,
    0.05404120683670044,
    0.051554739475250244,
    0.04867255315184593,
    0.0504639707505703,
    0.05108034610748291,
    0.053199704736471176,
    0.05033273249864578,
    0.05287596210837364,
    0.05727366730570793,
    0.051322974264621735,
    0.048413511365652084,
    0.0556553490459919,
    0.052776701748371124,
    0.05231946334242821,
    0.05864835903048515,
    0.05341729521751404,
    0.05941062793135643,
    0.06465465575456619,
    0.05648106336593628,
    0.05742454528808594,
    0.0554758682847023,
    0.05869641527533531,
    0.05676785111427307,
    0.057900942862033844,
    0.05205340310931206,
    0.0548609159886837,
    0.05169938877224922,
    0.04825330898165703,
    0.049505483359098434,
    0.05629786476492882,
    0.06058138236403465,
    0.05094980075955391,
    0.05011385306715965,
    0.050543129444122314,
    0.049021776765584946,
    0.05268999934196472,
    0.052368372678756714,
    0.0504034161567688,
    3.2704997062683105,
    2.8598499298095703,
    1.211089849472046,
    0.2029908150434494,
    -6.395565032958984,
    4.555270195007324,
    0.2987927794456482,
    0.7868754863739014,
    0.6673985719680786,
    0.3116028308868408,
    -0.06803640723228455,
    0.7175081968307495,
    -0.12604498863220215,
    0.545623779296875,
    0.10335778445005417,
    0.4045811891555786,
    0.19646281003952026,
    0.3131381869316101,
    0.24655559659004211,
    0.4156157970428467,
    -0.023463601246476173,
    0.46041423082351685,
    0.11692439764738083,
    0.25488898158073425,
    1.3096365928649902,
    2.554800033569336,
    1.521832823753357,
    0.0,
    0.0,
    0.0,
    0.0
  ],
  "spread_vector": [
    0.000954070535954088,
    0.0018223626539111137,
    0.0013158920919522643,
    0.0016108034178614616,
    0.0015092053217813373,
    0.0006798370159231126,
    0.0015437587862834334,
    0.00121495989151299,
    0.0009975252905860543,
    0.0016091503202915192,
    0.0012136008590459824,
    0.00234679295681417,
    0.0009940367890521884,
    0.0013865813380107284,
    0.0018054245738312602,
    0.0015402579447254539,
    0.0017696010181680322,
    0.001408809213899076,
    0.0006481114542111754,
    0.0015404772711917758,
    0.001556728850118816,
    0.001724177971482277,
    0.0009120866889134049,
    0.0010987567948177457,
    0.0012840493582189083,
    0.0011950378539040685,
    0.00138015893753618,
    0.0010018383618444204,
    0.0019411655375733972,
    0.0019125196849927306,
    0.0014429012080654502,
    0.0024709543213248253,
    0.002320273080840707,
    0.002097896533086896,
    0.0018281610682606697,
    0.0013065942330285907,
    0.0015516321873292327,
    0.002820791443809867,
    0.0014968359610065818,
    0.0016370773082599044,
    0.0012378550600260496,
    0.0014794497983530164,
    0.001779477926902473,
    0.002053801668807864,
    0.0021072605159133673,
    0.0020125722512602806,
    0.0011006849817931652,
    0.0024696483742445707,
    0.001450254931114614,
    0.0014633926330134273,
    0.0018914260435849428,
    0.0014601122820749879,
    1.1166791915893555,
    0.6069629788398743,
    0.16405679285526276,
    0.13312016427516937,
    2.3511195182800293,
    0.7785277366638184,
    0.48356980085372925,
    0.292973130941391,
    0.39993423223495483,
    0.38955312967300415,
    0.22194024920463562,
    0.33461281657218933,
    0.29597583413124084,
    0.3138014078140259,
    0.2776436507701874,
    0.18822962045669556,
    0.1857612431049347,
    0.12633170187473297,
    0.1227918192744255,
    0.1554945707321167,
    0.1256684958934784,
    0.1183849424123764,
    0.21912279725074768,
    0.2340383380651474,
    0.33530768752098083,
    0.2899409830570221,
    0.34877264499664307,
    0.0,
    0.0,
    0.0,
    0.0
  ],
  "vector_dim": 83,
  "tempo": {
    "bpm_mean": 105.4,
    "bpm_std": 22.3,
    "bpm_min": 86.1,
    "bpm_max": 161.5,
    "bpm_median": 95.7
  },
  "key": {
    "top_key": "F# major",
    "distribution": {
      "F# major": 0.2,
      "D major": 0.1,
      "C major": 0.1,
      "F# minor": 0.1,
      "E minor": 0.1,
      "F minor": 0.1,
      "F major": 0.1,
      "C# major": 0.1,
      "C minor": 0.1
    }
  },
  "signature_tags": [
    {
      "tag": "lo-fi hip hop with warm textures",
      "avg_score": 0.6421,
      "frequency": 1.0
    },
    {
      "tag": "minimalist sparse production",
      "avg_score": 0.6009,
      "frequency": 1.0
    }
  ],
  "tag_averages": {
    "lo-fi hip hop with warm textures": 0.6421,
    "minimalist sparse production": 0.6009,
    "drill beat with sliding 808s": 0.5878,
    "hype and energetic mood": 0.57,
    "trap beat with rolling hi-hats": 0.5856,
    "afrobeat rhythmic percussion": 0.5755,
    "rage beat with distorted synths": 0.5798,
    "pluggnb melodic beat": 0.5645,
    "uplifting and triumphant feel": 0.5541,
    "R&B smooth instrumental": 0.5635,
    "triplet hi-hat flow": 0.5611,
    "soul sample with vinyl warmth": 0.5772,
    "mid-tempo groove": 0.5463,
    "synth pad atmosphere": 0.5384,
    "mysterious and suspenseful mood": 0.532,
    "808 bass with heavy sub frequencies": 0.5384,
    "jersey club with fast kicks": 0.5595,
    "acoustic drum kit": 0.5452,
    "boom bap with chopped samples": 0.5658,
    "aggressive and hard-hitting energy": 0.5572,
    "choir and vocal chops": 0.5656,
    "crisp hi-hat patterns": 0.5442
  },
  "spectral": {
    "centroid_mean": 2422.2,
    "centroid_std": 328.1,
    "flatness_mean": 0.050748
  },
  "energy": {
    "rms_mean": 0.261927,
    "rms_std": 0.067062
  },
  "rhythm": {
    "onset_density_mean": 4.26,
    "onset_density_std": 0.48
  },
  "stems": null,
  "created_at": "2026-03-26T01:56:19Z",
  "meta": {
    "processing_time_sec": 37.3,
    "tracks_profiled": 10,
    "tracks_attempted": 10
  }
}