{
  "artist": "shallipoppi",
  "track_count": 9,
  "centroid_vector": [
    0.05293148756027222,
    0.048578809946775436,
    0.04587537422776222,
    0.049137722700834274,
    0.05132288485765457,
    0.04582754895091057,
    0.05086466297507286,
    0.05401819571852684,
    0.05150752142071724,
    0.052733421325683594,
    0.04678068682551384,
    0.05544121190905571,
    0.04861665889620781,
    0.04730255529284477,
    0.05419216677546501,
    0.049162667244672775,
    0.048137616366147995,
    0.04924369975924492,
    0.0506957583129406,
    0.05066125467419624,
    0.05190510302782059,
    0.054011084139347076,
    0.05762959271669388,
    0.05241866037249565,
    0.0476156584918499,
    0.056210048496723175,
    0.05295538902282715,
    0.05218413099646568,
    0.05721799284219742,
    0.05065286159515381,
    0.05885351449251175,
    0.06210623309016228,
    0.05715353414416313,
    0.06296642124652863,
    0.054293226450681686,
    0.05596066638827324,
    0.058549877256155014,
    0.05765998363494873,
    0.05216673016548157,
    0.0573117733001709,
    0.05163772776722908,
    0.04794789478182793,
    0.04754228517413139,
    0.05331019312143326,
    0.059925105422735214,
    0.05396026372909546,
    0.04953343793749809,
    0.05203797295689583,
    0.04783867672085762,
    0.051823150366544724,
    0.04995272681117058,
    0.04982435330748558,
    4.360555648803711,
    2.8833889961242676,
    1.0430216789245605,
    0.12048755586147308,
    -4.909374237060547,
    5.8959574699401855,
    0.8973239064216614,
    1.180582046508789,
    0.5484479665756226,
    0.6413233280181885,
    0.031669337302446365,
    0.4489613175392151,
    -0.22839733958244324,
    0.2893119752407074,
    0.054459333419799805,
    0.3875173330307007,
    0.03448333591222763,
    0.1435060054063797,
    0.04969066381454468,
    0.263916015625,
    -0.1510373055934906,
    0.19692398607730865,
    0.06465266644954681,
    0.13613933324813843,
    1.3769721984863281,
    2.6606667041778564,
    1.614248514175415,
    0.0,
    0.0,
    0.0,
    0.0
  ],
  "spread_vector": [
    0.001441996661014855,
    0.0017260861350223422,
    0.0013790094526484609,
    0.0017934524221345782,
    0.002223152667284012,
    0.0018403802532702684,
    0.0015481243608519435,
    0.0030308871064335108,
    0.001940824673511088,
    0.001984905218705535,
    0.0019450531108304858,
    0.003241908270865679,
    0.001520459889434278,
    0.0022751158103346825,
    0.0030034936498850584,
    0.002116918796673417,
    0.0022435595747083426,
    0.0020503196865320206,
    0.002780309645459056,
    0.0028250727336853743,
    0.002213485771790147,
    0.002579217543825507,
    0.0024295372422784567,
    0.0028456083964556456,
    0.0022713602520525455,
    0.0027389673050493,
    0.002538772067055106,
    0.0015654932940378785,
    0.0022346728947013617,
    0.0027497734408825636,
    0.002774719847366214,
    0.002803677460178733,
    0.0028066697996109724,
    0.00211273692548275,
    0.002740956610068679,
    0.002670839661732316,
    0.002184997545555234,
    0.003127254545688629,
    0.0019593543838709593,
    0.0017074492061510682,
    0.0017118140822276473,
    0.001857390278019011,
    0.0013745295582339168,
    0.0018183306092396379,
    0.0029078663792461157,
    0.0030879785772413015,
    0.0015202482463791966,
    0.0023317018058151007,
    0.002449478255584836,
    0.0025451325345784426,
    0.0030468187760561705,
    0.0017595215467736125,
    0.8436508774757385,
    0.33891114592552185,
    0.23816926777362823,
    0.08781125396490097,
    2.5879533290863037,
    1.3318872451782227,
    0.41025465726852417,
    0.3472365438938141,
    0.5746070742607117,
    0.19732363522052765,
    0.2659861743450165,
    0.16583798825740814,
    0.1520272195339203,
    0.1560996025800705,
    0.18205004930496216,
    0.19221170246601105,
    0.11745961010456085,
    0.1331889033317566,
    0.14921589195728302,
    0.09215129911899567,
    0.18132717907428741,
    0.12678475677967072,
    0.09825707972049713,
    0.13475656509399414,
    0.21582989394664764,
    0.4778377413749695,
    0.5484486222267151,
    0.0,
    0.0,
    0.0,
    0.0
  ],
  "vector_dim": 83,
  "tempo": {
    "bpm_mean": 127.2,
    "bpm_std": 16.9,
    "bpm_min": 107.7,
    "bpm_max": 152.0,
    "bpm_median": 117.5
  },
  "key": {
    "top_key": "F# major",
    "distribution": {
      "F# major": 0.222,
      "C# minor": 0.222,
      "D# minor": 0.111,
      "D minor": 0.111,
      "F major": 0.111,
      "A# minor": 0.111,
      "G# minor": 0.111
    }
  },
  "signature_tags": [
    {
      "tag": "lo-fi hip hop with warm textures",
      "avg_score": 0.6242,
      "frequency": 1.0
    },
    {
      "tag": "afrobeat rhythmic percussion",
      "avg_score": 0.6177,
      "frequency": 1.0
    }
  ],
  "tag_averages": {
    "lo-fi hip hop with warm textures": 0.6242,
    "minimalist sparse production": 0.5929,
    "R&B smooth instrumental": 0.5817,
    "pluggnb melodic beat": 0.5781,
    "drill beat with sliding 808s": 0.576,
    "soul sample with vinyl warmth": 0.5835,
    "afrobeat rhythmic percussion": 0.6177,
    "mid-tempo groove": 0.5707,
    "uplifting and triumphant feel": 0.559,
    "hype and energetic mood": 0.5715,
    "trap beat with rolling hi-hats": 0.5714,
    "rage beat with distorted synths": 0.568,
    "chill and relaxed vibes": 0.5613,
    "acoustic drum kit": 0.5687,
    "synth pad atmosphere": 0.5567,
    "choir and vocal chops": 0.578,
    "layered and dense arrangement": 0.5697,
    "jersey club with fast kicks": 0.5468,
    "flute melody": 0.5488,
    "mysterious and suspenseful mood": 0.5234,
    "slow tempo beat": 0.5206,
    "melodic and emotional feel": 0.5176,
    "808 bass with heavy sub frequencies": 0.5222,
    "triplet hi-hat flow": 0.5655,
    "lo-fi dusty texture": 0.5598,
    "crisp hi-hat patterns": 0.5566
  },
  "spectral": {
    "centroid_mean": 2086.0,
    "centroid_std": 476.3,
    "flatness_mean": 0.030122
  },
  "energy": {
    "rms_mean": 0.275394,
    "rms_std": 0.043166
  },
  "rhythm": {
    "onset_density_mean": 4.43,
    "onset_density_std": 0.8
  },
  "stems": null,
  "created_at": "2026-03-26T00:58:41Z",
  "meta": {
    "processing_time_sec": 30.9,
    "tracks_profiled": 9,
    "tracks_attempted": 9
  }
}