{
  "artist": "sneakbo",
  "track_count": 9,
  "centroid_vector": [
    0.05314693972468376,
    0.053045716136693954,
    0.04832011088728905,
    0.05105984956026077,
    0.05072963982820511,
    0.04908136650919914,
    0.0523037388920784,
    0.05462317541241646,
    0.05147932097315788,
    0.05160704255104065,
    0.0482255257666111,
    0.05430161952972412,
    0.04953440651297569,
    0.045672234147787094,
    0.05399419739842415,
    0.05116617679595947,
    0.04923998937010765,
    0.04951957240700722,
    0.050981778651475906,
    0.052706923335790634,
    0.05218718573451042,
    0.05354177951812744,
    0.058587729930877686,
    0.052106816321611404,
    0.048883166164159775,
    0.05669751763343811,
    0.05343792960047722,
    0.05225112661719322,
    0.059016551822423935,
    0.05255876109004021,
    0.05976018309593201,
    0.06464743614196777,
    0.057658709585666656,
    0.0593377947807312,
    0.055331528186798096,
    0.05896148830652237,
    0.05938370153307915,
    0.05871645733714104,
    0.053469300270080566,
    0.057208288460969925,
    0.05317773297429085,
    0.04936359450221062,
    0.05002112314105034,
    0.057184215635061264,
    0.06102920323610306,
    0.052797582000494,
    0.05042238160967827,
    0.052286870777606964,
    0.04902017489075661,
    0.05330612137913704,
    0.051998257637023926,
    0.05072072148323059,
    3.977222442626953,
    3.325944423675537,
    1.1127073764801025,
    0.25611555576324463,
    -5.705284118652344,
    4.937166690826416,
    -0.16680267453193665,
    0.8476699590682983,
    0.5485626459121704,
    0.3816506862640381,
    -0.2756099998950958,
    0.533872663974762,
    -0.27310800552368164,
    0.22297799587249756,
    0.13258199393749237,
    0.2754286527633667,
    0.1436839997768402,
    0.2683066725730896,
    0.05751466751098633,
    0.2875019907951355,
    -0.01498199813067913,
    0.12464800477027893,
    0.07340866327285767,
    0.2504653334617615,
    1.2999718189239502,
    2.1579999923706055,
    1.2098697423934937,
    0.0,
    0.0,
    0.0,
    0.0
  ],
  "spread_vector": [
    0.0011881968239322305,
    0.0022111511789262295,
    0.0014210207154974341,
    0.0024844498839229345,
    0.0017533308127894998,
    0.0011778571642935276,
    0.004224543459713459,
    0.002774930326268077,
    0.0015621093334630132,
    0.003138997359201312,
    0.0013476646272465587,
    0.003593988483771682,
    0.0011564951855689287,
    0.0031524680089205503,
    0.0018346892902627587,
    0.003078997367992997,
    0.0023381065111607313,
    0.0014519012765958905,
    0.0019737156108021736,
    0.002740793628618121,
    0.00226417975500226,
    0.002606871770694852,
    0.0024090935476124287,
    0.0019120856886729598,
    0.0022460531909018755,
    0.0027945300098508596,
    0.002365548862144351,
    0.0013802041066810489,
    0.00228308723308146,
    0.003163633169606328,
    0.0026364068035036325,
    0.004355366807430983,
    0.003827328560873866,
    0.0020029961597174406,
    0.0021962281316518784,
    0.0014154542004689574,
    0.003594144945964217,
    0.004155436530709267,
    0.002956771058961749,
    0.00300269084982574,
    0.0026624740567058325,
    0.0026942992117255926,
    0.002203701762482524,
    0.0022951303981244564,
    0.003970398101955652,
    0.002262994647026062,
    0.001125837443396449,
    0.0025060442276299,
    0.0021000292617827654,
    0.002328710863366723,
    0.0030703998636454344,
    0.002001238288357854,
    0.6596805453300476,
    0.7052692770957947,
    0.11155685782432556,
    0.1798287183046341,
    2.2536861896514893,
    0.6622850894927979,
    0.8641632795333862,
    0.4398800730705261,
    0.34889131784439087,
    0.2655264735221863,
    0.2042754590511322,
    0.2346181571483612,
    0.32524314522743225,
    0.3487303853034973,
    0.2985475957393646,
    0.3626876473426819,
    0.25680533051490784,
    0.21956604719161987,
    0.18044202029705048,
    0.1548483818769455,
    0.10929186642169952,
    0.1493527591228485,
    0.11124733090400696,
    0.16749133169651031,
    0.344413697719574,
    0.2961891293525696,
    0.35052934288978577,
    0.0,
    0.0,
    0.0,
    0.0
  ],
  "vector_dim": 83,
  "tempo": {
    "bpm_mean": 119.5,
    "bpm_std": 13.2,
    "bpm_min": 99.4,
    "bpm_max": 136.0,
    "bpm_median": 123.0
  },
  "key": {
    "top_key": "F minor",
    "distribution": {
      "F minor": 0.222,
      "G# minor": 0.111,
      "C# minor": 0.111,
      "F major": 0.111,
      "B minor": 0.111,
      "E minor": 0.111,
      "D minor": 0.111,
      "C major": 0.111
    }
  },
  "signature_tags": [
    {
      "tag": "lo-fi hip hop with warm textures",
      "avg_score": 0.6328,
      "frequency": 1.0
    }
  ],
  "tag_averages": {
    "lo-fi hip hop with warm textures": 0.6328,
    "soul sample with vinyl warmth": 0.5891,
    "afrobeat rhythmic percussion": 0.5822,
    "minimalist sparse production": 0.5915,
    "drill beat with sliding 808s": 0.5852,
    "R&B smooth instrumental": 0.5709,
    "trap beat with rolling hi-hats": 0.5777,
    "rage beat with distorted synths": 0.579,
    "choir and vocal chops": 0.5654,
    "pluggnb melodic beat": 0.5769,
    "hype and energetic mood": 0.5742,
    "triplet hi-hat flow": 0.5602,
    "mid-tempo groove": 0.5584,
    "jersey club with fast kicks": 0.5551,
    "chill and relaxed vibes": 0.5445,
    "uplifting and triumphant feel": 0.5675,
    "808 bass with heavy sub frequencies": 0.5312,
    "fast tempo beat": 0.5645,
    "synthesizer lead melody": 0.5637,
    "synth pad atmosphere": 0.5685,
    "orchestral strings": 0.5807,
    "ethereal and dreamy atmosphere": 0.5681,
    "flute melody": 0.5608,
    "mysterious and suspenseful mood": 0.5656,
    "melodic and emotional feel": 0.5572,
    "brass horns": 0.5538,
    "layered and dense arrangement": 0.5536,
    "boom bap with chopped samples": 0.5827
  },
  "spectral": {
    "centroid_mean": 2225.4,
    "centroid_std": 223.1,
    "flatness_mean": 0.064029
  },
  "energy": {
    "rms_mean": 0.259994,
    "rms_std": 0.068883
  },
  "rhythm": {
    "onset_density_mean": 3.6,
    "onset_density_std": 0.49
  },
  "stems": null,
  "created_at": "2026-03-26T01:02:39Z",
  "meta": {
    "processing_time_sec": 38.3,
    "tracks_profiled": 9,
    "tracks_attempted": 9
  }
}