{
  "artist": "SoFaygo",
  "track_count": 10,
  "centroid_vector": [
    0.05175096541643143,
    0.050673920661211014,
    0.04693729802966118,
    0.04989602789282799,
    0.04977163299918175,
    0.04928741976618767,
    0.05225752666592598,
    0.05381612852215767,
    0.05057653412222862,
    0.05084637552499771,
    0.04828130826354027,
    0.051507312804460526,
    0.048160236328840256,
    0.04571438953280449,
    0.052374836057424545,
    0.04989723488688469,
    0.046355824917554855,
    0.049018945544958115,
    0.050179462879896164,
    0.05073472857475281,
    0.05114824324846268,
    0.053038179874420166,
    0.05805359035730362,
    0.051303278654813766,
    0.04866378381848335,
    0.056945253163576126,
    0.05303356051445007,
    0.051319319754838943,
    0.05714194104075432,
    0.050084132701158524,
    0.05930169299244881,
    0.062009479850530624,
    0.056465279310941696,
    0.05731433629989624,
    0.05266808345913887,
    0.057171810418367386,
    0.05838111788034439,
    0.05522996187210083,
    0.05162110552191734,
    0.0542985200881958,
    0.051263995468616486,
    0.046214763075113297,
    0.048011671751737595,
    0.055508073419332504,
    0.060114383697509766,
    0.049883414059877396,
    0.048801522701978683,
    0.049769770354032516,
    0.04705847427248955,
    0.051474373787641525,
    0.048961345106363297,
    0.04940853640437126,
    5.178500175476074,
    2.7705001831054688,
    1.130687952041626,
    0.09336121380329132,
    -6.096000671386719,
    5.077710151672363,
    0.3816239833831787,
    1.1165621280670166,
    0.5189765691757202,
    0.3693431615829468,
    0.17124122381210327,
    0.5235912203788757,
    -0.14096641540527344,
    0.7007148265838623,
    0.08221380412578583,
    0.34012919664382935,
    0.057505205273628235,
    0.2390340268611908,
    0.18063420057296753,
    0.1767311990261078,
    -0.04892880097031593,
    0.38467320799827576,
    -0.07495319843292236,
    0.17334479093551636,
    1.4632127285003662,
    2.330399990081787,
    2.042606830596924,
    0.0,
    0.0,
    0.0,
    0.0
  ],
  "spread_vector": [
    0.0011689256643876433,
    0.00214055716060102,
    0.0011635078117251396,
    0.0012690721778199077,
    0.0011817229678854346,
    0.0014461696846410632,
    0.0013246502494439483,
    0.0015874780947342515,
    0.0014007649151608348,
    0.0011305137304589152,
    0.0010319886496290565,
    0.0028146153781563044,
    0.0009861750295385718,
    0.0013095150934532285,
    0.0016006330261006951,
    0.0015357000520452857,
    0.002112118061631918,
    0.00113146030344069,
    0.001128470990806818,
    0.0018442014697939157,
    0.001784539083018899,
    0.0014380383072420955,
    0.0015205907402560115,
    0.0014751366106793284,
    0.001345778233371675,
    0.0011317137395963073,
    0.0012576697627082467,
    0.0008315339800901711,
    0.0021772696636617184,
    0.0019475495209917426,
    0.001938912901096046,
    0.002354330150410533,
    0.0018676314502954483,
    0.0013378014555200934,
    0.0022248870227485895,
    0.0015554825076833367,
    0.001650388934649527,
    0.003291270462796092,
    0.0019252384081482887,
    0.0020848538260906935,
    0.001668355311267078,
    0.00223687500692904,
    0.0019747742917388678,
    0.002071289112791419,
    0.00246097962372005,
    0.0020689028315246105,
    0.001344761229120195,
    0.002123679034411907,
    0.0016387911746278405,
    0.0017876912606880069,
    0.0025778920389711857,
    0.001858777948655188,
    0.5227907299995422,
    0.7292591333389282,
    0.15149140357971191,
    0.06169743090867996,
    1.8520622253417969,
    0.6830486059188843,
    0.5573967695236206,
    0.4418278634548187,
    0.32584863901138306,
    0.5982265472412109,
    0.34868788719177246,
    0.44238612055778503,
    0.23442432284355164,
    0.26095181703567505,
    0.24903497099876404,
    0.17446967959403992,
    0.1256311535835266,
    0.24985407292842865,
    0.1443822681903839,
    0.17902831733226776,
    0.16694329679012299,
    0.12045232951641083,
    0.17215017974376678,
    0.11243200302124023,
    0.4635368287563324,
    0.5716409683227539,
    0.5878385305404663,
    0.0,
    0.0,
    0.0,
    0.0
  ],
  "vector_dim": 83,
  "tempo": {
    "bpm_mean": 143.6,
    "bpm_std": 10.5,
    "bpm_min": 123.0,
    "bpm_max": 161.5,
    "bpm_median": 143.6
  },
  "key": {
    "top_key": "C# minor",
    "distribution": {
      "C# minor": 0.2,
      "A major": 0.1,
      "C# major": 0.1,
      "F# minor": 0.1,
      "C minor": 0.1,
      "E major": 0.1,
      "G major": 0.1,
      "D# minor": 0.1,
      "G# major": 0.1
    }
  },
  "signature_tags": [
    {
      "tag": "lo-fi hip hop with warm textures",
      "avg_score": 0.6214,
      "frequency": 1.0
    }
  ],
  "tag_averages": {
    "lo-fi hip hop with warm textures": 0.6214,
    "minimalist sparse production": 0.597,
    "drill beat with sliding 808s": 0.592,
    "pluggnb melodic beat": 0.5829,
    "hype and energetic mood": 0.5794,
    "R&B smooth instrumental": 0.5685,
    "uplifting and triumphant feel": 0.5671,
    "rage beat with distorted synths": 0.5715,
    "afrobeat rhythmic percussion": 0.5716,
    "soul sample with vinyl warmth": 0.557,
    "synth pad atmosphere": 0.5399,
    "flute melody": 0.5376,
    "mysterious and suspenseful mood": 0.5378,
    "triplet hi-hat flow": 0.5546,
    "piano melody": 0.5337,
    "trap beat with rolling hi-hats": 0.5737,
    "jersey club with fast kicks": 0.5624,
    "mid-tempo groove": 0.5438,
    "choir and vocal chops": 0.5436,
    "acoustic drum kit": 0.5473,
    "synthesizer lead melody": 0.5251,
    "chill and relaxed vibes": 0.5404
  },
  "spectral": {
    "centroid_mean": 2261.4,
    "centroid_std": 303.0,
    "flatness_mean": 0.02334
  },
  "energy": {
    "rms_mean": 0.292643,
    "rms_std": 0.092707
  },
  "rhythm": {
    "onset_density_mean": 3.88,
    "onset_density_std": 0.95
  },
  "stems": null,
  "created_at": "2026-03-26T01:57:14Z",
  "meta": {
    "processing_time_sec": 35.4,
    "tracks_profiled": 10,
    "tracks_attempted": 10
  }
}