{
  "artist": "Southside",
  "track_count": 10,
  "centroid_vector": [
    0.05020461231470108,
    0.05088827759027481,
    0.04753104969859123,
    0.05138764530420303,
    0.053378619253635406,
    0.049294810742139816,
    0.05226960778236389,
    0.0539042130112648,
    0.05124518275260925,
    0.0517289824783802,
    0.05015728622674942,
    0.054088033735752106,
    0.048101793974637985,
    0.04797017201781273,
    0.05475441738963127,
    0.05164014920592308,
    0.04760883376002312,
    0.04845723137259483,
    0.049213092774152756,
    0.05009433254599571,
    0.052780162543058395,
    0.055080920457839966,
    0.05798370763659477,
    0.052459657192230225,
    0.049928080290555954,
    0.05702170357108116,
    0.05302780866622925,
    0.0521383099257946,
    0.056948352605104446,
    0.04870454594492912,
    0.05743278190493584,
    0.060375750064849854,
    0.05738480016589165,
    0.056478288024663925,
    0.05258683115243912,
    0.05547065660357475,
    0.057725753635168076,
    0.0577402226626873,
    0.0512043833732605,
    0.05520157143473625,
    0.05084174871444702,
    0.04652288928627968,
    0.04828884080052376,
    0.055399637669324875,
    0.05844857171177864,
    0.051900602877140045,
    0.04931047931313515,
    0.0520455501973629,
    0.04764309152960777,
    0.05220402404665947,
    0.049130868166685104,
    0.050533272325992584,
    4.846499919891357,
    3.4452500343322754,
    1.219523549079895,
    0.17949239909648895,
    -6.413034439086914,
    4.696805953979492,
    0.8948351740837097,
    1.2557649612426758,
    0.4386647939682007,
    0.5262438058853149,
    -0.09041641652584076,
    0.3482723832130432,
    -0.0755939930677414,
    0.21646982431411743,
    -0.1496214121580124,
    0.17367181181907654,
    -0.022117801010608673,
    0.17594099044799805,
    -0.01877700537443161,
    0.10015920549631119,
    -0.21513842046260834,
    0.08629320561885834,
    -0.19978679716587067,
    0.0025872020050883293,
    1.0808113813400269,
    2.1936001777648926,
    1.8419727087020874,
    1.5005199909210205,
    1.2410800457000732,
    0.3431200087070465,
    0.9153999090194702
  ],
  "spread_vector": [
    0.0025704670697450638,
    0.0016110664000734687,
    0.0008235501009039581,
    0.0020181031432002783,
    0.004936505109071732,
    0.0020880047231912613,
    0.001523718354292214,
    0.0021745590493083,
    0.001700095133855939,
    0.001600627787411213,
    0.002746725222095847,
    0.0028944320511072874,
    0.001006852020509541,
    0.003939544782042503,
    0.00359811051748693,
    0.0026542439591139555,
    0.00203559803776443,
    0.0015654793241992593,
    0.0022119192872196436,
    0.002364886226132512,
    0.002688501263037324,
    0.003300680546090007,
    0.001843667938373983,
    0.002518366789445281,
    0.0028220692183822393,
    0.001203948981128633,
    0.002148787723854184,
    0.001790661015547812,
    0.0013952696463093162,
    0.0032547598239034414,
    0.003219072474166751,
    0.00456628343090415,
    0.0031660886015743017,
    0.0021355447825044394,
    0.002822343958541751,
    0.0031143499072641134,
    0.0024621563497930765,
    0.0034261245746165514,
    0.0018108150688931346,
    0.0011620387667790055,
    0.0017858212813735008,
    0.002017176477238536,
    0.0015957159921526909,
    0.002187105594202876,
    0.0034898517187684774,
    0.002415468217805028,
    0.00202835607342422,
    0.0025599629152566195,
    0.0014935157960280776,
    0.002684842562302947,
    0.0023953409399837255,
    0.0014100541593506932,
    1.0914486646652222,
    0.811180591583252,
    0.18472714722156525,
    0.13912923634052277,
    3.170524835586548,
    0.5903012156486511,
    0.5019096732139587,
    0.5437456369400024,
    0.3540298640727997,
    0.43117183446884155,
    0.27781441807746887,
    0.37984150648117065,
    0.3958808183670044,
    0.27796345949172974,
    0.30595308542251587,
    0.3003971576690674,
    0.24443645775318146,
    0.20905686914920807,
    0.25726842880249023,
    0.16417302191257477,
    0.09984719753265381,
    0.11938412487506866,
    0.10533075034618378,
    0.10873383283615112,
    0.38239043951034546,
    0.4242827892303467,
    0.5000156760215759,
    0.6699751019477844,
    0.7256735563278198,
    0.2879103124141693,
    0.3184879720211029
  ],
  "vector_dim": 83,
  "tempo": {
    "bpm_mean": 136.9,
    "bpm_std": 21.8,
    "bpm_min": 99.4,
    "bpm_max": 161.5,
    "bpm_median": 139.8
  },
  "key": {
    "top_key": "E major",
    "distribution": {
      "E major": 0.2,
      "A# minor": 0.2,
      "G major": 0.2,
      "G# major": 0.1,
      "A# major": 0.1,
      "F minor": 0.1,
      "A minor": 0.1
    }
  },
  "signature_tags": [
    {
      "tag": "lo-fi hip hop with warm textures",
      "avg_score": 0.6125,
      "frequency": 1.0
    },
    {
      "tag": "minimalist sparse production",
      "avg_score": 0.6017,
      "frequency": 0.9
    }
  ],
  "tag_averages": {
    "lo-fi hip hop with warm textures": 0.6125,
    "soul sample with vinyl warmth": 0.5994,
    "hype and energetic mood": 0.5898,
    "R&B smooth instrumental": 0.5948,
    "pluggnb melodic beat": 0.5885,
    "uplifting and triumphant feel": 0.5825,
    "trap beat with rolling hi-hats": 0.5831,
    "drill beat with sliding 808s": 0.5875,
    "choir and vocal chops": 0.5754,
    "triplet hi-hat flow": 0.569,
    "minimalist sparse production": 0.6017,
    "rage beat with distorted synths": 0.5868,
    "chill and relaxed vibes": 0.5779,
    "afrobeat rhythmic percussion": 0.568,
    "mid-tempo groove": 0.5674,
    "synth pad atmosphere": 0.5648,
    "synthesizer lead melody": 0.5682,
    "lo-fi dusty texture": 0.5547,
    "acoustic drum kit": 0.5938,
    "acoustic guitar": 0.5954,
    "melodic and emotional feel": 0.5742,
    "jersey club with fast kicks": 0.5587,
    "fast tempo beat": 0.5741,
    "mysterious and suspenseful mood": 0.5356,
    "clean and polished mix": 0.5393,
    "orchestral strings": 0.5376,
    "finger snaps and claps": 0.5941,
    "ethereal and dreamy atmosphere": 0.5368
  },
  "spectral": {
    "centroid_mean": 2439.0,
    "centroid_std": 369.5,
    "flatness_mean": 0.044873
  },
  "energy": {
    "rms_mean": 0.216162,
    "rms_std": 0.076478
  },
  "rhythm": {
    "onset_density_mean": 3.66,
    "onset_density_std": 0.71
  },
  "stems": {
    "drums": {
      "mix_ratio_mean": 0.3751,
      "mix_ratio_std": 0.1675
    },
    "bass": {
      "mix_ratio_mean": 0.3103,
      "mix_ratio_std": 0.1814
    },
    "other": {
      "mix_ratio_mean": 0.0858,
      "mix_ratio_std": 0.072
    },
    "vocals": {
      "mix_ratio_mean": 0.2289,
      "mix_ratio_std": 0.0796
    }
  },
  "created_at": "2026-03-26T23:20:49Z",
  "meta": {
    "processing_time_sec": 1438.4,
    "tracks_profiled": 10,
    "tracks_attempted": 10
  }
}