{
  "artist": "SSGKobe",
  "track_count": 9,
  "centroid_vector": [
    0.0534696951508522,
    0.051363635808229446,
    0.04682908579707146,
    0.05265362188220024,
    0.05281767249107361,
    0.050281018018722534,
    0.054995764046907425,
    0.058508384972810745,
    0.05303341895341873,
    0.053521402180194855,
    0.05050947889685631,
    0.05240987613797188,
    0.04919871315360069,
    0.048793110996484756,
    0.053857721388339996,
    0.049811702221632004,
    0.04929454252123833,
    0.049871545284986496,
    0.053103961050510406,
    0.05075002461671829,
    0.05421178415417671,
    0.055826492607593536,
    0.060059141367673874,
    0.055104196071624756,
    0.051271796226501465,
    0.05922919511795044,
    0.05559290200471878,
    0.05259477719664574,
    0.0571659617125988,
    0.04939168319106102,
    0.05980279669165611,
    0.06370460987091064,
    0.05878111720085144,
    0.05805716663599014,
    0.05248820781707764,
    0.05846545100212097,
    0.06157658249139786,
    0.058850180357694626,
    0.05400071665644646,
    0.057162653654813766,
    0.05297126993536949,
    0.04810873791575432,
    0.04866259917616844,
    0.05684127286076546,
    0.06309205293655396,
    0.05422211438417435,
    0.05058733746409416,
    0.051375873386859894,
    0.04923950508236885,
    0.05514971539378166,
    0.049184929579496384,
    0.050952207297086716,
    4.182778358459473,
    3.2151107788085938,
    1.0080238580703735,
    0.09942133724689484,
    -8.422516822814941,
    5.7742719650268555,
    0.6597000360488892,
    0.7394999265670776,
    0.21125736832618713,
    0.03943599760532379,
    0.09052000939846039,
    0.22039398550987244,
    -0.5717893242835999,
    0.46663933992385864,
    -0.11058200150728226,
    0.11609932780265808,
    0.096519336104393,
    0.08975467085838318,
    0.21433134377002716,
    0.23787999153137207,
    -0.04749533534049988,
    0.24386800825595856,
    -0.144119992852211,
    0.07996200025081635,
    1.209747314453125,
    2.300666570663452,
    1.5375062227249146,
    0.0,
    0.0,
    0.0,
    0.0
  ],
  "spread_vector": [
    0.0024079266004264355,
    0.0035287633072584867,
    0.0022258891258388758,
    0.004202404525130987,
    0.0031979407649487257,
    0.0010655708611011505,
    0.0037434156984090805,
    0.005782052408903837,
    0.0034608901478350163,
    0.0036999844014644623,
    0.00343930721282959,
    0.002753110369667411,
    0.0018270943546667695,
    0.003991421312093735,
    0.002666050335392356,
    0.0013973185559734702,
    0.004185487050563097,
    0.002187288599088788,
    0.004232852719724178,
    0.0026285613421350718,
    0.004404825158417225,
    0.004207042045891285,
    0.003692528000101447,
    0.004973550792783499,
    0.003803237108513713,
    0.0038957823999226093,
    0.004404264036566019,
    0.002270288532599807,
    0.0023215976543724537,
    0.0008989673224277794,
    0.002403267892077565,
    0.003360539674758911,
    0.004098629578948021,
    0.002174363238736987,
    0.0021683219820261,
    0.0019916279707103968,
    0.00456105126067996,
    0.005119705107063055,
    0.004675085190683603,
    0.0043999492190778255,
    0.0035055875778198242,
    0.00394900469109416,
    0.0028856832068413496,
    0.004094620700925589,
    0.005368251819163561,
    0.004786008503288031,
    0.0023016228806227446,
    0.00293320813216269,
    0.003297728020697832,
    0.004901285748928785,
    0.0018060002475976944,
    0.0025877547450363636,
    0.7234489917755127,
    0.6593750715255737,
    0.288004070520401,
    0.06282322853803635,
    4.120114326477051,
    1.3989864587783813,
    0.9316836595535278,
    0.6846204400062561,
    0.8952809572219849,
    0.37634584307670593,
    0.42027658224105835,
    0.4983063340187073,
    0.2690792679786682,
    0.5232523083686829,
    0.1667134165763855,
    0.27704912424087524,
    0.26568883657455444,
    0.18455341458320618,
    0.19509950280189514,
    0.17889812588691711,
    0.17157457768917084,
    0.19721895456314087,
    0.15671946108341217,
    0.15545795857906342,
    0.34858438372612,
    0.33136215806007385,
    0.6349599361419678,
    0.0,
    0.0,
    0.0,
    0.0
  ],
  "vector_dim": 83,
  "tempo": {
    "bpm_mean": 123.7,
    "bpm_std": 14.5,
    "bpm_min": 92.3,
    "bpm_max": 143.6,
    "bpm_median": 123.0
  },
  "key": {
    "top_key": "C minor",
    "distribution": {
      "C minor": 0.333,
      "C# minor": 0.111,
      "G major": 0.111,
      "A minor": 0.111,
      "G# minor": 0.111,
      "A# minor": 0.111,
      "E minor": 0.111
    }
  },
  "signature_tags": [
    {
      "tag": "lo-fi hip hop with warm textures",
      "avg_score": 0.6448,
      "frequency": 1.0
    },
    {
      "tag": "minimalist sparse production",
      "avg_score": 0.6217,
      "frequency": 1.0
    },
    {
      "tag": "drill beat with sliding 808s",
      "avg_score": 0.6074,
      "frequency": 1.0
    },
    {
      "tag": "pluggnb melodic beat",
      "avg_score": 0.6018,
      "frequency": 1.0
    }
  ],
  "tag_averages": {
    "lo-fi hip hop with warm textures": 0.6448,
    "soul sample with vinyl warmth": 0.5911,
    "drill beat with sliding 808s": 0.6074,
    "pluggnb melodic beat": 0.6018,
    "minimalist sparse production": 0.6217,
    "afrobeat rhythmic percussion": 0.5786,
    "hype and energetic mood": 0.5924,
    "rage beat with distorted synths": 0.5848,
    "trap beat with rolling hi-hats": 0.5755,
    "uplifting and triumphant feel": 0.5922,
    "R&B smooth instrumental": 0.5852,
    "choir and vocal chops": 0.5686,
    "mid-tempo groove": 0.5617,
    "layered and dense arrangement": 0.5917,
    "jersey club with fast kicks": 0.5489,
    "lo-fi dusty texture": 0.5658,
    "triplet hi-hat flow": 0.5563,
    "chill and relaxed vibes": 0.5794,
    "synth pad atmosphere": 0.5822,
    "mysterious and suspenseful mood": 0.5811,
    "808 bass with heavy sub frequencies": 0.5382,
    "ethereal and dreamy atmosphere": 0.6129,
    "orchestral strings": 0.6617,
    "melodic and emotional feel": 0.6271,
    "dark and ominous mood": 0.6227
  },
  "spectral": {
    "centroid_mean": 2016.0,
    "centroid_std": 576.0,
    "flatness_mean": 0.024855
  },
  "energy": {
    "rms_mean": 0.241949,
    "rms_std": 0.069717
  },
  "rhythm": {
    "onset_density_mean": 3.83,
    "onset_density_std": 0.55
  },
  "stems": null,
  "created_at": "2026-03-26T01:55:23Z",
  "meta": {
    "processing_time_sec": 32.9,
    "tracks_profiled": 9,
    "tracks_attempted": 9
  }
}