{
  "artist": "SSK",
  "track_count": 6,
  "centroid_vector": [
    0.05371451377868652,
    0.05631440505385399,
    0.04901717230677605,
    0.05577448010444641,
    0.05266658589243889,
    0.046610113233327866,
    0.05666273459792137,
    0.059395428746938705,
    0.05471727252006531,
    0.05736315995454788,
    0.05114329606294632,
    0.05202490836381912,
    0.051484376192092896,
    0.05073757842183113,
    0.05696535110473633,
    0.048697348684072495,
    0.05226130038499832,
    0.048682596534490585,
    0.05312701687216759,
    0.05111072584986687,
    0.05720420554280281,
    0.05870261788368225,
    0.06340130418539047,
    0.05710466578602791,
    0.053149230778217316,
    0.06084492430090904,
    0.05685025081038475,
    0.05361120030283928,
    0.06267943978309631,
    0.05273449048399925,
    0.06317248195409775,
    0.06881614774465561,
    0.06461169570684433,
    0.06290548294782639,
    0.05502111464738846,
    0.061198391020298004,
    0.06541147083044052,
    0.06340701133012772,
    0.05921031907200813,
    0.06252726912498474,
    0.05723145604133606,
    0.053302496671676636,
    0.05397302657365799,
    0.060965877026319504,
    0.06599728018045425,
    0.05814484879374504,
    0.052322983741760254,
    0.053734343498945236,
    0.05150163173675537,
    0.05726979300379753,
    0.05343472585082054,
    0.051516275852918625,
    3.3358333110809326,
    3.4001662731170654,
    1.0082517862319946,
    0.08333199471235275,
    -13.163490295410156,
    5.1479692459106445,
    0.6794779896736145,
    1.2528109550476074,
    0.23010197281837463,
    0.6289710402488708,
    0.17845699191093445,
    0.48931097984313965,
    -0.0030969977378845215,
    0.2421180009841919,
    0.0596190020442009,
    0.21149197220802307,
    0.09985199570655823,
    0.24317902326583862,
    0.14187100529670715,
    0.1684340089559555,
    0.020586995407938957,
    0.12166398763656616,
    0.0045260037295520306,
    0.026590999215841293,
    0.7147016525268555,
    2.3420000076293945,
    2.326261043548584,
    0.0,
    0.0,
    0.0,
    0.0
  ],
  "spread_vector": [
    0.000723193574231118,
    0.0013190334429964423,
    0.0013422406045719981,
    0.0024210053961724043,
    0.002573940670117736,
    0.0014083163114264607,
    0.0039319912903010845,
    0.0008755147573538125,
    0.0029705155175179243,
    0.0018933933461084962,
    0.002376881195232272,
    0.0018562742043286562,
    0.0025308954063802958,
    0.0038396038580685854,
    0.0022512783762067556,
    0.002331656636670232,
    0.003051274223253131,
    0.000997571856714785,
    0.0017474478809162974,
    0.0024974492844194174,
    0.0016138689825311303,
    0.003827981650829315,
    0.0021334087941795588,
    0.0008170738001354039,
    0.0017855333862826228,
    0.0012893968960270286,
    0.0016224425053223968,
    0.0018419409170746803,
    0.0019095458555966616,
    0.002061595907434821,
    0.0029221249278634787,
    0.0022958843037486076,
    0.004536477383226156,
    0.003018176881596446,
    0.0016327204648405313,
    0.0011183059541508555,
    0.003916783723980188,
    0.0019924675580114126,
    0.0017558422405272722,
    0.002411735011264682,
    0.001629726612009108,
    0.0018052865052595735,
    0.002341893268749118,
    0.0027850649785250425,
    0.004273788072168827,
    0.001972035737708211,
    0.0012500649318099022,
    0.002247511874884367,
    0.0020435869228094816,
    0.0014060529647395015,
    0.002336739096790552,
    0.0014437715290114284,
    1.0977948904037476,
    0.5754427313804626,
    0.20973485708236694,
    0.022255754098296165,
    4.675265312194824,
    0.8222188949584961,
    1.2774018049240112,
    0.6040832996368408,
    0.33746618032455444,
    0.5097866654396057,
    0.3447822630405426,
    0.260964572429657,
    0.3681464195251465,
    0.21714940667152405,
    0.33772772550582886,
    0.2430572658777237,
    0.19123002886772156,
    0.366142600774765,
    0.4829167127609253,
    0.5424396395683289,
    0.2266559600830078,
    0.2238978147506714,
    0.27202147245407104,
    0.21656571328639984,
    0.30748552083969116,
    0.6717469692230225,
    0.6410577297210693,
    0.0,
    0.0,
    0.0,
    0.0
  ],
  "vector_dim": 83,
  "tempo": {
    "bpm_mean": 106.7,
    "bpm_std": 22.0,
    "bpm_min": 76.0,
    "bpm_max": 136.0,
    "bpm_median": 107.8
  },
  "key": {
    "top_key": "D minor",
    "distribution": {
      "D minor": 0.333,
      "C major": 0.167,
      "A minor": 0.167,
      "A# major": 0.167,
      "D# major": 0.167
    }
  },
  "signature_tags": [
    {
      "tag": "lo-fi hip hop with warm textures",
      "avg_score": 0.686,
      "frequency": 1.0
    },
    {
      "tag": "minimalist sparse production",
      "avg_score": 0.6557,
      "frequency": 1.0
    },
    {
      "tag": "R&B smooth instrumental",
      "avg_score": 0.6528,
      "frequency": 0.83
    },
    {
      "tag": "pluggnb melodic beat",
      "avg_score": 0.6443,
      "frequency": 1.0
    },
    {
      "tag": "soul sample with vinyl warmth",
      "avg_score": 0.6336,
      "frequency": 1.0
    },
    {
      "tag": "drill beat with sliding 808s",
      "avg_score": 0.6313,
      "frequency": 1.0
    },
    {
      "tag": "trap beat with rolling hi-hats",
      "avg_score": 0.6268,
      "frequency": 1.0
    },
    {
      "tag": "mid-tempo groove",
      "avg_score": 0.6266,
      "frequency": 0.83
    },
    {
      "tag": "afrobeat rhythmic percussion",
      "avg_score": 0.6245,
      "frequency": 1.0
    },
    {
      "tag": "hype and energetic mood",
      "avg_score": 0.6241,
      "frequency": 1.0
    },
    {
      "tag": "triplet hi-hat flow",
      "avg_score": 0.6141,
      "frequency": 0.83
    },
    {
      "tag": "rage beat with distorted synths",
      "avg_score": 0.6094,
      "frequency": 1.0
    }
  ],
  "tag_averages": {
    "minimalist sparse production": 0.6557,
    "pluggnb melodic beat": 0.6443,
    "lo-fi hip hop with warm textures": 0.686,
    "drill beat with sliding 808s": 0.6313,
    "R&B smooth instrumental": 0.6528,
    "afrobeat rhythmic percussion": 0.6245,
    "hype and energetic mood": 0.6241,
    "mid-tempo groove": 0.6266,
    "trap beat with rolling hi-hats": 0.6268,
    "triplet hi-hat flow": 0.6141,
    "soul sample with vinyl warmth": 0.6336,
    "chill and relaxed vibes": 0.6038,
    "synthesizer lead melody": 0.6149,
    "rage beat with distorted synths": 0.6094,
    "slow tempo beat": 0.5974,
    "acoustic drum kit": 0.5807,
    "uplifting and triumphant feel": 0.5953,
    "layered and dense arrangement": 0.5931,
    "fast tempo beat": 0.5739,
    "synth pad atmosphere": 0.5926,
    "ethereal and dreamy atmosphere": 0.5871,
    "melodic and emotional feel": 0.5854,
    "lo-fi dusty texture": 0.5967
  },
  "spectral": {
    "centroid_mean": 2016.5,
    "centroid_std": 419.5,
    "flatness_mean": 0.020833
  },
  "energy": {
    "rms_mean": 0.14294,
    "rms_std": 0.061497
  },
  "rhythm": {
    "onset_density_mean": 3.9,
    "onset_density_std": 1.12
  },
  "stems": null,
  "created_at": "2026-03-25T23:10:42Z",
  "meta": {
    "processing_time_sec": 43.2,
    "tracks_profiled": 6,
    "tracks_attempted": 6
  }
}