{
  "artist": "stefflondon",
  "track_count": 9,
  "centroid_vector": [
    0.051567383110523224,
    0.051880862563848495,
    0.04656411334872246,
    0.05253634974360466,
    0.053351789712905884,
    0.048249807208776474,
    0.05526992306113243,
    0.056974928826093674,
    0.05355284363031387,
    0.055431630462408066,
    0.0491054467856884,
    0.05409575626254082,
    0.05090993270277977,
    0.04925943538546562,
    0.056886620819568634,
    0.0490754060447216,
    0.04744119569659233,
    0.0499023012816906,
    0.051456231623888016,
    0.050506848841905594,
    0.05384735390543938,
    0.056390490382909775,
    0.060534339398145676,
    0.05437362194061279,
    0.05034710839390755,
    0.05991342291235924,
    0.05589764937758446,
    0.05382625013589859,
    0.059909116476774216,
    0.05073293671011925,
    0.061291106045246124,
    0.06441095471382141,
    0.059914857149124146,
    0.06174755096435547,
    0.05370106175541878,
    0.058069486171007156,
    0.06248490884900093,
    0.05971062183380127,
    0.054517149925231934,
    0.058851029723882675,
    0.05377083644270897,
    0.048588868230581284,
    0.0494353361427784,
    0.05792882665991783,
    0.06403391808271408,
    0.05418744683265686,
    0.05012564733624458,
    0.05346810817718506,
    0.04982822760939598,
    0.054779376834630966,
    0.049507152289152145,
    0.0506819486618042,
    4.508333683013916,
    3.2591664791107178,
    1.0865777730941772,
    0.162340447306633,
    -6.087093353271484,
    5.442167282104492,
    -0.12174401432275772,
    1.3911068439483643,
    0.2850239872932434,
    0.029912665486335754,
    0.18046732246875763,
    -0.06695399433374405,
    -0.09892867505550385,
    0.31715595722198486,
    -0.3882066607475281,
    0.23161467909812927,
    -0.22045668959617615,
    0.09798599779605865,
    -0.14169201254844666,
    -0.04389667510986328,
    -0.02006000094115734,
    0.0584486722946167,
    -0.23596733808517456,
    0.04622533917427063,
    1.1821961402893066,
    2.256666898727417,
    1.4496047496795654,
    0.0,
    0.0,
    0.0,
    0.0
  ],
  "spread_vector": [
    0.0022023983765393496,
    0.0025844546034932137,
    0.0015728663420304656,
    0.002739066956564784,
    0.0026145323645323515,
    0.002178593073040247,
    0.002812224207445979,
    0.002754110610112548,
    0.0025526578538119793,
    0.0033401299733668566,
    0.0018375366926193237,
    0.004577243700623512,
    0.002918561687693,
    0.0030022801365703344,
    0.0026981837581843138,
    0.0015730549348518252,
    0.0024694381281733513,
    0.002224789233878255,
    0.0024202694185078144,
    0.002338116057217121,
    0.0030415405053645372,
    0.003014965681359172,
    0.003232859540730715,
    0.0028805879410356283,
    0.002712501911446452,
    0.002775882137939334,
    0.003069488098844886,
    0.0022076552268117666,
    0.002509013283997774,
    0.0025088090915232897,
    0.0039068786427378654,
    0.004310901742428541,
    0.0033608321100473404,
    0.004204815719276667,
    0.0022851862013339996,
    0.003996738698333502,
    0.004326151218265295,
    0.0036398842930793762,
    0.003743174020200968,
    0.003325519384816289,
    0.003268662840127945,
    0.0032733541447669268,
    0.0023394767194986343,
    0.003526015905663371,
    0.004563119728118181,
    0.003490697592496872,
    0.0026528893504291773,
    0.0024490931537002325,
    0.002726832637563348,
    0.003201631596311927,
    0.0030200567562133074,
    0.00181424745824188,
    1.180385947227478,
    0.5576598644256592,
    0.17542003095149994,
    0.0681021437048912,
    2.662257432937622,
    1.0880558490753174,
    0.5236847996711731,
    0.42518121004104614,
    0.3234929144382477,
    0.19395887851715088,
    0.1782684326171875,
    0.2341839075088501,
    0.16467565298080444,
    0.20886334776878357,
    0.1310812383890152,
    0.17082327604293823,
    0.11791166663169861,
    0.12791235744953156,
    0.13234585523605347,
    0.13511818647384644,
    0.15330764651298523,
    0.15610332787036896,
    0.1361403912305832,
    0.10022048652172089,
    0.34754112362861633,
    0.32077962160110474,
    0.5867595076560974,
    0.0,
    0.0,
    0.0,
    0.0
  ],
  "vector_dim": 83,
  "tempo": {
    "bpm_mean": 130.2,
    "bpm_std": 23.6,
    "bpm_min": 103.4,
    "bpm_max": 184.6,
    "bpm_median": 129.2
  },
  "key": {
    "top_key": "D# minor",
    "distribution": {
      "D# minor": 0.222,
      "F minor": 0.222,
      "D minor": 0.111,
      "E minor": 0.111,
      "G major": 0.111,
      "D# major": 0.111,
      "C major": 0.111
    }
  },
  "signature_tags": [
    {
      "tag": "lo-fi hip hop with warm textures",
      "avg_score": 0.6439,
      "frequency": 1.0
    },
    {
      "tag": "afrobeat rhythmic percussion",
      "avg_score": 0.6314,
      "frequency": 1.0
    },
    {
      "tag": "minimalist sparse production",
      "avg_score": 0.6173,
      "frequency": 1.0
    },
    {
      "tag": "pluggnb melodic beat",
      "avg_score": 0.6124,
      "frequency": 1.0
    },
    {
      "tag": "drill beat with sliding 808s",
      "avg_score": 0.6111,
      "frequency": 1.0
    },
    {
      "tag": "trap beat with rolling hi-hats",
      "avg_score": 0.6092,
      "frequency": 1.0
    },
    {
      "tag": "hype and energetic mood",
      "avg_score": 0.6078,
      "frequency": 1.0
    }
  ],
  "tag_averages": {
    "minimalist sparse production": 0.6173,
    "afrobeat rhythmic percussion": 0.6314,
    "lo-fi hip hop with warm textures": 0.6439,
    "pluggnb melodic beat": 0.6124,
    "trap beat with rolling hi-hats": 0.6092,
    "mid-tempo groove": 0.5876,
    "hype and energetic mood": 0.6078,
    "acoustic drum kit": 0.5926,
    "drill beat with sliding 808s": 0.6111,
    "uplifting and triumphant feel": 0.5883,
    "soul sample with vinyl warmth": 0.595,
    "rage beat with distorted synths": 0.5947,
    "choir and vocal chops": 0.5851,
    "triplet hi-hat flow": 0.5749,
    "fast tempo beat": 0.6284,
    "R&B smooth instrumental": 0.5786,
    "synth pad atmosphere": 0.5557,
    "chill and relaxed vibes": 0.5534,
    "jersey club with fast kicks": 0.5818,
    "layered and dense arrangement": 0.5557,
    "slow tempo beat": 0.6041,
    "boom bap with chopped samples": 0.5963,
    "mysterious and suspenseful mood": 0.5301
  },
  "spectral": {
    "centroid_mean": 2173.2,
    "centroid_std": 350.8,
    "flatness_mean": 0.040585
  },
  "energy": {
    "rms_mean": 0.236439,
    "rms_std": 0.069508
  },
  "rhythm": {
    "onset_density_mean": 3.76,
    "onset_density_std": 0.53
  },
  "stems": null,
  "created_at": "2026-03-26T02:07:48Z",
  "meta": {
    "processing_time_sec": 36.3,
    "tracks_profiled": 9,
    "tracks_attempted": 9
  }
}