{
  "artist": "stormzy",
  "track_count": 10,
  "centroid_vector": [
    0.050621576607227325,
    0.050541359931230545,
    0.04700140282511711,
    0.053562965244054794,
    0.055559974163770676,
    0.04931923374533653,
    0.05371278524398804,
    0.056126393377780914,
    0.0540345199406147,
    0.0546828918159008,
    0.04994503781199455,
    0.05596035718917847,
    0.049016814678907394,
    0.049438219517469406,
    0.05692848190665245,
    0.0511859655380249,
    0.048340436071157455,
    0.049229156225919724,
    0.05196250602602959,
    0.051910217851400375,
    0.05512454733252525,
    0.05644119903445244,
    0.060730189085006714,
    0.055019911378622055,
    0.051484115421772,
    0.05943620949983597,
    0.05595803260803223,
    0.053594041615724564,
    0.05821511894464493,
    0.049938302487134933,
    0.058998383581638336,
    0.061780959367752075,
    0.05846203491091728,
    0.05887211114168167,
    0.053980231285095215,
    0.05724877119064331,
    0.06036054715514183,
    0.06004086881875992,
    0.053403761237859726,
    0.05702570825815201,
    0.052940525114536285,
    0.0482168011367321,
    0.049055080860853195,
    0.05578009411692619,
    0.060083236545324326,
    0.05510549619793892,
    0.05057096108794212,
    0.05338623747229576,
    0.04986754432320595,
    0.053758203983306885,
    0.05100613459944725,
    0.05118028074502945,
    4.534999847412109,
    3.331599712371826,
    1.134951114654541,
    0.1374363899230957,
    -5.655102729797363,
    5.321432113647461,
    0.36778199672698975,
    1.2493836879730225,
    0.37828683853149414,
    0.4341317415237427,
    -0.19588381052017212,
    0.19155599176883698,
    -0.3531780242919922,
    0.14260560274124146,
    -0.057937201112508774,
    0.13252320885658264,
    -0.11573639512062073,
    0.08099280297756195,
    -0.029150398448109627,
    0.07860299944877625,
    -0.15037620067596436,
    0.1397159993648529,
    -0.08385661244392395,
    0.10384738445281982,
    1.131352424621582,
    1.961399793624878,
    1.3163363933563232,
    0.0,
    0.0,
    0.0,
    0.0
  ],
  "spread_vector": [
    0.002406101441010833,
    0.002472820458933711,
    0.001855522976256907,
    0.0024757515639066696,
    0.002663005841895938,
    0.0019017485901713371,
    0.0027861970011144876,
    0.00275794486515224,
    0.0022146988194435835,
    0.003046436933800578,
    0.0023621171712875366,
    0.002845793729647994,
    0.0018195249140262604,
    0.002675488358363509,
    0.002215310698375106,
    0.0025394668336957693,
    0.0015431282809004188,
    0.0015730789164081216,
    0.002400117926299572,
    0.0026794930454343557,
    0.002780561102554202,
    0.0021435916423797607,
    0.002834141021594405,
    0.0025320628192275763,
    0.0028512810822576284,
    0.0025271044578403234,
    0.0024420698173344135,
    0.0013881319900974631,
    0.0033385001588612795,
    0.001699612126685679,
    0.0031446386128664017,
    0.003489083144813776,
    0.0021645803935825825,
    0.004527110140770674,
    0.0022898828610777855,
    0.0031094958540052176,
    0.0030960410367697477,
    0.003085475182160735,
    0.0024954236578196287,
    0.0026014649774879217,
    0.0022722671274095774,
    0.001947847194969654,
    0.0018278902862221003,
    0.002618602244183421,
    0.004355592653155327,
    0.002644917229190469,
    0.0018228946719318628,
    0.0017551161581650376,
    0.0022281210403889418,
    0.002168250037357211,
    0.001956062624230981,
    0.0020644222386181355,
    1.6448997259140015,
    0.8403050303459167,
    0.15622517466545105,
    0.07815641164779663,
    2.15264892578125,
    0.708044707775116,
    0.6318596601486206,
    0.34225550293922424,
    0.26330867409706116,
    0.3426690399646759,
    0.31572628021240234,
    0.21354743838310242,
    0.2886703610420227,
    0.2236073911190033,
    0.23351940512657166,
    0.1767253279685974,
    0.1273505985736847,
    0.1473461091518402,
    0.11393307149410248,
    0.13621899485588074,
    0.19011548161506653,
    0.17757540941238403,
    0.2269575297832489,
    0.21174873411655426,
    0.15908123552799225,
    0.39987605810165405,
    0.4441431164741516,
    0.0,
    0.0,
    0.0,
    0.0
  ],
  "vector_dim": 83,
  "tempo": {
    "bpm_mean": 130.7,
    "bpm_std": 32.9,
    "bpm_min": 86.1,
    "bpm_max": 198.8,
    "bpm_median": 132.6
  },
  "key": {
    "top_key": "F# minor",
    "distribution": {
      "F# minor": 0.3,
      "F minor": 0.2,
      "F# major": 0.1,
      "D major": 0.1,
      "G major": 0.1,
      "A major": 0.1,
      "E minor": 0.1
    }
  },
  "signature_tags": [
    {
      "tag": "minimalist sparse production",
      "avg_score": 0.623,
      "frequency": 0.8
    },
    {
      "tag": "lo-fi hip hop with warm textures",
      "avg_score": 0.6143,
      "frequency": 0.9
    },
    {
      "tag": "afrobeat rhythmic percussion",
      "avg_score": 0.6117,
      "frequency": 0.6
    },
    {
      "tag": "uplifting and triumphant feel",
      "avg_score": 0.6056,
      "frequency": 0.8
    },
    {
      "tag": "hype and energetic mood",
      "avg_score": 0.6032,
      "frequency": 1.0
    },
    {
      "tag": "pluggnb melodic beat",
      "avg_score": 0.6022,
      "frequency": 0.9
    },
    {
      "tag": "soul sample with vinyl warmth",
      "avg_score": 0.6021,
      "frequency": 1.0
    }
  ],
  "tag_averages": {
    "afrobeat rhythmic percussion": 0.6117,
    "acoustic drum kit": 0.6017,
    "minimalist sparse production": 0.623,
    "trap beat with rolling hi-hats": 0.5811,
    "soul sample with vinyl warmth": 0.6021,
    "lo-fi hip hop with warm textures": 0.6143,
    "pluggnb melodic beat": 0.6022,
    "hype and energetic mood": 0.6032,
    "drill beat with sliding 808s": 0.5903,
    "acoustic guitar": 0.6037,
    "choir and vocal chops": 0.583,
    "mid-tempo groove": 0.5857,
    "R&B smooth instrumental": 0.5837,
    "triplet hi-hat flow": 0.5695,
    "chill and relaxed vibes": 0.5701,
    "uplifting and triumphant feel": 0.6056,
    "rage beat with distorted synths": 0.5835,
    "jersey club with fast kicks": 0.5631,
    "synth pad atmosphere": 0.5894,
    "synthesizer lead melody": 0.6346,
    "orchestral strings": 0.614,
    "mysterious and suspenseful mood": 0.5899,
    "layered and dense arrangement": 0.606,
    "aggressive and hard-hitting energy": 0.5662,
    "playful and bouncy energy": 0.5536,
    "flute melody": 0.5779,
    "slow tempo beat": 0.5744,
    "plucked harp or kalimba": 0.5677,
    "melodic and emotional feel": 0.57,
    "ethereal and dreamy atmosphere": 0.5865,
    "clean and polished mix": 0.5637,
    "lo-fi dusty texture": 0.5918
  },
  "spectral": {
    "centroid_mean": 2269.9,
    "centroid_std": 312.5,
    "flatness_mean": 0.034359
  },
  "energy": {
    "rms_mean": 0.22627,
    "rms_std": 0.031816
  },
  "rhythm": {
    "onset_density_mean": 3.27,
    "onset_density_std": 0.67
  },
  "stems": null,
  "created_at": "2026-03-26T00:59:48Z",
  "meta": {
    "processing_time_sec": 46.1,
    "tracks_profiled": 10,
    "tracks_attempted": 10
  }
}