{
  "artist": "Summer Walker",
  "track_count": 20,
  "centroid_vector": [
    0.052104201167821884,
    0.05098952725529671,
    0.046729009598493576,
    0.05357111617922783,
    0.05494476482272148,
    0.05062326416373253,
    0.054072607308626175,
    0.05806184932589531,
    0.05366932973265648,
    0.05429514870047569,
    0.05095658451318741,
    0.05580766126513481,
    0.04906966909766197,
    0.05009061098098755,
    0.055893994867801666,
    0.051390569657087326,
    0.048962730914354324,
    0.050007618963718414,
    0.05277474597096443,
    0.05047649145126343,
    0.05589732155203819,
    0.05797172710299492,
    0.060012735426425934,
    0.05620720610022545,
    0.053068406879901886,
    0.059528715908527374,
    0.05645057186484337,
    0.053249385207891464,
    0.057462532073259354,
    0.0497291199862957,
    0.058634936809539795,
    0.0644889697432518,
    0.060491837561130524,
    0.05673833563923836,
    0.05271574482321739,
    0.056848715990781784,
    0.06064309552311897,
    0.0614866279065609,
    0.05330655723810196,
    0.05620089918375015,
    0.05182424932718277,
    0.04815472289919853,
    0.04891323670744896,
    0.056975483894348145,
    0.06251748651266098,
    0.054373420774936676,
    0.0506926067173481,
    0.05297696590423584,
    0.05057869479060173,
    0.05558418855071068,
    0.049822013825178146,
    0.0513327531516552,
    4.154751300811768,
    3.53702449798584,
    0.997259795665741,
    0.11534380912780762,
    -7.672161102294922,
    5.984021186828613,
    1.0364139080047607,
    1.0596046447753906,
    0.3336338996887207,
    0.2527914047241211,
    0.151289701461792,
    -0.21789807081222534,
    0.03214169293642044,
    0.3139050602912903,
    -0.4151918888092041,
    0.04780259728431702,
    -0.313460111618042,
    0.055862098932266235,
    -0.11040329933166504,
    -0.06854519993066788,
    -0.15862050652503967,
    -0.02861970104277134,
    -0.11358330398797989,
    0.09569850564002991,
    1.1931588649749756,
    1.8143996000289917,
    1.8593695163726807,
    0.0,
    0.0,
    0.0,
    0.0
  ],
  "spread_vector": [
    0.0016543107340112329,
    0.003761789295822382,
    0.002060220343992114,
    0.002430153777822852,
    0.003011085791513324,
    0.002916780998930335,
    0.0034936696756631136,
    0.003091465448960662,
    0.002023545326665044,
    0.0021715632174164057,
    0.002211635699495673,
    0.0043158079497516155,
    0.002416588133201003,
    0.0032795604784041643,
    0.00262940744869411,
    0.002333708805963397,
    0.0025838857982307673,
    0.0018077852437272668,
    0.0014592396328225732,
    0.002772541483864188,
    0.0019165538251399994,
    0.0016441777115687728,
    0.0021920211147516966,
    0.001986070768907666,
    0.0015850618947297335,
    0.0025145383551716805,
    0.001479803933762014,
    0.001873432076536119,
    0.003999696113169193,
    0.0038936410564929247,
    0.0036288758274167776,
    0.004126615822315216,
    0.0024347235448658466,
    0.003069465747103095,
    0.003439687192440033,
    0.003419754793867469,
    0.002674260875210166,
    0.003924480173736811,
    0.002844207687303424,
    0.003089106408879161,
    0.0030905462335795164,
    0.003606194630265236,
    0.002964807441458106,
    0.0035959433298557997,
    0.0032557582017034292,
    0.00270538660697639,
    0.002431434579193592,
    0.0026490220334380865,
    0.0021793078631162643,
    0.0027254109736531973,
    0.003292234381660819,
    0.0016538146883249283,
    1.1625053882598877,
    0.6448127031326294,
    0.21833179891109467,
    0.09165971726179123,
    3.0525951385498047,
    0.9815921187400818,
    0.5626132488250732,
    0.47872138023376465,
    0.4283316731452942,
    0.32408931851387024,
    0.35937485098838806,
    0.4805535674095154,
    0.38452982902526855,
    0.30104315280914307,
    0.3063538670539856,
    0.21582254767417908,
    0.335384339094162,
    0.24877819418907166,
    0.27220046520233154,
    0.22328956425189972,
    0.16221004724502563,
    0.21584661304950714,
    0.12933233380317688,
    0.0983811467885971,
    0.30216583609580994,
    0.38591432571411133,
    0.5086007118225098,
    0.0,
    0.0,
    0.0,
    0.0
  ],
  "vector_dim": 83,
  "tempo": {
    "bpm_mean": 123.1,
    "bpm_std": 23.3,
    "bpm_min": 63.0,
    "bpm_max": 161.5,
    "bpm_median": 132.6
  },
  "key": {
    "top_key": "F# minor",
    "distribution": {
      "F# minor": 0.45,
      "A# minor": 0.1,
      "D# minor": 0.1,
      "D# major": 0.1,
      "G major": 0.05,
      "E major": 0.05,
      "C# major": 0.05,
      "F minor": 0.05,
      "C# minor": 0.05
    }
  },
  "signature_tags": [
    {
      "tag": "lo-fi hip hop with warm textures",
      "avg_score": 0.6513,
      "frequency": 0.95
    },
    {
      "tag": "minimalist sparse production",
      "avg_score": 0.6223,
      "frequency": 0.95
    },
    {
      "tag": "pluggnb melodic beat",
      "avg_score": 0.6126,
      "frequency": 1.0
    },
    {
      "tag": "soul sample with vinyl warmth",
      "avg_score": 0.6112,
      "frequency": 0.95
    },
    {
      "tag": "R&B smooth instrumental",
      "avg_score": 0.607,
      "frequency": 0.95
    },
    {
      "tag": "drill beat with sliding 808s",
      "avg_score": 0.6067,
      "frequency": 0.9
    },
    {
      "tag": "hype and energetic mood",
      "avg_score": 0.605,
      "frequency": 1.0
    }
  ],
  "tag_averages": {
    "uplifting and triumphant feel": 0.5953,
    "pluggnb melodic beat": 0.6126,
    "hype and energetic mood": 0.605,
    "synthesizer lead melody": 0.5896,
    "rage beat with distorted synths": 0.5864,
    "drill beat with sliding 808s": 0.6067,
    "synth pad atmosphere": 0.578,
    "mid-tempo groove": 0.5697,
    "fast tempo beat": 0.5977,
    "trap beat with rolling hi-hats": 0.5915,
    "jersey club with fast kicks": 0.5868,
    "afrobeat rhythmic percussion": 0.5782,
    "flute melody": 0.5702,
    "layered and dense arrangement": 0.5756,
    "piano melody": 0.56,
    "lo-fi hip hop with warm textures": 0.6513,
    "soul sample with vinyl warmth": 0.6112,
    "R&B smooth instrumental": 0.607,
    "minimalist sparse production": 0.6223,
    "choir and vocal chops": 0.5858,
    "chill and relaxed vibes": 0.5778,
    "triplet hi-hat flow": 0.581,
    "acoustic drum kit": 0.5873,
    "ethereal and dreamy atmosphere": 0.5622,
    "melodic and emotional feel": 0.5673,
    "mysterious and suspenseful mood": 0.5741,
    "orchestral strings": 0.566,
    "acoustic guitar": 0.612,
    "sad and melancholic tone": 0.5516
  },
  "spectral": {
    "centroid_mean": 1994.5,
    "centroid_std": 436.7,
    "flatness_mean": 0.028836
  },
  "energy": {
    "rms_mean": 0.238632,
    "rms_std": 0.060433
  },
  "rhythm": {
    "onset_density_mean": 3.02,
    "onset_density_std": 0.64
  },
  "stems": null,
  "created_at": "2026-03-26T00:10:42Z",
  "meta": {
    "processing_time_sec": 86.7,
    "tracks_profiled": 20,
    "tracks_attempted": 20
  }
}