{
  "artist": "Summrs",
  "track_count": 10,
  "centroid_vector": [
    0.05353563651442528,
    0.05163191631436348,
    0.047107767313718796,
    0.04954644665122032,
    0.05100544914603233,
    0.049825917929410934,
    0.05091644451022148,
    0.054625995457172394,
    0.05117790028452873,
    0.05074732378125191,
    0.04765002056956291,
    0.05399167165160179,
    0.04919910058379173,
    0.04547615721821785,
    0.05448352172970772,
    0.050199028104543686,
    0.04797597602009773,
    0.04933185502886772,
    0.05151109769940376,
    0.05230646952986717,
    0.05130031704902649,
    0.0536598339676857,
    0.05833381041884422,
    0.05244344472885132,
    0.04922483488917351,
    0.056616317480802536,
    0.05368926748633385,
    0.05215075612068176,
    0.05881447345018387,
    0.05189507082104683,
    0.059883978217840195,
    0.06531576067209244,
    0.05761868879199028,
    0.05834498628973961,
    0.054303694516420364,
    0.0587882362306118,
    0.05884505435824394,
    0.05864332243800163,
    0.05233829841017723,
    0.0555693581700325,
    0.051668014377355576,
    0.04742112383246422,
    0.04834338650107384,
    0.055882591754198074,
    0.061343349516391754,
    0.052206601947546005,
    0.050392329692840576,
    0.05058462172746658,
    0.048942115157842636,
    0.05359174683690071,
    0.05089715123176575,
    0.050099778920412064,
    4.651000022888184,
    2.7256500720977783,
    1.1592254638671875,
    0.1146823987364769,
    -6.638504505157471,
    5.292604446411133,
    0.8292648196220398,
    0.7688945531845093,
    0.24673378467559814,
    0.3563345670700073,
    0.056863199919462204,
    0.4716588258743286,
    -0.3709331750869751,
    0.7297649383544922,
    0.055918797850608826,
    0.3286992311477661,
    0.22111380100250244,
    0.2406834065914154,
    0.14410018920898438,
    0.26783519983291626,
    -0.0895272046327591,
    0.29677560925483704,
    -0.002014797180891037,
    0.17406418919563293,
    1.2450810670852661,
    2.2973999977111816,
    1.7991340160369873,
    0.0,
    0.0,
    0.0,
    0.0
  ],
  "spread_vector": [
    0.0016698114341124892,
    0.0018609700491651893,
    0.0015538119478151202,
    0.001304648700170219,
    0.0013041518395766616,
    0.001094164210371673,
    0.001441638101823628,
    0.0015243900706991553,
    0.0014594910899177194,
    0.0014082653215155005,
    0.001462063635699451,
    0.001660494483076036,
    0.0013389458181336522,
    0.001293397624976933,
    0.001645037904381752,
    0.0007559056975878775,
    0.0009873246308416128,
    0.0012384426081553102,
    0.0018010808853432536,
    0.001471352414228022,
    0.0013587422436103225,
    0.0017626509070396423,
    0.0015982186887413263,
    0.0015550319803878665,
    0.0016304400051012635,
    0.0015298080397769809,
    0.0019580675289034843,
    0.0012291230959817767,
    0.0025620507076382637,
    0.0017645586049184203,
    0.0021447211038321257,
    0.0017699487507343292,
    0.0019772066734731197,
    0.002301438944414258,
    0.0014218668220564723,
    0.0014984292211011052,
    0.0018752234755083919,
    0.0019189801532775164,
    0.0022237084340304136,
    0.0015733594773337245,
    0.001768152811564505,
    0.00173292332328856,
    0.001611353480257094,
    0.001967388903722167,
    0.002119815908372402,
    0.001632023835554719,
    0.0011648600921034813,
    0.0016437377780675888,
    0.0016161540988832712,
    0.0013796234270557761,
    0.001925600110553205,
    0.0009744050912559032,
    1.194258689880371,
    0.779716432094574,
    0.1887291669845581,
    0.054885588586330414,
    2.1738080978393555,
    0.7356592416763306,
    0.6164865493774414,
    0.4197120666503906,
    0.3411605656147003,
    0.5324600338935852,
    0.36573147773742676,
    0.3083060681819916,
    0.35886967182159424,
    0.2461319863796234,
    0.29832330346107483,
    0.28605377674102783,
    0.22214283049106598,
    0.17857033014297485,
    0.19522303342819214,
    0.15505018830299377,
    0.19832929968833923,
    0.12701380252838135,
    0.14546681940555573,
    0.26965269446372986,
    0.4304449260234833,
    0.4464375376701355,
    0.5696084499359131,
    0.0,
    0.0,
    0.0,
    0.0
  ],
  "vector_dim": 83,
  "tempo": {
    "bpm_mean": 133.0,
    "bpm_std": 23.9,
    "bpm_min": 92.3,
    "bpm_max": 152.0,
    "bpm_median": 143.6
  },
  "key": {
    "top_key": "F# minor",
    "distribution": {
      "F# minor": 0.2,
      "D minor": 0.1,
      "C# major": 0.1,
      "C minor": 0.1,
      "C# minor": 0.1,
      "F minor": 0.1,
      "D# minor": 0.1,
      "E minor": 0.1,
      "B minor": 0.1
    }
  },
  "signature_tags": [
    {
      "tag": "lo-fi hip hop with warm textures",
      "avg_score": 0.6595,
      "frequency": 1.0
    },
    {
      "tag": "minimalist sparse production",
      "avg_score": 0.6335,
      "frequency": 1.0
    },
    {
      "tag": "pluggnb melodic beat",
      "avg_score": 0.61,
      "frequency": 1.0
    },
    {
      "tag": "drill beat with sliding 808s",
      "avg_score": 0.608,
      "frequency": 1.0
    }
  ],
  "tag_averages": {
    "lo-fi hip hop with warm textures": 0.6595,
    "minimalist sparse production": 0.6335,
    "pluggnb melodic beat": 0.61,
    "soul sample with vinyl warmth": 0.5975,
    "rage beat with distorted synths": 0.5934,
    "uplifting and triumphant feel": 0.5901,
    "hype and energetic mood": 0.5947,
    "drill beat with sliding 808s": 0.608,
    "R&B smooth instrumental": 0.5861,
    "afrobeat rhythmic percussion": 0.5946,
    "synth pad atmosphere": 0.5722,
    "mid-tempo groove": 0.5741,
    "trap beat with rolling hi-hats": 0.5928,
    "orchestral strings": 0.5984,
    "mysterious and suspenseful mood": 0.5575,
    "triplet hi-hat flow": 0.5815,
    "jersey club with fast kicks": 0.566,
    "acoustic drum kit": 0.5728,
    "lo-fi dusty texture": 0.606,
    "slow tempo beat": 0.5793,
    "chill and relaxed vibes": 0.5309,
    "choir and vocal chops": 0.5755,
    "layered and dense arrangement": 0.5484,
    "808 bass with heavy sub frequencies": 0.5539
  },
  "spectral": {
    "centroid_mean": 2318.5,
    "centroid_std": 377.5,
    "flatness_mean": 0.028671
  },
  "energy": {
    "rms_mean": 0.249016,
    "rms_std": 0.086089
  },
  "rhythm": {
    "onset_density_mean": 3.83,
    "onset_density_std": 0.74
  },
  "stems": null,
  "created_at": "2026-03-26T01:58:07Z",
  "meta": {
    "processing_time_sec": 32.5,
    "tracks_profiled": 10,
    "tracks_attempted": 10
  }
}