{
  "artist": "SZA",
  "track_count": 20,
  "centroid_vector": [
    0.05137098953127861,
    0.05148202180862427,
    0.04755767807364464,
    0.0526195652782917,
    0.05415057763457298,
    0.04940919950604439,
    0.0531141422688961,
    0.05640558525919914,
    0.05356692150235176,
    0.053514935076236725,
    0.050192009657621384,
    0.056502651423215866,
    0.0485793836414814,
    0.04866206273436546,
    0.05661123991012573,
    0.05174518749117851,
    0.04930625483393669,
    0.04926825687289238,
    0.05113149806857109,
    0.051474105566740036,
    0.055125243961811066,
    0.05733165144920349,
    0.06017598509788513,
    0.05527681112289429,
    0.05167011171579361,
    0.058816928416490555,
    0.05540536716580391,
    0.053213369101285934,
    0.05905848741531372,
    0.05080949142575264,
    0.05935037136077881,
    0.06350364536046982,
    0.05997909978032112,
    0.0576079897582531,
    0.05457445979118347,
    0.05733798071742058,
    0.0602269172668457,
    0.06166892126202583,
    0.05290858820080757,
    0.05693482980132103,
    0.05222633108496666,
    0.04883087798953056,
    0.04982997849583626,
    0.05656695365905762,
    0.06069226190447807,
    0.054627012461423874,
    0.050119366496801376,
    0.05343443155288696,
    0.05023116618394852,
    0.05391554906964302,
    0.051825959235429764,
    0.051560815423727036,
    3.5600006580352783,
    3.538299798965454,
    1.005467176437378,
    0.112956203520298,
    -7.577332019805908,
    5.9470672607421875,
    0.5191031694412231,
    1.1973607540130615,
    0.355838418006897,
    0.4050036370754242,
    0.053497202694416046,
    0.12672719359397888,
    -0.057964205741882324,
    0.23753881454467773,
    -0.1541208028793335,
    0.1294362097978592,
    -0.14254829287528992,
    0.14082689583301544,
    -0.07045620679855347,
    0.08251650631427765,
    -0.02187180146574974,
    0.08382509648799896,
    -0.08284500241279602,
    0.14227351546287537,
    1.0471636056900024,
    1.79610013961792,
    1.9397696256637573,
    0.0,
    0.0,
    0.0,
    0.0
  ],
  "spread_vector": [
    0.0028513388242572546,
    0.002728017745539546,
    0.0019274362130090594,
    0.0025626630522310734,
    0.0025486566592007875,
    0.001641040900722146,
    0.002246532356366515,
    0.0016556723276153207,
    0.003271370893344283,
    0.002753084758296609,
    0.0024375549983233213,
    0.00402317987754941,
    0.002572163939476013,
    0.002632526447996497,
    0.003092172322794795,
    0.0016100805951282382,
    0.002216688124462962,
    0.002224538242444396,
    0.0021059620194137096,
    0.002870118012651801,
    0.0024786891881376505,
    0.0022626991849392653,
    0.002803226700052619,
    0.002122000092640519,
    0.0021699985954910517,
    0.0026277077849954367,
    0.0023684215266257524,
    0.002421567915007472,
    0.0031616613268852234,
    0.003572426736354828,
    0.0029018016066402197,
    0.003995615988969803,
    0.0029801258351653814,
    0.002762484597042203,
    0.0031429321970790625,
    0.002401056932285428,
    0.0024980183225125074,
    0.004109447821974754,
    0.002888389630243182,
    0.002309537958353758,
    0.002690314082428813,
    0.003376342123374343,
    0.0023576091043651104,
    0.0027070657815784216,
    0.002613561926409602,
    0.002524326555430889,
    0.0015135881258174777,
    0.002745032077655196,
    0.0026011697482317686,
    0.001968374475836754,
    0.003201198996976018,
    0.0015947249485179782,
    1.196118712425232,
    0.5868193507194519,
    0.1811961978673935,
    0.07226340472698212,
    2.734549045562744,
    0.9568837881088257,
    0.8592684268951416,
    0.473585844039917,
    0.3866569399833679,
    0.38560253381729126,
    0.33115145564079285,
    0.2278623729944229,
    0.3052995204925537,
    0.26651471853256226,
    0.25265341997146606,
    0.22722652554512024,
    0.2167331576347351,
    0.2047407031059265,
    0.24092528223991394,
    0.21570917963981628,
    0.22548359632492065,
    0.16380544006824493,
    0.20975738763809204,
    0.16418404877185822,
    0.3408457338809967,
    0.3903334140777588,
    0.5237523317337036,
    0.0,
    0.0,
    0.0,
    0.0
  ],
  "vector_dim": 83,
  "tempo": {
    "bpm_mean": 111.2,
    "bpm_std": 23.9,
    "bpm_min": 58.7,
    "bpm_max": 172.3,
    "bpm_median": 107.8
  },
  "key": {
    "top_key": "C major",
    "distribution": {
      "C major": 0.15,
      "D major": 0.15,
      "D minor": 0.15,
      "G# major": 0.1,
      "D# major": 0.1,
      "E minor": 0.1,
      "C# major": 0.05,
      "A# major": 0.05,
      "B major": 0.05,
      "A major": 0.05,
      "C minor": 0.05
    }
  },
  "signature_tags": [
    {
      "tag": "lo-fi hip hop with warm textures",
      "avg_score": 0.6429,
      "frequency": 0.95
    },
    {
      "tag": "minimalist sparse production",
      "avg_score": 0.6224,
      "frequency": 0.9
    },
    {
      "tag": "pluggnb melodic beat",
      "avg_score": 0.6211,
      "frequency": 1.0
    },
    {
      "tag": "soul sample with vinyl warmth",
      "avg_score": 0.6192,
      "frequency": 1.0
    },
    {
      "tag": "hype and energetic mood",
      "avg_score": 0.6148,
      "frequency": 0.95
    },
    {
      "tag": "R&B smooth instrumental",
      "avg_score": 0.6144,
      "frequency": 0.95
    },
    {
      "tag": "uplifting and triumphant feel",
      "avg_score": 0.6069,
      "frequency": 0.95
    },
    {
      "tag": "drill beat with sliding 808s",
      "avg_score": 0.6043,
      "frequency": 0.85
    }
  ],
  "tag_averages": {
    "lo-fi hip hop with warm textures": 0.6429,
    "pluggnb melodic beat": 0.6211,
    "hype and energetic mood": 0.6148,
    "soul sample with vinyl warmth": 0.6192,
    "R&B smooth instrumental": 0.6144,
    "uplifting and triumphant feel": 0.6069,
    "drill beat with sliding 808s": 0.6043,
    "minimalist sparse production": 0.6224,
    "trap beat with rolling hi-hats": 0.5962,
    "rage beat with distorted synths": 0.5842,
    "synth pad atmosphere": 0.5927,
    "chill and relaxed vibes": 0.5825,
    "mid-tempo groove": 0.5882,
    "afrobeat rhythmic percussion": 0.5834,
    "triplet hi-hat flow": 0.5971,
    "ethereal and dreamy atmosphere": 0.5739,
    "melodic and emotional feel": 0.59,
    "acoustic drum kit": 0.6037,
    "layered and dense arrangement": 0.6049,
    "choir and vocal chops": 0.5865,
    "mysterious and suspenseful mood": 0.5851,
    "synthesizer lead melody": 0.6132,
    "boom bap with chopped samples": 0.5969,
    "flute melody": 0.6634,
    "acoustic guitar": 0.5898,
    "slow tempo beat": 0.6416,
    "jersey club with fast kicks": 0.5944,
    "orchestral strings": 0.6584,
    "lo-fi dusty texture": 0.6556,
    "dark and ominous mood": 0.6258,
    "bell sounds and chimes": 0.6245,
    "plucked harp or kalimba": 0.616,
    "piano melody": 0.6802
  },
  "spectral": {
    "centroid_mean": 2010.9,
    "centroid_std": 362.4,
    "flatness_mean": 0.028239
  },
  "energy": {
    "rms_mean": 0.209433,
    "rms_std": 0.068169
  },
  "rhythm": {
    "onset_density_mean": 2.99,
    "onset_density_std": 0.65
  },
  "stems": null,
  "created_at": "2026-03-26T00:08:37Z",
  "meta": {
    "processing_time_sec": 101.0,
    "tracks_profiled": 20,
    "tracks_attempted": 20
  }
}