{
  "artist": "Takeoff",
  "track_count": 10,
  "centroid_vector": [
    0.05408347398042679,
    0.05393177270889282,
    0.04873600974678993,
    0.051891155540943146,
    0.05316141992807388,
    0.05083232745528221,
    0.051320403814315796,
    0.055099762976169586,
    0.05239161476492882,
    0.051704127341508865,
    0.0496608130633831,
    0.05575103685259819,
    0.05036181956529617,
    0.04737753048539162,
    0.05582590028643608,
    0.051764216274023056,
    0.05046340450644493,
    0.05019336938858032,
    0.05335909128189087,
    0.053433533757925034,
    0.05371443182229996,
    0.05611525848507881,
    0.05861356854438782,
    0.05452553182840347,
    0.05212325602769852,
    0.05634273961186409,
    0.05579923465847969,
    0.0533173643052578,
    0.05905533954501152,
    0.05286154896020889,
    0.058647241443395615,
    0.06654190272092819,
    0.05956627056002617,
    0.05860168859362602,
    0.05493396148085594,
    0.057452332228422165,
    0.05860450491309166,
    0.061792947351932526,
    0.054413359612226486,
    0.056193556636571884,
    0.05280689522624016,
    0.05085960030555725,
    0.05085643753409386,
    0.05756799131631851,
    0.06221535801887512,
    0.05290781334042549,
    0.0509832389652729,
    0.05328862741589546,
    0.050946950912475586,
    0.055914368480443954,
    0.05231223255395889,
    0.05228208377957344,
    4.449499607086182,
    3.333400249481201,
    1.1909373998641968,
    0.10330279916524887,
    -6.32132625579834,
    5.350323677062988,
    0.993280827999115,
    0.44080257415771484,
    0.1487238109111786,
    0.4742945730686188,
    -0.2214348167181015,
    0.2984970211982727,
    -0.13186320662498474,
    0.31804800033569336,
    -0.004657803103327751,
    0.28236839175224304,
    -0.05547240376472473,
    0.07095180451869965,
    0.031223399564623833,
    0.22224119305610657,
    -0.10307399928569794,
    0.22382879257202148,
    0.06838980317115784,
    0.23953378200531006,
    1.3521125316619873,
    2.2710001468658447,
    1.8261420726776123,
    0.0,
    0.0,
    0.0,
    0.0
  ],
  "spread_vector": [
    0.0013927834806963801,
    0.0014673395780846477,
    0.0011076994705945253,
    0.0033517468255013227,
    0.004302544053643942,
    0.0026976203080266714,
    0.003632558276876807,
    0.0034281574189662933,
    0.0026374978478997946,
    0.003203498898074031,
    0.002841334557160735,
    0.003248250810429454,
    0.0019241714617237449,
    0.004085754044353962,
    0.00277660577557981,
    0.001382280490361154,
    0.0029867931734770536,
    0.0022430592216551304,
    0.0027136325370520353,
    0.002624642802402377,
    0.0029326609801501036,
    0.0029990721959620714,
    0.002279603620991111,
    0.003239200683310628,
    0.0032724388875067234,
    0.003694904735311866,
    0.0031895700376480818,
    0.0033702440559864044,
    0.0018419496482238173,
    0.0024642585776746273,
    0.002723227022215724,
    0.002856579376384616,
    0.0026058738585561514,
    0.0011287675006315112,
    0.001638979883864522,
    0.0018415283411741257,
    0.0024597144220024347,
    0.004009950440376997,
    0.0030928931664675474,
    0.0015216380124911666,
    0.0025388419162482023,
    0.0038905534893274307,
    0.0017205950571224093,
    0.002301787491887808,
    0.002648998750373721,
    0.0028564713429659605,
    0.002328684087842703,
    0.0034169598948210478,
    0.0025059187319129705,
    0.004024984780699015,
    0.0018648765981197357,
    0.00325629860162735,
    0.5551686882972717,
    0.4148932695388794,
    0.1784597933292389,
    0.06282828003168106,
    1.6169683933258057,
    0.872179388999939,
    0.8932235240936279,
    0.5423344969749451,
    0.41013580560684204,
    0.4594041705131531,
    0.13127917051315308,
    0.3549538552761078,
    0.3558328151702881,
    0.3086381256580353,
    0.2957526743412018,
    0.20817700028419495,
    0.13620653748512268,
    0.1146007552742958,
    0.11478689312934875,
    0.1639079451560974,
    0.1682383120059967,
    0.18523307144641876,
    0.13811196386814117,
    0.20535749197006226,
    0.3502011001110077,
    0.36631709337234497,
    0.40927642583847046,
    0.0,
    0.0,
    0.0,
    0.0
  ],
  "vector_dim": 83,
  "tempo": {
    "bpm_mean": 129.0,
    "bpm_std": 11.1,
    "bpm_min": 103.4,
    "bpm_max": 143.6,
    "bpm_median": 132.6
  },
  "key": {
    "top_key": "D# minor",
    "distribution": {
      "D# minor": 0.3,
      "F minor": 0.2,
      "D minor": 0.1,
      "E major": 0.1,
      "F# minor": 0.1,
      "C minor": 0.1,
      "G# major": 0.1
    }
  },
  "signature_tags": [
    {
      "tag": "lo-fi hip hop with warm textures",
      "avg_score": 0.6569,
      "frequency": 1.0
    },
    {
      "tag": "soul sample with vinyl warmth",
      "avg_score": 0.6139,
      "frequency": 1.0
    },
    {
      "tag": "minimalist sparse production",
      "avg_score": 0.6124,
      "frequency": 1.0
    }
  ],
  "tag_averages": {
    "lo-fi hip hop with warm textures": 0.6569,
    "soul sample with vinyl warmth": 0.6139,
    "R&B smooth instrumental": 0.5905,
    "minimalist sparse production": 0.6124,
    "afrobeat rhythmic percussion": 0.5818,
    "trap beat with rolling hi-hats": 0.5967,
    "choir and vocal chops": 0.5755,
    "boom bap with chopped samples": 0.5683,
    "drill beat with sliding 808s": 0.5877,
    "triplet hi-hat flow": 0.5791,
    "jersey club with fast kicks": 0.5644,
    "hype and energetic mood": 0.5857,
    "pluggnb melodic beat": 0.5844,
    "rage beat with distorted synths": 0.5758,
    "punchy and compressed drums": 0.5506,
    "uplifting and triumphant feel": 0.5785,
    "acoustic drum kit": 0.5648,
    "synth pad atmosphere": 0.5775,
    "synthesizer lead melody": 0.5942,
    "mid-tempo groove": 0.5711,
    "flute melody": 0.5799,
    "chill and relaxed vibes": 0.5603,
    "orchestral strings": 0.5707,
    "layered and dense arrangement": 0.6248,
    "sound effects and risers": 0.6203,
    "mysterious and suspenseful mood": 0.5727,
    "dark and ominous mood": 0.5766,
    "lo-fi dusty texture": 0.5739,
    "808 bass with heavy sub frequencies": 0.5504,
    "piano melody": 0.5705
  },
  "spectral": {
    "centroid_mean": 2381.9,
    "centroid_std": 356.9,
    "flatness_mean": 0.025826
  },
  "energy": {
    "rms_mean": 0.270423,
    "rms_std": 0.07004
  },
  "rhythm": {
    "onset_density_mean": 3.78,
    "onset_density_std": 0.61
  },
  "stems": null,
  "created_at": "2026-03-26T01:59:07Z",
  "meta": {
    "processing_time_sec": 40.3,
    "tracks_profiled": 10,
    "tracks_attempted": 10
  }
}