{
  "artist": "Tay Keith",
  "track_count": 10,
  "centroid_vector": [
    0.540345311164856,
    0.5359518527984619,
    0.483104944229126,
    0.4934822916984558,
    0.4985984265804291,
    0.488933265209198,
    0.49663716554641724,
    0.5213175415992737,
    0.5017494559288025,
    0.5028876066207886,
    0.47372350096702576,
    0.5485948920249939,
    0.4940282702445984,
    0.43942350149154663,
    0.5467389822006226,
    0.5096813440322876,
    0.4883084297180176,
    0.4989885687828064,
    0.5095211267471313,
    0.5397517085075378,
    0.5161229968070984,
    0.5334823131561279,
    0.579866349697113,
    0.5132752656936646,
    0.49535027146339417,
    0.551282525062561,
    0.5335816144943237,
    0.524843692779541,
    0.6017563939094543,
    0.5462811589241028,
    0.5955881476402283,
    0.6610161662101746,
    0.5763983726501465,
    0.5904197692871094,
    0.5603713393211365,
    0.5841588973999023,
    0.5759503841400146,
    0.6005387902259827,
    0.5324880480766296,
    0.557040274143219,
    0.524133563041687,
    0.4976058006286621,
    0.5066497921943665,
    0.5723584294319153,
    0.60374915599823,
    0.5157526731491089,
    0.5051930546760559,
    0.5233577489852905,
    0.4974803030490875,
    0.5307044982910156,
    0.5297165513038635,
    0.5148515701293945,
    0.5906250476837158,
    0.5470899939537048,
    0.32011324167251587,
    0.043210603296756744,
    -0.9144476056098938,
    0.753777265548706,
    0.1142151951789856,
    0.11025430262088776,
    0.09326811134815216,
    0.09717179834842682,
    -0.006235100328922272,
    0.1000434011220932,
    -0.024252599105238914,
    0.07026009261608124,
    0.0020557991228997707,
    0.04263180121779442,
    0.01601319946348667,
    0.04563619941473007,
    0.00939209945499897,
    0.04758269712328911,
    -0.010827501304447651,
    0.03913399949669838,
    0.022930899634957314,
    0.031805798411369324,
    0.2991498112678528,
    0.4520999789237976,
    0.32753950357437134,
    0.2561500370502472,
    0.529949963092804,
    0.014519999735057354,
    0.1993899941444397
  ],
  "spread_vector": [
    0.013371163047850132,
    0.017708633095026016,
    0.010983645915985107,
    0.014641087502241135,
    0.011559038423001766,
    0.011442114599049091,
    0.01708858646452427,
    0.013423393480479717,
    0.01680047996342182,
    0.0142054483294487,
    0.009737374261021614,
    0.03376662731170654,
    0.012728973291814327,
    0.007956615649163723,
    0.017835665494203568,
    0.01632881723344326,
    0.022859206423163414,
    0.015449863858520985,
    0.009225565008819103,
    0.023180929943919182,
    0.021779408678412437,
    0.01475187111645937,
    0.014881470240652561,
    0.014578435570001602,
    0.014198806136846542,
    0.01245335303246975,
    0.012964295223355293,
    0.009022580459713936,
    0.023252436891198158,
    0.02915804646909237,
    0.0195439662784338,
    0.02419157512485981,
    0.020140163600444794,
    0.017367612570524216,
    0.021891091018915176,
    0.01732068508863449,
    0.01896650716662407,
    0.032945603132247925,
    0.017852867022156715,
    0.014615763910114765,
    0.01592683233320713,
    0.02225261554121971,
    0.018872864544391632,
    0.017248686403036118,
    0.008556105196475983,
    0.028844011947512627,
    0.017596188932657242,
    0.030229980126023293,
    0.019936995580792427,
    0.014069915749132633,
    0.028465162962675095,
    0.0221250019967556,
    0.13464652001857758,
    0.13659580051898956,
    0.030940938740968704,
    0.0212213434278965,
    0.3034419119358063,
    0.09477991610765457,
    0.1809571087360382,
    0.0963449701666832,
    0.06249420344829559,
    0.061535775661468506,
    0.045540232211351395,
    0.03869856521487236,
    0.042265165597200394,
    0.02889369986951351,
    0.04665309935808182,
    0.027850287035107613,
    0.0293094702064991,
    0.02997264824807644,
    0.03552635386586189,
    0.02393925003707409,
    0.02356385625898838,
    0.017723845317959785,
    0.020130060613155365,
    0.03626757860183716,
    0.07175412029027939,
    0.06094825640320778,
    0.04031242057681084,
    0.19879929721355438,
    0.24204257130622864,
    0.013377354480326176,
    0.11517628282308578
  ],
  "vector_dim": 83,
  "tempo": {
    "bpm_mean": 134.5,
    "bpm_std": 21.5,
    "bpm_min": 92.3,
    "bpm_max": 161.5,
    "bpm_median": 139.8
  },
  "key": {
    "top_key": "G minor",
    "distribution": {
      "G minor": 0.2,
      "F# minor": 0.2,
      "D# major": 0.1,
      "D# minor": 0.1,
      "C# major": 0.1,
      "C# minor": 0.1,
      "D minor": 0.1,
      "C minor": 0.1
    }
  },
  "signature_tags": [
    {
      "tag": "lo-fi hip hop with warm textures",
      "avg_score": 0.6557,
      "frequency": 1.0
    },
    {
      "tag": "minimalist sparse production",
      "avg_score": 0.6215,
      "frequency": 1.0
    },
    {
      "tag": "drill beat with sliding 808s",
      "avg_score": 0.6064,
      "frequency": 1.0
    },
    {
      "tag": "trap beat with rolling hi-hats",
      "avg_score": 0.6033,
      "frequency": 1.0
    }
  ],
  "tag_averages": {
    "minimalist sparse production": 0.6215,
    "lo-fi hip hop with warm textures": 0.6557,
    "drill beat with sliding 808s": 0.6064,
    "pluggnb melodic beat": 0.5899,
    "rage beat with distorted synths": 0.5902,
    "trap beat with rolling hi-hats": 0.6033,
    "R&B smooth instrumental": 0.5821,
    "afrobeat rhythmic percussion": 0.5939,
    "mid-tempo groove": 0.5684,
    "hype and energetic mood": 0.5863,
    "uplifting and triumphant feel": 0.5644,
    "slow tempo beat": 0.596,
    "synth pad atmosphere": 0.6007,
    "soul sample with vinyl warmth": 0.5897,
    "triplet hi-hat flow": 0.578,
    "jersey club with fast kicks": 0.5592,
    "choir and vocal chops": 0.5857,
    "aggressive and hard-hitting energy": 0.5809,
    "chill and relaxed vibes": 0.5246,
    "mysterious and suspenseful mood": 0.5243,
    "boom bap with chopped samples": 0.588,
    "808 bass with heavy sub frequencies": 0.5339,
    "synthesizer lead melody": 0.5871,
    "acoustic drum kit": 0.5369
  },
  "spectral": {
    "centroid_mean": 2560.9,
    "centroid_std": 247.5,
    "flatness_mean": 0.043211
  },
  "energy": {
    "rms_mean": 0.29915,
    "rms_std": 0.071754
  },
  "rhythm": {
    "onset_density_mean": 4.52,
    "onset_density_std": 0.61
  },
  "stems": {
    "drums": {
      "mix_ratio_mean": 0.2561,
      "mix_ratio_std": 0.1988
    },
    "bass": {
      "mix_ratio_mean": 0.5299,
      "mix_ratio_std": 0.242
    },
    "other": {
      "mix_ratio_mean": 0.0145,
      "mix_ratio_std": 0.0134
    },
    "vocals": {
      "mix_ratio_mean": 0.1994,
      "mix_ratio_std": 0.1152
    }
  },
  "created_at": "2026-03-26T23:59:28Z",
  "meta": {
    "processing_time_sec": 1136.0,
    "tracks_profiled": 10,
    "tracks_attempted": 10
  }
}