{
  "artist": "Taylor Swift",
  "track_count": 10,
  "centroid_vector": [
    0.051006436347961426,
    0.05066001042723656,
    0.047022003680467606,
    0.0527624748647213,
    0.05411911755800247,
    0.04897307977080345,
    0.05329359695315361,
    0.05761324241757393,
    0.05488552525639534,
    0.05332581326365471,
    0.05079585313796997,
    0.05560139939188957,
    0.048677150160074234,
    0.048744019120931625,
    0.056710924953222275,
    0.0508410818874836,
    0.048735205084085464,
    0.05047943815588951,
    0.05258110165596008,
    0.05102923512458801,
    0.0558248832821846,
    0.05744258314371109,
    0.06104514002799988,
    0.0568881630897522,
    0.052905626595020294,
    0.05993223190307617,
    0.05725248530507088,
    0.05395195633172989,
    0.05881941318511963,
    0.049649711698293686,
    0.05886838585138321,
    0.0617469847202301,
    0.05920574069023132,
    0.05640185624361038,
    0.054257359355688095,
    0.057676732540130615,
    0.06034945324063301,
    0.06111304834485054,
    0.052483510226011276,
    0.05585654452443123,
    0.051989685744047165,
    0.048633258789777756,
    0.04932316020131111,
    0.055290188640356064,
    0.06000545248389244,
    0.055973589420318604,
    0.0501684732735157,
    0.053532492369413376,
    0.050482142716646194,
    0.05403165891766548,
    0.05072543025016785,
    0.05175675079226494,
    3.3355000019073486,
    3.8949499130249023,
    1.0777136087417603,
    0.14584480226039886,
    -9.83267593383789,
    5.679103851318359,
    0.40216565132141113,
    1.3125004768371582,
    0.528877854347229,
    0.17926621437072754,
    0.3113124370574951,
    0.13954982161521912,
    0.167697012424469,
    0.28501802682876587,
    -0.10519739985466003,
    0.16298100352287292,
    -0.11294038593769073,
    0.2525345981121063,
    -0.0825863927602768,
    0.14151480793952942,
    -0.06376980245113373,
    0.07224240899085999,
    -0.09436558932065964,
    0.19386300444602966,
    0.5979289412498474,
    1.9938000440597534,
    1.7128751277923584,
    0.0,
    0.0,
    0.0,
    0.0
  ],
  "spread_vector": [
    0.002444009529426694,
    0.0018245562678202987,
    0.0019946936517953873,
    0.0018671011785045266,
    0.0022140657529234886,
    0.0024574107956141233,
    0.0020313134882599115,
    0.002588872564956546,
    0.0021064206957817078,
    0.002139776712283492,
    0.0018763061380013824,
    0.00339931040070951,
    0.002371865091845393,
    0.0016913600265979767,
    0.0031024913769215345,
    0.0012168781831860542,
    0.0026595357339829206,
    0.0035474456381052732,
    0.0019269854528829455,
    0.0021836485248059034,
    0.0019606335554271936,
    0.0024131156969815493,
    0.003160559106618166,
    0.002453240565955639,
    0.0019539545755833387,
    0.002820407273247838,
    0.002431045053526759,
    0.0018341332906857133,
    0.003395900595933199,
    0.00486048823222518,
    0.0037643250543624163,
    0.0029394461307674646,
    0.0020503990817815065,
    0.0027419242542237043,
    0.0030723533127456903,
    0.0036604497581720352,
    0.002982168225571513,
    0.003031218657270074,
    0.002468009479343891,
    0.001981140812858939,
    0.0025620514061301947,
    0.003347167046740651,
    0.002300345106050372,
    0.0026830609422177076,
    0.0022867415100336075,
    0.0028068122919648886,
    0.002492222934961319,
    0.002434931229799986,
    0.0032325100619345903,
    0.0019619569648057222,
    0.0031589672435075045,
    0.0020351086277514696,
    0.68259596824646,
    0.35567060112953186,
    0.1581183224916458,
    0.043870653957128525,
    2.4837193489074707,
    0.6772285103797913,
    0.681986927986145,
    0.33109164237976074,
    0.2703093886375427,
    0.12514029443264008,
    0.17195604741573334,
    0.16205154359340668,
    0.1905481219291687,
    0.14990219473838806,
    0.18124528229236603,
    0.09383304417133331,
    0.1378623992204666,
    0.17630504071712494,
    0.14598365128040314,
    0.17170189321041107,
    0.12990853190422058,
    0.14243319630622864,
    0.09455983340740204,
    0.09469491243362427,
    0.17276990413665771,
    0.36110877990722656,
    0.6033685207366943,
    0.0,
    0.0,
    0.0,
    0.0
  ],
  "vector_dim": 83,
  "tempo": {
    "bpm_mean": 106.7,
    "bpm_std": 13.7,
    "bpm_min": 89.1,
    "bpm_max": 129.2,
    "bpm_median": 101.7
  },
  "key": {
    "top_key": "C major",
    "distribution": {
      "C major": 0.3,
      "C# minor": 0.1,
      "B major": 0.1,
      "G major": 0.1,
      "C minor": 0.1,
      "C# major": 0.1,
      "D major": 0.1,
      "A minor": 0.1
    }
  },
  "signature_tags": [
    {
      "tag": "hype and energetic mood",
      "avg_score": 0.6246,
      "frequency": 0.9
    },
    {
      "tag": "pluggnb melodic beat",
      "avg_score": 0.6142,
      "frequency": 0.9
    },
    {
      "tag": "lo-fi hip hop with warm textures",
      "avg_score": 0.6141,
      "frequency": 1.0
    },
    {
      "tag": "soul sample with vinyl warmth",
      "avg_score": 0.6053,
      "frequency": 1.0
    },
    {
      "tag": "uplifting and triumphant feel",
      "avg_score": 0.6044,
      "frequency": 1.0
    },
    {
      "tag": "minimalist sparse production",
      "avg_score": 0.6006,
      "frequency": 0.9
    }
  ],
  "tag_averages": {
    "hype and energetic mood": 0.6246,
    "lo-fi hip hop with warm textures": 0.6141,
    "soul sample with vinyl warmth": 0.6053,
    "uplifting and triumphant feel": 0.6044,
    "pluggnb melodic beat": 0.6142,
    "trap beat with rolling hi-hats": 0.592,
    "R&B smooth instrumental": 0.5872,
    "rage beat with distorted synths": 0.5893,
    "minimalist sparse production": 0.6006,
    "drill beat with sliding 808s": 0.5908,
    "synth pad atmosphere": 0.5887,
    "chill and relaxed vibes": 0.5708,
    "acoustic drum kit": 0.5906,
    "choir and vocal chops": 0.593,
    "mid-tempo groove": 0.5693,
    "mysterious and suspenseful mood": 0.5989,
    "layered and dense arrangement": 0.6053,
    "ethereal and dreamy atmosphere": 0.5998,
    "playful and bouncy energy": 0.6172,
    "dark and ominous mood": 0.6154,
    "heavy reverb and spacious": 0.5963,
    "jersey club with fast kicks": 0.5951,
    "orchestral strings": 0.579,
    "vinyl crackle and texture": 0.5745,
    "bell sounds and chimes": 0.5709,
    "lo-fi dusty texture": 0.5704,
    "afrobeat rhythmic percussion": 0.5791,
    "synthesizer lead melody": 0.6032,
    "triplet hi-hat flow": 0.5644,
    "melodic and emotional feel": 0.5718
  },
  "spectral": {
    "centroid_mean": 2155.4,
    "centroid_std": 316.2,
    "flatness_mean": 0.036461
  },
  "energy": {
    "rms_mean": 0.119586,
    "rms_std": 0.034554
  },
  "rhythm": {
    "onset_density_mean": 3.32,
    "onset_density_std": 0.6
  },
  "stems": null,
  "created_at": "2026-03-26T02:00:20Z",
  "meta": {
    "processing_time_sec": 50.9,
    "tracks_profiled": 10,
    "tracks_attempted": 10
  }
}