{
  "artist": "Travis Scott",
  "track_count": 20,
  "centroid_vector": [
    0.052936989814043045,
    0.052468717098236084,
    0.047735508531332016,
    0.051770057529211044,
    0.052684225142002106,
    0.05005842074751854,
    0.053035397082567215,
    0.05651959404349327,
    0.05300572142004967,
    0.05267771705985069,
    0.04877173528075218,
    0.05553486943244934,
    0.04995773360133171,
    0.0468122623860836,
    0.056015580892562866,
    0.050910938531160355,
    0.049066368490457535,
    0.050835490226745605,
    0.05284733697772026,
    0.05330782011151314,
    0.05344804748892784,
    0.055137552320957184,
    0.06036139652132988,
    0.05438396334648132,
    0.05072477459907532,
    0.05901743099093437,
    0.05578593164682388,
    0.053445588797330856,
    0.05952085927128792,
    0.0527532659471035,
    0.060365140438079834,
    0.06557351350784302,
    0.05902670696377754,
    0.05890543386340141,
    0.055843204259872437,
    0.05891352519392967,
    0.06042276695370674,
    0.061039477586746216,
    0.05389991030097008,
    0.056721847504377365,
    0.05319260433316231,
    0.04980603978037834,
    0.04946526512503624,
    0.05723020061850548,
    0.06204015761613846,
    0.05386625602841377,
    0.05098331719636917,
    0.05306053161621094,
    0.050532758235931396,
    0.05503359064459801,
    0.05201340839266777,
    0.051093120127916336,
    4.61899995803833,
    3.2033495903015137,
    1.193091869354248,
    0.12616698443889618,
    -5.185665130615234,
    5.259159088134766,
    0.6459510326385498,
    0.853570818901062,
    0.43493008613586426,
    0.5296299457550049,
    -0.15935248136520386,
    0.3831189274787903,
    -0.13770028948783875,
    0.43158841133117676,
    -0.06276209652423859,
    0.2991650700569153,
    0.012146398425102234,
    0.13532009720802307,
    0.01151520200073719,
    0.26252251863479614,
    -0.17316660284996033,
    0.2515869140625,
    0.02179139479994774,
    0.1250862032175064,
    1.3117711544036865,
    1.9544997215270996,
    1.930357575416565,
    0.0,
    0.0,
    0.0,
    0.0
  ],
  "spread_vector": [
    0.0025504191871732473,
    0.0017640937585383654,
    0.0014800288481637836,
    0.0021771222818642855,
    0.0026854120660573244,
    0.0024234901648014784,
    0.0034629867877811193,
    0.0039031244814395905,
    0.002748097525909543,
    0.002401352394372225,
    0.001793641597032547,
    0.003092721803113818,
    0.001799367950297892,
    0.002575586549937725,
    0.002108439803123474,
    0.001539916847832501,
    0.0025028788950294256,
    0.0025814741384238005,
    0.00262893526814878,
    0.0021654663141816854,
    0.002857051556929946,
    0.002670158399268985,
    0.002890509320423007,
    0.002968050306662917,
    0.001976520288735628,
    0.0033114824909716845,
    0.0025616695638746023,
    0.0021148244850337505,
    0.002359717385843396,
    0.0023915180936455727,
    0.003850004868581891,
    0.0032187083270400763,
    0.0027294333558529615,
    0.002440051408484578,
    0.0029162007849663496,
    0.002822362119331956,
    0.0035573921632021666,
    0.003361692652106285,
    0.0024253649171441793,
    0.002230965532362461,
    0.0022773293312639,
    0.0028422281611710787,
    0.001650214078836143,
    0.0022499689366668463,
    0.0035010071005672216,
    0.0037575692404061556,
    0.0023364319931715727,
    0.002540197456255555,
    0.0024708514101803303,
    0.002640574937686324,
    0.002259292174130678,
    0.0017971640918403864,
    0.9676693081855774,
    0.6921648979187012,
    0.1742931455373764,
    0.07558099180459976,
    2.042259693145752,
    0.8231861591339111,
    0.5998037457466125,
    0.4371865391731262,
    0.33584123849868774,
    0.28640690445899963,
    0.19138264656066895,
    0.22689974308013916,
    0.2004300057888031,
    0.2392379641532898,
    0.19343194365501404,
    0.1812140792608261,
    0.19351792335510254,
    0.152892604470253,
    0.17977511882781982,
    0.16251343488693237,
    0.16137073934078217,
    0.1540309488773346,
    0.10168922692537308,
    0.11640942096710205,
    0.31762516498565674,
    0.3654579818248749,
    0.466357558965683,
    0.0,
    0.0,
    0.0,
    0.0
  ],
  "vector_dim": 83,
  "tempo": {
    "bpm_mean": 132.4,
    "bpm_std": 19.4,
    "bpm_min": 95.7,
    "bpm_max": 152.0,
    "bpm_median": 132.6
  },
  "key": {
    "top_key": "D minor",
    "distribution": {
      "D minor": 0.2,
      "C# minor": 0.15,
      "D# major": 0.1,
      "A minor": 0.1,
      "A# minor": 0.1,
      "C major": 0.1,
      "D# minor": 0.1,
      "G# major": 0.05,
      "G minor": 0.05,
      "A# major": 0.05
    }
  },
  "signature_tags": [
    {
      "tag": "lo-fi hip hop with warm textures",
      "avg_score": 0.6573,
      "frequency": 1.0
    },
    {
      "tag": "minimalist sparse production",
      "avg_score": 0.6154,
      "frequency": 0.95
    },
    {
      "tag": "soul sample with vinyl warmth",
      "avg_score": 0.6112,
      "frequency": 1.0
    },
    {
      "tag": "drill beat with sliding 808s",
      "avg_score": 0.6099,
      "frequency": 0.95
    },
    {
      "tag": "hype and energetic mood",
      "avg_score": 0.6004,
      "frequency": 1.0
    },
    {
      "tag": "pluggnb melodic beat",
      "avg_score": 0.6002,
      "frequency": 1.0
    }
  ],
  "tag_averages": {
    "lo-fi hip hop with warm textures": 0.6573,
    "soul sample with vinyl warmth": 0.6112,
    "minimalist sparse production": 0.6154,
    "drill beat with sliding 808s": 0.6099,
    "afrobeat rhythmic percussion": 0.5911,
    "trap beat with rolling hi-hats": 0.598,
    "R&B smooth instrumental": 0.5948,
    "pluggnb melodic beat": 0.6002,
    "rage beat with distorted synths": 0.5936,
    "hype and energetic mood": 0.6004,
    "triplet hi-hat flow": 0.5776,
    "choir and vocal chops": 0.5811,
    "mid-tempo groove": 0.5692,
    "jersey club with fast kicks": 0.5763,
    "uplifting and triumphant feel": 0.5831,
    "mysterious and suspenseful mood": 0.5575,
    "chill and relaxed vibes": 0.5577,
    "acoustic drum kit": 0.5637,
    "synth pad atmosphere": 0.5705,
    "lo-fi dusty texture": 0.5745,
    "ethereal and dreamy atmosphere": 0.57,
    "808 bass with heavy sub frequencies": 0.53,
    "acoustic guitar": 0.5806,
    "clean and polished mix": 0.5498,
    "crisp hi-hat patterns": 0.6104,
    "slow tempo beat": 0.6013,
    "synthesizer lead melody": 0.5561,
    "layered and dense arrangement": 0.5629
  },
  "spectral": {
    "centroid_mean": 2386.2,
    "centroid_std": 348.6,
    "flatness_mean": 0.031542
  },
  "energy": {
    "rms_mean": 0.262354,
    "rms_std": 0.063525
  },
  "rhythm": {
    "onset_density_mean": 3.26,
    "onset_density_std": 0.61
  },
  "stems": null,
  "created_at": "2026-03-25T23:42:58Z",
  "meta": {
    "processing_time_sec": 101.9,
    "tracks_profiled": 20,
    "tracks_attempted": 20
  }
}