{
  "artist": "Tyler The Creator",
  "track_count": 10,
  "centroid_vector": [
    0.05386104807257652,
    0.053269851952791214,
    0.04781990125775337,
    0.05159661918878555,
    0.05189231038093567,
    0.05018457770347595,
    0.05244721099734306,
    0.05610997602343559,
    0.05292140319943428,
    0.05126543715596199,
    0.04852646216750145,
    0.055845584720373154,
    0.04928961768746376,
    0.04643880948424339,
    0.05543830618262291,
    0.050602711737155914,
    0.050111304968595505,
    0.05014881119132042,
    0.05260709673166275,
    0.05387888103723526,
    0.05347732827067375,
    0.05479086562991142,
    0.06014968082308769,
    0.05384939908981323,
    0.05006381496787071,
    0.05793974921107292,
    0.05514577776193619,
    0.05302208662033081,
    0.06018603965640068,
    0.053534191101789474,
    0.060888707637786865,
    0.066929392516613,
    0.059228844940662384,
    0.05889054015278816,
    0.05599689483642578,
    0.060413289815187454,
    0.060845691710710526,
    0.06141278147697449,
    0.05453848838806152,
    0.05807466432452202,
    0.05399352312088013,
    0.050819482654333115,
    0.050624359399080276,
    0.05692410096526146,
    0.06235932186245918,
    0.05493065342307091,
    0.05135582759976387,
    0.0526626817882061,
    0.050316836684942245,
    0.055169928818941116,
    0.05365430936217308,
    0.05083605274558067,
    4.036499977111816,
    2.7007999420166016,
    1.1263434886932373,
    0.2038331925868988,
    -6.727090358734131,
    5.326537132263184,
    0.10098360478878021,
    1.0833715200424194,
    0.35495996475219727,
    0.34924501180648804,
    -0.009689399972558022,
    0.3184848427772522,
    -0.1652340292930603,
    0.3042197823524475,
    -0.16226160526275635,
    0.15238377451896667,
    -0.06485579162836075,
    0.1650455892086029,
    -0.01788479834794998,
    0.15019920468330383,
    -0.1748453974723816,
    0.12795300781726837,
    -0.07101179659366608,
    0.11559420078992844,
    1.075945496559143,
    1.69920015335083,
    1.425487995147705,
    0.0,
    0.0,
    0.0,
    0.0
  ],
  "spread_vector": [
    0.0022585876286029816,
    0.0026319583412259817,
    0.0014005642151460052,
    0.004134914837777615,
    0.004306918941438198,
    0.003060305258259177,
    0.00429344130679965,
    0.005044626537710428,
    0.003547289641574025,
    0.0034017108846455812,
    0.002775894245132804,
    0.0025281114503741264,
    0.001433833851478994,
    0.003968363162130117,
    0.0023621241562068462,
    0.0015912543749436736,
    0.0020245539490133524,
    0.0016155921621248126,
    0.0032514946069568396,
    0.0020463864784687757,
    0.0036287859547883272,
    0.003256674623116851,
    0.0028213828336447477,
    0.00415455736219883,
    0.0033486459869891405,
    0.003723329398781061,
    0.003579461947083473,
    0.001446859329007566,
    0.0034602691885083914,
    0.003559134202077985,
    0.003966225776821375,
    0.0034261606633663177,
    0.0030010126065462828,
    0.002446515252813697,
    0.0025578232016414404,
    0.0030404215212911367,
    0.0038430974818766117,
    0.003078186186030507,
    0.00453362287953496,
    0.003689166624099016,
    0.003919815178960562,
    0.0039061710704118013,
    0.0035170249175280333,
    0.002874037018045783,
    0.004170863889157772,
    0.0031229222659021616,
    0.002021171385422349,
    0.002663233084604144,
    0.0024631652049720287,
    0.0036509979981929064,
    0.003419347573071718,
    0.0016980490181595087,
    1.6057552099227905,
    0.564583420753479,
    0.12228631228208542,
    0.15281762182712555,
    2.0295324325561523,
    0.7560168504714966,
    1.000546932220459,
    0.439086377620697,
    0.36569395661354065,
    0.33681315183639526,
    0.17637509107589722,
    0.30214303731918335,
    0.23442012071609497,
    0.17532426118850708,
    0.2072441577911377,
    0.17030318081378937,
    0.13858838379383087,
    0.18071722984313965,
    0.14995336532592773,
    0.09768562018871307,
    0.14525975286960602,
    0.1320204883813858,
    0.13214431703090668,
    0.09549179673194885,
    0.3611948490142822,
    0.36701956391334534,
    0.2757401466369629,
    0.0,
    0.0,
    0.0,
    0.0
  ],
  "vector_dim": 83,
  "tempo": {
    "bpm_mean": 120.7,
    "bpm_std": 32.1,
    "bpm_min": 63.0,
    "bpm_max": 161.5,
    "bpm_median": 126.8
  },
  "key": {
    "top_key": "D# minor",
    "distribution": {
      "D# minor": 0.2,
      "A# minor": 0.1,
      "D major": 0.1,
      "G# minor": 0.1,
      "D# major": 0.1,
      "C# major": 0.1,
      "A minor": 0.1,
      "C minor": 0.1,
      "E minor": 0.1
    }
  },
  "signature_tags": [
    {
      "tag": "lo-fi hip hop with warm textures",
      "avg_score": 0.6527,
      "frequency": 1.0
    }
  ],
  "tag_averages": {
    "lo-fi hip hop with warm textures": 0.6527,
    "minimalist sparse production": 0.599,
    "drill beat with sliding 808s": 0.5955,
    "pluggnb melodic beat": 0.5864,
    "trap beat with rolling hi-hats": 0.5937,
    "rage beat with distorted synths": 0.5945,
    "soul sample with vinyl warmth": 0.598,
    "hype and energetic mood": 0.5857,
    "uplifting and triumphant feel": 0.5781,
    "triplet hi-hat flow": 0.5653,
    "mid-tempo groove": 0.5748,
    "afrobeat rhythmic percussion": 0.5849,
    "R&B smooth instrumental": 0.5875,
    "jersey club with fast kicks": 0.5786,
    "synth pad atmosphere": 0.5565,
    "choir and vocal chops": 0.5704,
    "boom bap with chopped samples": 0.581,
    "punchy and compressed drums": 0.568,
    "acoustic drum kit": 0.5584,
    "layered and dense arrangement": 0.5595,
    "chill and relaxed vibes": 0.5573,
    "slow tempo beat": 0.5681,
    "808 bass with heavy sub frequencies": 0.5599,
    "fast tempo beat": 0.5564,
    "ethereal and dreamy atmosphere": 0.5447,
    "melodic and emotional feel": 0.5422,
    "aggressive and hard-hitting energy": 0.5859
  },
  "spectral": {
    "centroid_mean": 2252.7,
    "centroid_std": 244.6,
    "flatness_mean": 0.050958
  },
  "energy": {
    "rms_mean": 0.215189,
    "rms_std": 0.072239
  },
  "rhythm": {
    "onset_density_mean": 2.83,
    "onset_density_std": 0.61
  },
  "stems": null,
  "created_at": "2026-03-26T02:01:20Z",
  "meta": {
    "processing_time_sec": 41.6,
    "tracks_profiled": 10,
    "tracks_attempted": 10
  }
}