{
  "artist": "usher",
  "track_count": 10,
  "centroid_vector": [
    0.050368618220090866,
    0.05273462459445,
    0.04804043844342232,
    0.05255293473601341,
    0.05356704816222191,
    0.04904261603951454,
    0.05216125398874283,
    0.053639043122529984,
    0.052423298358917236,
    0.05224386602640152,
    0.0503830686211586,
    0.05632699280977249,
    0.049640949815511703,
    0.04691759869456291,
    0.056500375270843506,
    0.05224142223596573,
    0.047702427953481674,
    0.04830791428685188,
    0.049409810453653336,
    0.05042386054992676,
    0.05317794904112816,
    0.055621612817049026,
    0.05884001404047012,
    0.052442826330661774,
    0.050387151539325714,
    0.05777863413095474,
    0.054504383355379105,
    0.052229274064302444,
    0.058847058564424515,
    0.0501948706805706,
    0.05861150845885277,
    0.06303766369819641,
    0.058778513222932816,
    0.05781831964850426,
    0.05436936020851135,
    0.05695737525820732,
    0.058735162019729614,
    0.06074214726686478,
    0.05214354023337364,
    0.056892722845077515,
    0.052041321992874146,
    0.048062290996313095,
    0.05009523779153824,
    0.05686680227518082,
    0.0594940260052681,
    0.051920998841524124,
    0.04936755821108818,
    0.052185770124197006,
    0.04821421578526497,
    0.0526123121380806,
    0.05077823996543884,
    0.05025111511349678,
    3.8050003051757812,
    2.9385998249053955,
    1.3532354831695557,
    0.14932799339294434,
    -7.269443035125732,
    4.180046558380127,
    0.4391345977783203,
    0.8131811618804932,
    0.3688739538192749,
    0.2404698133468628,
    -0.16427159309387207,
    0.4079717695713043,
    -0.30038881301879883,
    0.3476165533065796,
    0.034812599420547485,
    0.11806201189756393,
    0.017247598618268967,
    0.126270592212677,
    -0.06274139881134033,
    0.058090802282094955,
    -0.07416360080242157,
    0.29604479670524597,
    0.006292793434113264,
    0.15811020135879517,
    0.8721650242805481,
    1.918799877166748,
    1.8983283042907715,
    0.0,
    0.0,
    0.0,
    0.0
  ],
  "spread_vector": [
    0.0017663525650277734,
    0.0021507383789867163,
    0.0016108518466353416,
    0.0024060073774307966,
    0.0032579246908426285,
    0.0018799375975504518,
    0.002443182049319148,
    0.0023697568103671074,
    0.00250078272074461,
    0.003015361027792096,
    0.0013654938666149974,
    0.002403878141194582,
    0.0011361857177689672,
    0.0024151699617505074,
    0.0032248643692582846,
    0.000782918359618634,
    0.0013748662313446403,
    0.0012587613891810179,
    0.0016012464184314013,
    0.001870898180641234,
    0.00304101943038404,
    0.0035334937274456024,
    0.0025632416363805532,
    0.0028245754074305296,
    0.002618954284116626,
    0.0020597034599632025,
    0.002564713591709733,
    0.0014594452222809196,
    0.0032230918295681477,
    0.001970661571249366,
    0.003373530460521579,
    0.0025823081377893686,
    0.004003763198852539,
    0.003746411530300975,
    0.00216761720366776,
    0.0026594947557896376,
    0.0032021955121308565,
    0.004089610651135445,
    0.0028805385809391737,
    0.003376262728124857,
    0.002986006671562791,
    0.0026723339688032866,
    0.002457287861034274,
    0.0024385773576796055,
    0.0030095658730715513,
    0.0028047484811395407,
    0.00162527896463871,
    0.0029603762086480856,
    0.00158071075566113,
    0.002325909910723567,
    0.0017953228671103716,
    0.0017107818275690079,
    1.0441335439682007,
    0.6428220272064209,
    0.27378183603286743,
    0.05586499720811844,
    2.7556347846984863,
    1.359192967414856,
    0.9008971452713013,
    0.5191556811332703,
    0.4528174102306366,
    0.24577122926712036,
    0.2794102132320404,
    0.16290169954299927,
    0.208870992064476,
    0.22274625301361084,
    0.14964838325977325,
    0.3244050145149231,
    0.2263399362564087,
    0.2062099575996399,
    0.1644643098115921,
    0.20664091408252716,
    0.2801674008369446,
    0.38024455308914185,
    0.459273099899292,
    0.21804887056350708,
    0.41236603260040283,
    0.46280810236930847,
    0.5699328780174255,
    0.0,
    0.0,
    0.0,
    0.0
  ],
  "vector_dim": 83,
  "tempo": {
    "bpm_mean": 116.1,
    "bpm_std": 20.9,
    "bpm_min": 95.7,
    "bpm_max": 161.5,
    "bpm_median": 107.8
  },
  "key": {
    "top_key": "E minor",
    "distribution": {
      "E minor": 0.2,
      "G# major": 0.2,
      "A# minor": 0.1,
      "D# minor": 0.1,
      "G minor": 0.1,
      "A# major": 0.1,
      "D major": 0.1,
      "F major": 0.1
    }
  },
  "signature_tags": [
    {
      "tag": "lo-fi hip hop with warm textures",
      "avg_score": 0.6379,
      "frequency": 1.0
    },
    {
      "tag": "soul sample with vinyl warmth",
      "avg_score": 0.6121,
      "frequency": 1.0
    },
    {
      "tag": "R&B smooth instrumental",
      "avg_score": 0.6049,
      "frequency": 0.9
    }
  ],
  "tag_averages": {
    "lo-fi hip hop with warm textures": 0.6379,
    "minimalist sparse production": 0.5995,
    "rage beat with distorted synths": 0.5879,
    "drill beat with sliding 808s": 0.5923,
    "pluggnb melodic beat": 0.5978,
    "trap beat with rolling hi-hats": 0.5898,
    "triplet hi-hat flow": 0.575,
    "hype and energetic mood": 0.5937,
    "uplifting and triumphant feel": 0.5784,
    "mid-tempo groove": 0.5778,
    "soul sample with vinyl warmth": 0.6121,
    "afrobeat rhythmic percussion": 0.5784,
    "synthesizer lead melody": 0.5362,
    "R&B smooth instrumental": 0.6049,
    "crisp hi-hat patterns": 0.5312,
    "choir and vocal chops": 0.5842,
    "acoustic drum kit": 0.59,
    "chill and relaxed vibes": 0.581,
    "acoustic guitar": 0.5634,
    "synth pad atmosphere": 0.5649,
    "mysterious and suspenseful mood": 0.5581,
    "jersey club with fast kicks": 0.5521,
    "melodic and emotional feel": 0.5603
  },
  "spectral": {
    "centroid_mean": 2706.5,
    "centroid_std": 547.6,
    "flatness_mean": 0.037332
  },
  "energy": {
    "rms_mean": 0.174433,
    "rms_std": 0.082473
  },
  "rhythm": {
    "onset_density_mean": 3.2,
    "onset_density_std": 0.77
  },
  "stems": null,
  "created_at": "2026-03-26T02:08:52Z",
  "meta": {
    "processing_time_sec": 44.6,
    "tracks_profiled": 10,
    "tracks_attempted": 10
  }
}