{
  "artist": "vybz kartel",
  "track_count": 10,
  "centroid_vector": [
    0.052107375115156174,
    0.04975127801299095,
    0.04576292261481285,
    0.04983082041144371,
    0.050946664065122604,
    0.047554727643728256,
    0.05287942290306091,
    0.0551384799182415,
    0.05184323340654373,
    0.05260106921195984,
    0.04744588956236839,
    0.05364123731851578,
    0.04863842949271202,
    0.046678077429533005,
    0.053849685937166214,
    0.0488164909183979,
    0.04702137038111687,
    0.04920269176363945,
    0.049931447952985764,
    0.05057094618678093,
    0.052064426243305206,
    0.054106205701828,
    0.058562081307172775,
    0.052430786192417145,
    0.04810422286391258,
    0.05774162337183952,
    0.05303234979510307,
    0.052649058401584625,
    0.057594504207372665,
    0.05012049153447151,
    0.059480585157871246,
    0.06280624121427536,
    0.057640161365270615,
    0.060945577919483185,
    0.05368823558092117,
    0.05710386857390404,
    0.059648074209690094,
    0.05705917999148369,
    0.05182775482535362,
    0.056928396224975586,
    0.051706600934267044,
    0.04680643603205681,
    0.0473095141351223,
    0.05497244745492935,
    0.06123235449194908,
    0.052808742970228195,
    0.04946201667189598,
    0.05147983506321907,
    0.047962676733732224,
    0.05233820900321007,
    0.04900799319148064,
    0.050120700150728226,
    3.8464999198913574,
    3.3490500450134277,
    1.1048815250396729,
    0.1581815928220749,
    -5.355342864990234,
    5.5254106521606445,
    0.44381698966026306,
    0.817080020904541,
    0.2944667935371399,
    0.452881783246994,
    -0.17464441061019897,
    0.1008756011724472,
    -0.31679463386535645,
    0.13298280537128448,
    -0.10603919625282288,
    0.1242137923836708,
    -0.1130274087190628,
    0.05846939980983734,
    -0.10265160351991653,
    0.12122280895709991,
    -0.2007168084383011,
    0.02534160017967224,
    -0.1270589828491211,
    -0.009702000766992569,
    1.2941207885742188,
    2.4060001373291016,
    1.1095199584960938,
    0.0,
    0.0,
    0.0,
    0.0
  ],
  "spread_vector": [
    0.0011090193875133991,
    0.0012418810511007905,
    0.0010611588368192315,
    0.002598398132249713,
    0.002062588930130005,
    0.0018415473168715835,
    0.002187062054872513,
    0.002925392473116517,
    0.0015288564609363675,
    0.002285911701619625,
    0.0021687617991119623,
    0.0029251042287796736,
    0.00144921091850847,
    0.002867749659344554,
    0.001747740083374083,
    0.001345116295851767,
    0.0011943065328523517,
    0.001356535474769771,
    0.0019163653487339616,
    0.0022796206176280975,
    0.002407233929261565,
    0.0025259852409362793,
    0.002330375136807561,
    0.0024670716375112534,
    0.0022490788251161575,
    0.0023572768550366163,
    0.001852861256338656,
    0.0015048837522044778,
    0.0021625200752168894,
    0.0025388000067323446,
    0.0017192986560985446,
    0.0018151035765185952,
    0.002394141396507621,
    0.003292339388281107,
    0.003109724959358573,
    0.0014755412703379989,
    0.0021555479615926743,
    0.002137216739356518,
    0.001824490143917501,
    0.0017591709038242698,
    0.00177998305298388,
    0.0018502532038837671,
    0.0012352437479421496,
    0.0018123768968507648,
    0.0025002590846270323,
    0.002442406490445137,
    0.0014181270962581038,
    0.0019194284686818719,
    0.0016712377546355128,
    0.0018941231537610292,
    0.0021324302069842815,
    0.0016127246199175715,
    0.7859931588172913,
    0.6227190494537354,
    0.1583927869796753,
    0.06307066231966019,
    1.9190516471862793,
    0.8264670372009277,
    0.46392786502838135,
    0.7233769297599792,
    0.382307231426239,
    0.23050007224082947,
    0.25549742579460144,
    0.2821236550807953,
    0.058503419160842896,
    0.21725702285766602,
    0.20208072662353516,
    0.18447993695735931,
    0.2745680809020996,
    0.20767390727996826,
    0.16272269189357758,
    0.22197313606739044,
    0.10494734346866608,
    0.11836474388837814,
    0.17662236094474792,
    0.08667629957199097,
    0.2924318313598633,
    0.42613518238067627,
    0.19469399750232697,
    0.0,
    0.0,
    0.0,
    0.0
  ],
  "vector_dim": 83,
  "tempo": {
    "bpm_mean": 116.9,
    "bpm_std": 15.7,
    "bpm_min": 95.7,
    "bpm_max": 143.6,
    "bpm_median": 117.7
  },
  "key": {
    "top_key": "G minor",
    "distribution": {
      "G minor": 0.2,
      "C minor": 0.2,
      "G# major": 0.1,
      "E minor": 0.1,
      "C# major": 0.1,
      "C major": 0.1,
      "F minor": 0.1,
      "B minor": 0.1
    }
  },
  "signature_tags": [
    {
      "tag": "lo-fi hip hop with warm textures",
      "avg_score": 0.6281,
      "frequency": 1.0
    },
    {
      "tag": "afrobeat rhythmic percussion",
      "avg_score": 0.6031,
      "frequency": 1.0
    }
  ],
  "tag_averages": {
    "lo-fi hip hop with warm textures": 0.6281,
    "minimalist sparse production": 0.5973,
    "R&B smooth instrumental": 0.5723,
    "afrobeat rhythmic percussion": 0.6031,
    "drill beat with sliding 808s": 0.5873,
    "pluggnb melodic beat": 0.582,
    "uplifting and triumphant feel": 0.5682,
    "soul sample with vinyl warmth": 0.5699,
    "hype and energetic mood": 0.5775,
    "trap beat with rolling hi-hats": 0.5714,
    "rage beat with distorted synths": 0.5641,
    "mid-tempo groove": 0.5602,
    "acoustic drum kit": 0.5456,
    "chill and relaxed vibes": 0.5486,
    "synth pad atmosphere": 0.544,
    "choir and vocal chops": 0.5722,
    "melodic and emotional feel": 0.5665,
    "layered and dense arrangement": 0.5648,
    "triplet hi-hat flow": 0.5491,
    "mysterious and suspenseful mood": 0.5303,
    "ethereal and dreamy atmosphere": 0.5812,
    "jersey club with fast kicks": 0.558,
    "boom bap with chopped samples": 0.5419
  },
  "spectral": {
    "centroid_mean": 2209.8,
    "centroid_std": 316.8,
    "flatness_mean": 0.039545
  },
  "energy": {
    "rms_mean": 0.258824,
    "rms_std": 0.058486
  },
  "rhythm": {
    "onset_density_mean": 4.01,
    "onset_density_std": 0.71
  },
  "stems": null,
  "created_at": "2026-03-26T01:00:49Z",
  "meta": {
    "processing_time_sec": 41.6,
    "tracks_profiled": 10,
    "tracks_attempted": 10
  }
}