{
  "artist": "Wheezy",
  "track_count": 10,
  "centroid_vector": [
    0.5346651077270508,
    0.5193594098091125,
    0.4765065312385559,
    0.5034027099609375,
    0.5160762667655945,
    0.4980830252170563,
    0.5180792212486267,
    0.5493823289871216,
    0.5248567461967468,
    0.5187207460403442,
    0.4872713088989258,
    0.5382490158081055,
    0.5006480813026428,
    0.4651096761226654,
    0.5475976467132568,
    0.5011696815490723,
    0.47907018661499023,
    0.4957321584224701,
    0.5181445479393005,
    0.5173867344856262,
    0.5235061645507812,
    0.5472074747085571,
    0.5833014845848083,
    0.5291963219642639,
    0.4993289113044739,
    0.573744535446167,
    0.5460222363471985,
    0.522400975227356,
    0.5844082832336426,
    0.5139451026916504,
    0.5953381061553955,
    0.6521408557891846,
    0.5833818912506104,
    0.5884833931922913,
    0.538192629814148,
    0.5770551562309265,
    0.5898835062980652,
    0.5930577516555786,
    0.5272343158721924,
    0.5596725940704346,
    0.5171468257904053,
    0.48051151633262634,
    0.4879559874534607,
    0.5649935007095337,
    0.615899920463562,
    0.5205978751182556,
    0.49898648262023926,
    0.5138465762138367,
    0.4895761013031006,
    0.53806072473526,
    0.5065513849258423,
    0.5019319653511047,
    0.5219999551773071,
    0.6575599908828735,
    0.3360064625740051,
    0.04186299815773964,
    -1.042893648147583,
    0.7040948867797852,
    0.07426569610834122,
    0.13894779980182648,
    0.1015448123216629,
    0.06195429712533951,
    -0.006573998834937811,
    0.07615360617637634,
    -0.0402120016515255,
    0.07505740225315094,
    0.011865800246596336,
    0.05982769653201103,
    0.009993900544941425,
    0.04756670072674751,
    0.014380298554897308,
    0.04553840309381485,
    -0.021270498633384705,
    0.04598670080304146,
    -0.002871799748390913,
    0.029466500505805016,
    0.25858157873153687,
    0.4302000105381012,
    0.304450124502182,
    0.07474000751972198,
    0.7425600290298462,
    0.018540000542998314,
    0.16419000923633575
  ],
  "spread_vector": [
    0.017692793160676956,
    0.023814711719751358,
    0.01837681233882904,
    0.01756773330271244,
    0.026347028091549873,
    0.01510782539844513,
    0.0233025923371315,
    0.022417299449443817,
    0.027033530175685883,
    0.02347237430512905,
    0.00844549760222435,
    0.025404173880815506,
    0.018575113266706467,
    0.022942526265978813,
    0.023548327386379242,
    0.022559326142072678,
    0.020464666187763214,
    0.018566211685538292,
    0.015207130461931229,
    0.017914103344082832,
    0.019994031637907028,
    0.017048265784978867,
    0.01850847154855728,
    0.018338151276111603,
    0.015067963860929012,
    0.021091559901833534,
    0.021671166643500328,
    0.015500027686357498,
    0.02085139788687229,
    0.026691557839512825,
    0.01491092424839735,
    0.03000914491713047,
    0.020747261121869087,
    0.018422577530145645,
    0.019284293055534363,
    0.014490037225186825,
    0.023383701220154762,
    0.034388892352581024,
    0.015590900555253029,
    0.019948549568653107,
    0.011014026589691639,
    0.020655542612075806,
    0.020891675725579262,
    0.024412889033555984,
    0.015279467217624187,
    0.03229185566306114,
    0.014205029234290123,
    0.02257555164396763,
    0.02180616371333599,
    0.0219067744910717,
    0.024730440229177475,
    0.016463061794638634,
    0.08917319029569626,
    0.1325836330652237,
    0.07000723481178284,
    0.024340124800801277,
    0.3777046203613281,
    0.1872107982635498,
    0.10195045918226242,
    0.08919742703437805,
    0.06735225766897202,
    0.05876859277486801,
    0.055649418383836746,
    0.05326442793011665,
    0.07681378722190857,
    0.0471823625266552,
    0.03863748908042908,
    0.04963668808341026,
    0.03149602189660072,
    0.0281099583953619,
    0.03322640433907509,
    0.029384249821305275,
    0.03345131129026413,
    0.023335909470915794,
    0.01945606991648674,
    0.022425327450037003,
    0.08218464255332947,
    0.051099516451358795,
    0.09073323756456375,
    0.063929483294487,
    0.18281644582748413,
    0.015608921647071838,
    0.11357557773590088
  ],
  "vector_dim": 83,
  "tempo": {
    "bpm_mean": 123.5,
    "bpm_std": 14.3,
    "bpm_min": 103.4,
    "bpm_max": 152.0,
    "bpm_median": 126.1
  },
  "key": {
    "top_key": "D minor",
    "distribution": {
      "D minor": 0.2,
      "C# minor": 0.2,
      "C major": 0.1,
      "D# minor": 0.1,
      "C minor": 0.1,
      "A# major": 0.1,
      "F minor": 0.1,
      "F# minor": 0.1
    }
  },
  "signature_tags": [
    {
      "tag": "lo-fi hip hop with warm textures",
      "avg_score": 0.6622,
      "frequency": 1.0
    },
    {
      "tag": "minimalist sparse production",
      "avg_score": 0.6264,
      "frequency": 1.0
    }
  ],
  "tag_averages": {
    "lo-fi hip hop with warm textures": 0.6622,
    "minimalist sparse production": 0.6264,
    "drill beat with sliding 808s": 0.5982,
    "uplifting and triumphant feel": 0.5717,
    "trap beat with rolling hi-hats": 0.5877,
    "hype and energetic mood": 0.5808,
    "soul sample with vinyl warmth": 0.5967,
    "afrobeat rhythmic percussion": 0.5884,
    "rage beat with distorted synths": 0.5781,
    "pluggnb melodic beat": 0.5902,
    "R&B smooth instrumental": 0.5951,
    "triplet hi-hat flow": 0.5689,
    "synth pad atmosphere": 0.5598,
    "mysterious and suspenseful mood": 0.5539,
    "choir and vocal chops": 0.5616,
    "mid-tempo groove": 0.561,
    "chill and relaxed vibes": 0.5714,
    "acoustic drum kit": 0.556,
    "jersey club with fast kicks": 0.5557,
    "ethereal and dreamy atmosphere": 0.5725,
    "808 bass with heavy sub frequencies": 0.5529
  },
  "spectral": {
    "centroid_mean": 2688.1,
    "centroid_std": 560.1,
    "flatness_mean": 0.041863
  },
  "energy": {
    "rms_mean": 0.258582,
    "rms_std": 0.082185
  },
  "rhythm": {
    "onset_density_mean": 4.3,
    "onset_density_std": 0.51
  },
  "stems": {
    "drums": {
      "mix_ratio_mean": 0.0747,
      "mix_ratio_std": 0.0639
    },
    "bass": {
      "mix_ratio_mean": 0.7426,
      "mix_ratio_std": 0.1828
    },
    "other": {
      "mix_ratio_mean": 0.0185,
      "mix_ratio_std": 0.0156
    },
    "vocals": {
      "mix_ratio_mean": 0.1642,
      "mix_ratio_std": 0.1136
    }
  },
  "created_at": "2026-03-26T23:40:11Z",
  "meta": {
    "processing_time_sec": 1122.1,
    "tracks_profiled": 10,
    "tracks_attempted": 10
  }
}