{
  "artist": "wizkid",
  "track_count": 9,
  "centroid_vector": [
    0.05192798003554344,
    0.050859399139881134,
    0.046537574380636215,
    0.051963645964860916,
    0.05302739888429642,
    0.04806901142001152,
    0.05364493653178215,
    0.05544685944914818,
    0.05157165601849556,
    0.05434448644518852,
    0.04823051765561104,
    0.05289093777537346,
    0.048177774995565414,
    0.048810627311468124,
    0.055001139640808105,
    0.05007964000105858,
    0.047624316066503525,
    0.04900061711668968,
    0.05063288286328316,
    0.04949580505490303,
    0.05320712551474571,
    0.05609765276312828,
    0.05923330783843994,
    0.053342461585998535,
    0.04960827901959419,
    0.05803680419921875,
    0.05428780987858772,
    0.05229635909199715,
    0.05825703963637352,
    0.04979163780808449,
    0.06079007312655449,
    0.06321398168802261,
    0.059877850115299225,
    0.06198582798242569,
    0.05290944501757622,
    0.05632010102272034,
    0.0608225055038929,
    0.05824093893170357,
    0.05380740761756897,
    0.05806518718600273,
    0.05284663662314415,
    0.047830741852521896,
    0.04912301525473595,
    0.056525565683841705,
    0.06309916824102402,
    0.05216750130057335,
    0.04898367449641228,
    0.05215179920196533,
    0.04776626452803612,
    0.053106315433979034,
    0.04946089908480644,
    0.05010802671313286,
    4.363889217376709,
    2.9324445724487305,
    1.0256611108779907,
    0.0972839966416359,
    -6.828786849975586,
    5.9194440841674805,
    0.8569313287734985,
    1.1679846048355103,
    0.3014340102672577,
    0.4261166453361511,
    -0.15917666256427765,
    0.13649334013462067,
    -0.4328966438770294,
    0.10879532992839813,
    -0.11041000485420227,
    -0.026125330477952957,
    -0.1763826608657837,
    -0.010917335748672485,
    -0.11851398646831512,
    0.06023932993412018,
    -0.21461999416351318,
    0.031124001368880272,
    -0.0808713361620903,
    0.008170666173100471,
    1.1246451139450073,
    2.24733304977417,
    1.5107035636901855,
    0.0,
    0.0,
    0.0,
    0.0
  ],
  "spread_vector": [
    0.0012390465708449483,
    0.0013354861875995994,
    0.0009231111034750938,
    0.0017241844907402992,
    0.001872611464932561,
    0.0015741372480988503,
    0.0013858856400474906,
    0.0010638691019266844,
    0.0009284709813073277,
    0.0021637186873704195,
    0.0013970633735880256,
    0.004286444745957851,
    0.001261920086108148,
    0.002151310443878174,
    0.002444218611344695,
    0.0025542795192450285,
    0.0019730394706130028,
    0.0016213415656238794,
    0.0012261810479685664,
    0.0022565473336726427,
    0.001718108425848186,
    0.0020775177981704473,
    0.0015991745749488473,
    0.0014457710785791278,
    0.0016689690528437495,
    0.0011185603216290474,
    0.001535883522592485,
    0.001151177566498518,
    0.0023221950978040695,
    0.002704938640818,
    0.002083582105115056,
    0.0028834075201302767,
    0.002758515765890479,
    0.0038272065576165915,
    0.0025953049771487713,
    0.001849092193879187,
    0.001622194773517549,
    0.003514897543936968,
    0.0019066868117079139,
    0.0019480057526379824,
    0.0015878670383244753,
    0.0020994467195123434,
    0.0014496928779408336,
    0.0014618717832490802,
    0.002270180732011795,
    0.0019412776455283165,
    0.0017508127493783832,
    0.0024982274044305086,
    0.001719613210298121,
    0.00185593927744776,
    0.0029167437460273504,
    0.0013944882666692138,
    1.4135353565216064,
    0.5340312719345093,
    0.16500984132289886,
    0.04662773385643959,
    1.3384978771209717,
    0.8272678852081299,
    0.40412652492523193,
    0.31018590927124023,
    0.2975956201553345,
    0.33824655413627625,
    0.29226577281951904,
    0.28208085894584656,
    0.25297266244888306,
    0.19090476632118225,
    0.17746436595916748,
    0.1819181889295578,
    0.21025332808494568,
    0.2042095959186554,
    0.23194943368434906,
    0.211960107088089,
    0.17119435966014862,
    0.07789848744869232,
    0.2339826375246048,
    0.1494421660900116,
    0.1720087081193924,
    0.24973765015602112,
    0.6000715494155884,
    0.0,
    0.0,
    0.0,
    0.0
  ],
  "vector_dim": 83,
  "tempo": {
    "bpm_mean": 127.3,
    "bpm_std": 28.3,
    "bpm_min": 99.4,
    "bpm_max": 198.8,
    "bpm_median": 117.5
  },
  "key": {
    "top_key": "F# minor",
    "distribution": {
      "F# minor": 0.333,
      "F minor": 0.222,
      "D minor": 0.222,
      "G# major": 0.111,
      "B minor": 0.111
    }
  },
  "signature_tags": [
    {
      "tag": "lo-fi hip hop with warm textures",
      "avg_score": 0.6401,
      "frequency": 1.0
    },
    {
      "tag": "minimalist sparse production",
      "avg_score": 0.6264,
      "frequency": 1.0
    },
    {
      "tag": "afrobeat rhythmic percussion",
      "avg_score": 0.6172,
      "frequency": 1.0
    },
    {
      "tag": "pluggnb melodic beat",
      "avg_score": 0.6136,
      "frequency": 1.0
    },
    {
      "tag": "drill beat with sliding 808s",
      "avg_score": 0.6098,
      "frequency": 1.0
    },
    {
      "tag": "R&B smooth instrumental",
      "avg_score": 0.6056,
      "frequency": 1.0
    },
    {
      "tag": "soul sample with vinyl warmth",
      "avg_score": 0.6024,
      "frequency": 0.89
    },
    {
      "tag": "hype and energetic mood",
      "avg_score": 0.6011,
      "frequency": 1.0
    }
  ],
  "tag_averages": {
    "afrobeat rhythmic percussion": 0.6172,
    "lo-fi hip hop with warm textures": 0.6401,
    "minimalist sparse production": 0.6264,
    "pluggnb melodic beat": 0.6136,
    "drill beat with sliding 808s": 0.6098,
    "soul sample with vinyl warmth": 0.6024,
    "trap beat with rolling hi-hats": 0.5833,
    "hype and energetic mood": 0.6011,
    "R&B smooth instrumental": 0.6056,
    "mid-tempo groove": 0.5753,
    "uplifting and triumphant feel": 0.5861,
    "acoustic drum kit": 0.5821,
    "rage beat with distorted synths": 0.5765,
    "triplet hi-hat flow": 0.5712,
    "choir and vocal chops": 0.5906,
    "synth pad atmosphere": 0.5562,
    "chill and relaxed vibes": 0.5696,
    "flute melody": 0.5416,
    "mysterious and suspenseful mood": 0.5322,
    "synthesizer lead melody": 0.5454
  },
  "spectral": {
    "centroid_mean": 2051.3,
    "centroid_std": 330.0,
    "flatness_mean": 0.024321
  },
  "energy": {
    "rms_mean": 0.224929,
    "rms_std": 0.034402
  },
  "rhythm": {
    "onset_density_mean": 3.75,
    "onset_density_std": 0.42
  },
  "stems": null,
  "created_at": "2026-03-26T01:01:44Z",
  "meta": {
    "processing_time_sec": 37.2,
    "tracks_profiled": 9,
    "tracks_attempted": 9
  }
}