{
  "artist": "Yeat",
  "track_count": 20,
  "centroid_vector": [
    0.05365953966975212,
    0.051245834678411484,
    0.0470489077270031,
    0.050808537751436234,
    0.051550354808568954,
    0.050305094569921494,
    0.05317414924502373,
    0.05727121978998184,
    0.05332793667912483,
    0.051652055233716965,
    0.04957656189799309,
    0.05308760330080986,
    0.049787502735853195,
    0.04707932099699974,
    0.054284799844026566,
    0.04871967062354088,
    0.04789113625884056,
    0.04981079325079918,
    0.05295988544821739,
    0.051928188651800156,
    0.052689988166093826,
    0.054387737065553665,
    0.059262603521347046,
    0.05410663038492203,
    0.050077952444553375,
    0.05902604013681412,
    0.05519243702292442,
    0.05293668434023857,
    0.0577186718583107,
    0.05041579529643059,
    0.05937885120511055,
    0.06404279917478561,
    0.05771086364984512,
    0.05761781334877014,
    0.053633082658052444,
    0.05896414443850517,
    0.06014760956168175,
    0.058311235159635544,
    0.0530511811375618,
    0.05653635412454605,
    0.05241279676556587,
    0.047854986041784286,
    0.047841619700193405,
    0.056039292365312576,
    0.0620485320687294,
    0.05354734882712364,
    0.05014082416892052,
    0.0506150983273983,
    0.04978716000914574,
    0.05441857501864433,
    0.049587976187467575,
    0.050134915858507156,
    4.732249736785889,
    2.7086000442504883,
    1.1195898056030273,
    0.06336300075054169,
    -4.499834060668945,
    5.595882415771484,
    0.8686146140098572,
    1.141128659248352,
    0.8556469678878784,
    0.6249971389770508,
    0.15104788541793823,
    0.6904008388519287,
    -0.2823050618171692,
    0.6429437398910522,
    0.010419297963380814,
    0.29119589924812317,
    0.1408211886882782,
    0.2104734182357788,
    0.12801779806613922,
    0.2463306188583374,
    0.022949401289224625,
    0.1886729896068573,
    0.13676849007606506,
    0.20238210260868073,
    1.596515417098999,
    2.583899974822998,
    2.1603660583496094,
    0.0,
    0.0,
    0.0,
    0.0
  ],
  "spread_vector": [
    0.0019067494431510568,
    0.002591766882687807,
    0.0019703712314367294,
    0.0035927051212638617,
    0.0032676816917955875,
    0.001526397536508739,
    0.003026163438335061,
    0.003664592048153281,
    0.003396903397515416,
    0.0037144881207495928,
    0.003447503549978137,
    0.0033673576544970274,
    0.0017551927594467998,
    0.003452687757089734,
    0.0023560968693345785,
    0.002022662665694952,
    0.0030467736069113016,
    0.0018914624815806746,
    0.0030414180364459753,
    0.0023182067088782787,
    0.003737442195415497,
    0.003154235426336527,
    0.0026949148159474134,
    0.004288464318960905,
    0.0034908687230199575,
    0.0032567293383181095,
    0.003385458840057254,
    0.0017339496407657862,
    0.002902369713410735,
    0.002806658623740077,
    0.003102679504081607,
    0.003683869494125247,
    0.0029420063365250826,
    0.0024795716162770987,
    0.0026415286120027304,
    0.002390078967437148,
    0.002844972303137183,
    0.004331859759986401,
    0.0026703595649451017,
    0.002211382146924734,
    0.0021726256236433983,
    0.0029298614244908094,
    0.0027287162374705076,
    0.002795141888782382,
    0.0029656642582267523,
    0.0031266603618860245,
    0.0019412186229601502,
    0.0028318080585449934,
    0.003318658098578453,
    0.003285779384896159,
    0.0029169966001063585,
    0.002155950525775552,
    0.7258365154266357,
    0.6784034371376038,
    0.1961597502231598,
    0.03826526179909706,
    2.2901394367218018,
    0.8129702806472778,
    0.7861361503601074,
    0.5873506665229797,
    0.46582502126693726,
    0.2943108081817627,
    0.345027357339859,
    0.3308217525482178,
    0.3071390986442566,
    0.2371799200773239,
    0.16291293501853943,
    0.2150096893310547,
    0.21959787607192993,
    0.16911712288856506,
    0.18248066306114197,
    0.14173120260238647,
    0.14691366255283356,
    0.11578907072544098,
    0.19481593370437622,
    0.1724076271057129,
    0.4875737428665161,
    0.4499370753765106,
    1.0756912231445312,
    0.0,
    0.0,
    0.0,
    0.0
  ],
  "vector_dim": 83,
  "tempo": {
    "bpm_mean": 134.6,
    "bpm_std": 14.5,
    "bpm_min": 99.4,
    "bpm_max": 152.0,
    "bpm_median": 136.0
  },
  "key": {
    "top_key": "D# minor",
    "distribution": {
      "D# minor": 0.2,
      "E minor": 0.15,
      "C# major": 0.1,
      "C minor": 0.1,
      "G minor": 0.1,
      "C major": 0.05,
      "G# major": 0.05,
      "F# minor": 0.05,
      "C# minor": 0.05,
      "D minor": 0.05,
      "D# major": 0.05,
      "A# minor": 0.05
    }
  },
  "signature_tags": [
    {
      "tag": "lo-fi hip hop with warm textures",
      "avg_score": 0.6357,
      "frequency": 1.0
    },
    {
      "tag": "minimalist sparse production",
      "avg_score": 0.6065,
      "frequency": 1.0
    }
  ],
  "tag_averages": {
    "lo-fi hip hop with warm textures": 0.6357,
    "minimalist sparse production": 0.6065,
    "drill beat with sliding 808s": 0.594,
    "soul sample with vinyl warmth": 0.5795,
    "R&B smooth instrumental": 0.5742,
    "trap beat with rolling hi-hats": 0.5739,
    "pluggnb melodic beat": 0.5907,
    "afrobeat rhythmic percussion": 0.5715,
    "hype and energetic mood": 0.5824,
    "rage beat with distorted synths": 0.5846,
    "triplet hi-hat flow": 0.56,
    "uplifting and triumphant feel": 0.5758,
    "synth pad atmosphere": 0.5678,
    "chill and relaxed vibes": 0.58,
    "mid-tempo groove": 0.551,
    "ethereal and dreamy atmosphere": 0.6055,
    "lo-fi dusty texture": 0.5781,
    "synthesizer lead melody": 0.5685,
    "mysterious and suspenseful mood": 0.5582,
    "melodic and emotional feel": 0.605,
    "piano melody": 0.5917,
    "dark and ominous mood": 0.5965,
    "orchestral strings": 0.5711,
    "bell sounds and chimes": 0.5936,
    "layered and dense arrangement": 0.5547,
    "jersey club with fast kicks": 0.5568,
    "808 bass with heavy sub frequencies": 0.546,
    "choir and vocal chops": 0.5696,
    "boom bap with chopped samples": 0.5482,
    "playful and bouncy energy": 0.5412,
    "acoustic drum kit": 0.5404
  },
  "spectral": {
    "centroid_mean": 2239.2,
    "centroid_std": 392.3,
    "flatness_mean": 0.015841
  },
  "energy": {
    "rms_mean": 0.319303,
    "rms_std": 0.097515
  },
  "rhythm": {
    "onset_density_mean": 4.31,
    "onset_density_std": 0.75
  },
  "stems": null,
  "created_at": "2026-03-26T00:02:34Z",
  "meta": {
    "processing_time_sec": 70.3,
    "tracks_profiled": 20,
    "tracks_attempted": 20
  }
}