{
  "artist": "Young Thug",
  "track_count": 20,
  "centroid_vector": [
    0.05167388916015625,
    0.05171765759587288,
    0.04698163643479347,
    0.05010661110281944,
    0.05094392970204353,
    0.04879891499876976,
    0.05106310173869133,
    0.05394834280014038,
    0.05154763534665108,
    0.05116278678178787,
    0.04839467629790306,
    0.05433471128344536,
    0.048899780958890915,
    0.04599353298544884,
    0.054461460560560226,
    0.050933707505464554,
    0.047910865396261215,
    0.04950076714158058,
    0.05106852203607559,
    0.05180579051375389,
    0.05165375396609306,
    0.053546588867902756,
    0.058063965290784836,
    0.05221420153975487,
    0.04912690445780754,
    0.05667850375175476,
    0.05378428101539612,
    0.05223831161856651,
    0.05826076492667198,
    0.05190437659621239,
    0.05853959545493126,
    0.0643068477511406,
    0.05731135606765747,
    0.058281123638153076,
    0.05439761281013489,
    0.05739014968276024,
    0.0582522414624691,
    0.058641135692596436,
    0.05243701487779617,
    0.05561283975839615,
    0.05203475430607796,
    0.048445116728544235,
    0.049159761518239975,
    0.05614403635263443,
    0.060699235647916794,
    0.051892053335905075,
    0.04934588447213173,
    0.05125457048416138,
    0.048881646245718,
    0.05297025665640831,
    0.05089754983782768,
    0.04976795241236687,
    3.971750259399414,
    3.2835748195648193,
    1.1866456270217896,
    0.14184099435806274,
    -6.668519496917725,
    5.174820899963379,
    0.6533900499343872,
    0.9328100681304932,
    0.34558922052383423,
    0.3318560719490051,
    -0.197448268532753,
    0.33223289251327515,
    -0.1422680914402008,
    0.29710352420806885,
    -0.02038920670747757,
    0.23414522409439087,
    0.09535831212997437,
    0.16802039742469788,
    0.05128020420670509,
    0.28674596548080444,
    -0.143417090177536,
    0.24961741268634796,
    -0.08771009743213654,
    0.04571850597858429,
    1.1207932233810425,
    2.2664999961853027,
    1.8132601976394653,
    0.0,
    0.0,
    0.0,
    0.0
  ],
  "spread_vector": [
    0.0024977922439575195,
    0.0027221532072871923,
    0.0020734607242047787,
    0.0022012556437402964,
    0.002159157767891884,
    0.0023768532555550337,
    0.0023830479476600885,
    0.0030487615149468184,
    0.0019200630486011505,
    0.002084854058921337,
    0.0013517349725589156,
    0.004229685291647911,
    0.0018922319868579507,
    0.002492849715054035,
    0.002342632506042719,
    0.001974425045773387,
    0.0023464502301067114,
    0.001789514790289104,
    0.002062578685581684,
    0.0022875142749398947,
    0.0030290887225419283,
    0.0028855109121650457,
    0.0025913980789482594,
    0.0023784441873431206,
    0.0020723275374621153,
    0.0019258102402091026,
    0.0021166312508285046,
    0.0016574672190472484,
    0.002906712470576167,
    0.0029935676138848066,
    0.0035429433919489384,
    0.004531107377260923,
    0.0034399384167045355,
    0.002301747677847743,
    0.0027049656491726637,
    0.0030488024931401014,
    0.003275752067565918,
    0.004615711513906717,
    0.002268201904371381,
    0.0021975801791995764,
    0.002145752077922225,
    0.003397643566131592,
    0.002210022183135152,
    0.0030578875448554754,
    0.003392525017261505,
    0.003099806373938918,
    0.0019497100729495287,
    0.0029249254148453474,
    0.0028308837208896875,
    0.002869694260880351,
    0.0030332047026604414,
    0.0017135778907686472,
    1.1549948453903198,
    0.7038630247116089,
    0.2197582870721817,
    0.052645664662122726,
    2.467008352279663,
    1.0485645532608032,
    0.630649983882904,
    0.39707446098327637,
    0.41494613885879517,
    0.33243328332901,
    0.25944748520851135,
    0.31999900937080383,
    0.290075421333313,
    0.2836461663246155,
    0.23930644989013672,
    0.24512067437171936,
    0.18057039380073547,
    0.1771705597639084,
    0.15251459181308746,
    0.16372251510620117,
    0.1599283218383789,
    0.154013991355896,
    0.16943974792957306,
    0.13741642236709595,
    0.36400291323661804,
    0.36039918661117554,
    0.49515849351882935,
    0.0,
    0.0,
    0.0,
    0.0
  ],
  "vector_dim": 83,
  "tempo": {
    "bpm_mean": 119.4,
    "bpm_std": 23.1,
    "bpm_min": 80.7,
    "bpm_max": 152.0,
    "bpm_median": 120.8
  },
  "key": {
    "top_key": "G minor",
    "distribution": {
      "G minor": 0.25,
      "C# minor": 0.2,
      "D minor": 0.1,
      "C major": 0.1,
      "F minor": 0.1,
      "F# major": 0.05,
      "A minor": 0.05,
      "G# minor": 0.05,
      "C# major": 0.05,
      "C minor": 0.05
    }
  },
  "signature_tags": [
    {
      "tag": "lo-fi hip hop with warm textures",
      "avg_score": 0.6515,
      "frequency": 1.0
    },
    {
      "tag": "minimalist sparse production",
      "avg_score": 0.6164,
      "frequency": 1.0
    }
  ],
  "tag_averages": {
    "lo-fi hip hop with warm textures": 0.6515,
    "minimalist sparse production": 0.6164,
    "pluggnb melodic beat": 0.5966,
    "drill beat with sliding 808s": 0.5983,
    "R&B smooth instrumental": 0.5867,
    "hype and energetic mood": 0.5898,
    "uplifting and triumphant feel": 0.5811,
    "rage beat with distorted synths": 0.5825,
    "soul sample with vinyl warmth": 0.5978,
    "afrobeat rhythmic percussion": 0.5861,
    "trap beat with rolling hi-hats": 0.5839,
    "mid-tempo groove": 0.5657,
    "acoustic drum kit": 0.5603,
    "synth pad atmosphere": 0.5582,
    "chill and relaxed vibes": 0.5567,
    "triplet hi-hat flow": 0.5685,
    "crisp hi-hat patterns": 0.5323,
    "vinyl crackle and texture": 0.5235,
    "808 bass with heavy sub frequencies": 0.5013,
    "finger snaps and claps": 0.5007,
    "lo-fi dusty texture": 0.5343,
    "mysterious and suspenseful mood": 0.5587,
    "choir and vocal chops": 0.5873,
    "jersey club with fast kicks": 0.5666,
    "orchestral strings": 0.5748,
    "layered and dense arrangement": 0.5778,
    "flute melody": 0.5774
  },
  "spectral": {
    "centroid_mean": 2373.3,
    "centroid_std": 439.5,
    "flatness_mean": 0.03546
  },
  "energy": {
    "rms_mean": 0.224159,
    "rms_std": 0.072801
  },
  "rhythm": {
    "onset_density_mean": 3.78,
    "onset_density_std": 0.6
  },
  "stems": null,
  "created_at": "2026-03-25T23:56:48Z",
  "meta": {
    "processing_time_sec": 99.2,
    "tracks_profiled": 20,
    "tracks_attempted": 20
  }
}